#### log(omega_b) integral_value
-7.602059991327963 -0.249999994746706
-7.599005516747305 -0.249999994709628
-7.595951042166648 -0.249999994672289
-7.592896567585991 -0.249999994634686
-7.589842093005334 -0.249999994596818
-7.586787618424677 -0.249999994558682
-7.583733143844020 -0.249999994520278
-7.580678669263363 -0.249999994481602
-7.577624194682706 -0.249999994442653
-7.574569720102049 -0.249999994403430
-7.571515245521391 -0.249999994363929
-7.568460770940734 -0.249999994324150
-7.565406296360077 -0.249999994284090
-7.562351821779420 -0.249999994243747
-7.559297347198763 -0.249999994203119
-7.556242872618106 -0.249999994162205
-7.553188398037449 -0.249999994121002
-7.550133923456792 -0.249999994079508
-7.547079448876135 -0.249999994037722
-7.544024974295477 -0.249999993995640
-7.540970499714820 -0.249999993953261
-7.537916025134163 -0.249999993910584
-7.534861550553506 -0.249999993867605
-7.531807075972849 -0.249999993824322
-7.528752601392192 -0.249999993780735
-7.525698126811536 -0.249999993736839
-7.522643652230879 -0.249999993692634
-7.519589177650222 -0.249999993648117
-7.516534703069564 -0.249999993603285
-7.513480228488907 -0.249999993558137
-7.510425753908250 -0.249999993512671
-7.507371279327593 -0.249999993466883
-7.504316804746936 -0.249999993420773
-7.501262330166279 -0.249999993374337
-7.498207855585622 -0.249999993327573
-7.495153381004965 -0.249999993280479
-7.492098906424308 -0.249999993233053
-7.489044431843650 -0.249999993185292
-7.485989957262993 -0.249999993137194
-7.482935482682336 -0.249999993088756
-7.479881008101679 -0.249999993039977
-7.476826533521022 -0.249999992990853
-7.473772058940365 -0.249999992941383
-7.470717584359708 -0.249999992891563
-7.467663109779051 -0.249999992841392
-7.464608635198394 -0.249999992790867
-7.461554160617736 -0.249999992739985
-7.458499686037079 -0.249999992688744
-7.455445211456422 -0.249999992637141
-7.452390736875765 -0.249999992585174
-7.449336262295108 -0.249999992532841
-7.446281787714451 -0.249999992480137
-7.443227313133794 -0.249999992427063
-7.440172838553137 -0.249999992373613
-7.437118363972480 -0.249999992319786
-7.434063889391822 -0.249999992265579
-7.431009414811165 -0.249999992210990
-7.427954940230508 -0.249999992156015
-7.424900465649851 -0.249999992100653
-7.421845991069194 -0.249999992044899
-7.418791516488537 -0.249999991988752
-7.415737041907880 -0.249999991932209
-7.412682567327223 -0.249999991875267
-7.409628092746566 -0.249999991817923
-7.406573618165909 -0.249999991760174
-7.403519143585251 -0.249999991702017
-7.400464669004594 -0.249999991643450
-7.397410194423937 -0.249999991584470
-7.394355719843280 -0.249999991525073
-7.391301245262623 -0.249999991465257
-7.388246770681966 -0.249999991405019
-7.385192296101309 -0.249999991344356
-7.382137821520653 -0.249999991283265
-7.379083346939995 -0.249999991221742
-7.376028872359338 -0.249999991159786
-7.372974397778681 -0.249999991097391
-7.369919923198024 -0.249999991034557
-7.366865448617367 -0.249999990971279
-7.363810974036710 -0.249999990907555
-7.360756499456053 -0.249999990843380
-7.357702024875396 -0.249999990778753
-7.354647550294739 -0.249999990713670
-7.351593075714081 -0.249999990648127
-7.348538601133424 -0.249999990582122
-7.345484126552767 -0.249999990515651
-7.342429651972110 -0.249999990448710
-7.339375177391453 -0.249999990381298
-7.336320702810796 -0.249999990313409
-7.333266228230139 -0.249999990245041
-7.330211753649482 -0.249999990176191
-7.327157279068825 -0.249999990106855
-7.324102804488168 -0.249999990037029
-7.321048329907510 -0.249999989966711
-7.317993855326853 -0.249999989895896
-7.314939380746196 -0.249999989824582
-7.311884906165539 -0.249999989752764
-7.308830431584882 -0.249999989680439
-7.305775957004225 -0.249999989607604
-7.302721482423568 -0.249999989534255
-7.299667007842911 -0.249999989460388
-7.296612533262254 -0.249999989385999
-7.293558058681596 -0.249999989311086
-7.290503584100939 -0.249999989235644
-7.287449109520282 -0.249999989159669
-7.284394634939625 -0.249999989083158
-7.281340160358968 -0.249999989006108
-7.278285685778311 -0.249999988928513
-7.275231211197654 -0.249999988850371
-7.272176736616997 -0.249999988771677
-7.269122262036340 -0.249999988692428
-7.266067787455682 -0.249999988612619
-7.263013312875025 -0.249999988532247
-7.259958838294368 -0.249999988451308
-7.256904363713711 -0.249999988369798
-7.253849889133054 -0.249999988287712
-7.250795414552397 -0.249999988205047
-7.247740939971740 -0.249999988121798
-7.244686465391083 -0.249999988037962
-7.241631990810426 -0.249999987953535
-7.238577516229769 -0.249999987868511
-7.235523041649111 -0.249999987782887
-7.232468567068455 -0.249999987696659
-7.229414092487798 -0.249999987609823
-7.226359617907141 -0.249999987522373
-7.223305143326484 -0.249999987434306
-7.220250668745827 -0.249999987345618
-7.217196194165170 -0.249999987256303
-7.214141719584513 -0.249999987166359
-7.211087245003855 -0.249999987075779
-7.208032770423198 -0.249999986984560
-7.204978295842541 -0.249999986892698
-7.201923821261884 -0.249999986800187
-7.198869346681227 -0.249999986707023
-7.195814872100570 -0.249999986613201
-7.192760397519913 -0.249999986518718
-7.189705922939256 -0.249999986423567
-7.186651448358599 -0.249999986327745
-7.183596973777941 -0.249999986231247
-7.180542499197284 -0.249999986134067
-7.177488024616627 -0.249999986036202
-7.174433550035970 -0.249999985937645
-7.171379075455313 -0.249999985838394
-7.168324600874656 -0.249999985738441
-7.165270126293999 -0.249999985637784
-7.162215651713342 -0.249999985536416
-7.159161177132685 -0.249999985434332
-7.156106702552028 -0.249999985331528
-7.153052227971370 -0.249999985227998
-7.149997753390713 -0.249999985123738
-7.146943278810056 -0.249999985018741
-7.143888804229399 -0.249999984913004
-7.140834329648742 -0.249999984806520
-7.137779855068085 -0.249999984699285
-7.134725380487428 -0.249999984591293
-7.131670905906771 -0.249999984482539
-7.128616431326114 -0.249999984373017
-7.125561956745456 -0.249999984262722
-7.122507482164799 -0.249999984151649
-7.119453007584142 -0.249999984039792
-7.116398533003485 -0.249999983927145
-7.113344058422828 -0.249999983813703
-7.110289583842171 -0.249999983699461
-7.107235109261514 -0.249999983584412
-7.104180634680857 -0.249999983468551
-7.101126160100200 -0.249999983351873
-7.098071685519542 -0.249999983234371
-7.095017210938886 -0.249999983116039
-7.091962736358228 -0.249999982996873
-7.088908261777572 -0.249999982876865
-7.085853787196914 -0.249999982756010
-7.082799312616258 -0.249999982634303
-7.079744838035601 -0.249999982511736
-7.076690363454944 -0.249999982388305
-7.073635888874287 -0.249999982264002
-7.070581414293629 -0.249999982138821
-7.067526939712972 -0.249999982012758
-7.064472465132315 -0.249999981885804
-7.061417990551658 -0.249999981757955
-7.058363515971001 -0.249999981629203
-7.055309041390344 -0.249999981499542
-7.052254566809687 -0.249999981368967
-7.049200092229030 -0.249999981237469
-7.046145617648373 -0.249999981105044
-7.043091143067715 -0.249999980971684
-7.040036668487058 -0.249999980837382
-7.036982193906401 -0.249999980702133
-7.033927719325744 -0.249999980565929
-7.030873244745087 -0.249999980428764
-7.027818770164430 -0.249999980290631
-7.024764295583773 -0.249999980151523
-7.021709821003116 -0.249999980011433
-7.018655346422459 -0.249999979870354
-7.015600871841801 -0.249999979728280
-7.012546397261144 -0.249999979585202
-7.009491922680487 -0.249999979441115
-7.006437448099830 -0.249999979296011
-7.003382973519173 -0.249999979149883
-7.000328498938516 -0.249999979002723
-6.997274024357859 -0.249999978854525
-6.994219549777202 -0.249999978705281
-6.991165075196545 -0.249999978554984
-6.988110600615888 -0.249999978403625
-6.985056126035230 -0.249999978251199
-6.982001651454573 -0.249999978097696
-6.978947176873916 -0.249999977943110
-6.975892702293259 -0.249999977787433
-6.972838227712602 -0.249999977630658
-6.969783753131945 -0.249999977472776
-6.966729278551288 -0.249999977313779
-6.963674803970631 -0.249999977153660
-6.960620329389974 -0.249999976992412
-6.957565854809316 -0.249999976830025
-6.954511380228659 -0.249999976666492
-6.951456905648003 -0.249999976501804
-6.948402431067345 -0.249999976335955
-6.945347956486689 -0.249999976168935
-6.942293481906031 -0.249999976000736
-6.939239007325375 -0.249999975831350
-6.936184532744718 -0.249999975660768
-6.933130058164060 -0.249999975488982
-6.930075583583403 -0.249999975315984
-6.927021109002746 -0.249999975141765
-6.923966634422089 -0.249999974966317
-6.920912159841432 -0.249999974789629
-6.917857685260775 -0.249999974611695
-6.914803210680118 -0.249999974432506
-6.911748736099461 -0.249999974252051
-6.908694261518804 -0.249999974070323
-6.905639786938147 -0.249999973887312
-6.902585312357489 -0.249999973703009
-6.899530837776832 -0.249999973517406
-6.896476363196175 -0.249999973330492
-6.893421888615518 -0.249999973142260
-6.890367414034861 -0.249999972952699
-6.887312939454204 -0.249999972761800
-6.884258464873547 -0.249999972569553
-6.881203990292890 -0.249999972375950
-6.878149515712233 -0.249999972180980
-6.875095041131575 -0.249999971984634
-6.872040566550918 -0.249999971786903
-6.868986091970261 -0.249999971587776
-6.865931617389604 -0.249999971387243
-6.862877142808947 -0.249999971185295
-6.859822668228290 -0.249999970981922
-6.856768193647633 -0.249999970777113
-6.853713719066976 -0.249999970570859
-6.850659244486319 -0.249999970363149
-6.847604769905661 -0.249999970153973
-6.844550295325004 -0.249999969943321
-6.841495820744347 -0.249999969731181
-6.838441346163690 -0.249999969517545
-6.835386871583033 -0.249999969302401
-6.832332397002376 -0.249999969085738
-6.829277922421719 -0.249999968867546
-6.826223447841062 -0.249999968647814
-6.823168973260405 -0.249999968426532
-6.820114498679748 -0.249999968203687
-6.817060024099090 -0.249999967979270
-6.814005549518433 -0.249999967753268
-6.810951074937776 -0.249999967525672
-6.807896600357120 -0.249999967296469
-6.804842125776462 -0.249999967065649
-6.801787651195806 -0.249999966833199
-6.798733176615148 -0.249999966599109
-6.795678702034492 -0.249999966363367
-6.792624227453834 -0.249999966125960
-6.789569752873177 -0.249999965886878
-6.786515278292520 -0.249999965646109
-6.783460803711863 -0.249999965403640
-6.780406329131206 -0.249999965159460
-6.777351854550549 -0.249999964913557
-6.774297379969892 -0.249999964665918
-6.771242905389235 -0.249999964416531
-6.768188430808578 -0.249999964165384
-6.765133956227920 -0.249999963912465
-6.762079481647263 -0.249999963657760
-6.759025007066606 -0.249999963401258
-6.755970532485949 -0.249999963142945
-6.752916057905292 -0.249999962882809
-6.749861583324635 -0.249999962620837
-6.746807108743978 -0.249999962357017
-6.743752634163321 -0.249999962091334
-6.740698159582664 -0.249999961823775
-6.737643685002006 -0.249999961554329
-6.734589210421349 -0.249999961282981
-6.731534735840692 -0.249999961009717
-6.728480261260035 -0.249999960734525
-6.725425786679378 -0.249999960457391
-6.722371312098721 -0.249999960178300
-6.719316837518064 -0.249999959897240
-6.716262362937407 -0.249999959614196
-6.713207888356750 -0.249999959329155
-6.710153413776093 -0.249999959042101
-6.707098939195435 -0.249999958753022
-6.704044464614778 -0.249999958461902
-6.700989990034121 -0.249999958168728
-6.697935515453464 -0.249999957873484
-6.694881040872807 -0.249999957576157
-6.691826566292150 -0.249999957276731
-6.688772091711493 -0.249999956975191
-6.685717617130836 -0.249999956671524
-6.682663142550179 -0.249999956365713
-6.679608667969521 -0.249999956057744
-6.676554193388864 -0.249999955747601
-6.673499718808207 -0.249999955435269
-6.670445244227550 -0.249999955120733
-6.667390769646893 -0.249999954803976
-6.664336295066237 -0.249999954484984
-6.661281820485579 -0.249999954163741
-6.658227345904923 -0.249999953840230
-6.655172871324265 -0.249999953514436
-6.652118396743608 -0.249999953186343
-6.649063922162950 -0.249999952855934
-6.646009447582294 -0.249999952523193
-6.642954973001637 -0.249999952188103
-6.639900498420980 -0.249999951850649
-6.636846023840323 -0.249999951510812
-6.633791549259666 -0.249999951168577
-6.630737074679009 -0.249999950823927
-6.627682600098352 -0.249999950476844
-6.624628125517694 -0.249999950127312
-6.621573650937037 -0.249999949775312
-6.618519176356380 -0.249999949420828
-6.615464701775723 -0.249999949063842
-6.612410227195066 -0.249999948704337
-6.609355752614409 -0.249999948342294
-6.606301278033752 -0.249999947977696
-6.603246803453095 -0.249999947610524
-6.600192328872438 -0.249999947240762
-6.597137854291780 -0.249999946868389
-6.594083379711123 -0.249999946493388
-6.591028905130466 -0.249999946115740
-6.587974430549809 -0.249999945735427
-6.584919955969152 -0.249999945352430
-6.581865481388495 -0.249999944966730
-6.578811006807838 -0.249999944578307
-6.575756532227181 -0.249999944187143
-6.572702057646524 -0.249999943793218
-6.569647583065866 -0.249999943396513
-6.566593108485209 -0.249999942997008
-6.563538633904552 -0.249999942594683
-6.560484159323895 -0.249999942189518
-6.557429684743238 -0.249999941781494
-6.554375210162581 -0.249999941370590
-6.551320735581924 -0.249999940956786
-6.548266261001267 -0.249999940540062
-6.545211786420610 -0.249999940120396
-6.542157311839953 -0.249999939697768
-6.539102837259295 -0.249999939272158
-6.536048362678638 -0.249999938843543
-6.532993888097981 -0.249999938411903
-6.529939413517324 -0.249999937977217
-6.526884938936668 -0.249999937539463
-6.523830464356010 -0.249999937098619
-6.520775989775354 -0.249999936654664
-6.517721515194696 -0.249999936207575
-6.514667040614039 -0.249999935757331
-6.511612566033381 -0.249999935303909
-6.508558091452725 -0.249999934847286
-6.505503616872067 -0.249999934387441
-6.502449142291411 -0.249999933924351
-6.499394667710753 -0.249999933457992
-6.496340193130097 -0.249999932988341
-6.493285718549439 -0.249999932515376
-6.490231243968783 -0.249999932039072
-6.487176769388125 -0.249999931559407
-6.484122294807468 -0.249999931076356
-6.481067820226811 -0.249999930589896
-6.478013345646154 -0.249999930100002
-6.474958871065497 -0.249999929606651
-6.471904396484840 -0.249999929109818
-6.468849921904183 -0.249999928609479
-6.465795447323526 -0.249999928105607
-6.462740972742869 -0.249999927598180
-6.459686498162212 -0.249999927087171
-6.456632023581554 -0.249999926572556
-6.453577549000897 -0.249999926054308
-6.450523074420240 -0.249999925532403
-6.447468599839583 -0.249999925006814
-6.444414125258926 -0.249999924477516
-6.441359650678269 -0.249999923944481
-6.438305176097612 -0.249999923407685
-6.435250701516955 -0.249999922867100
-6.432196226936298 -0.249999922322700
-6.429141752355640 -0.249999921774457
-6.426087277774983 -0.249999921222345
-6.423032803194326 -0.249999920666336
-6.419978328613669 -0.249999920106402
-6.416923854033012 -0.249999919542517
-6.413869379452355 -0.249999918974652
-6.410814904871698 -0.249999918402779
-6.407760430291041 -0.249999917826870
-6.404705955710384 -0.249999917246896
-6.401651481129726 -0.249999916662828
-6.398597006549069 -0.249999916074639
-6.395542531968412 -0.249999915482298
-6.392488057387755 -0.249999914885776
-6.389433582807098 -0.249999914285044
-6.386379108226441 -0.249999913680072
-6.383324633645785 -0.249999913070830
-6.380270159065127 -0.249999912457288
-6.377215684484471 -0.249999911839416
-6.374161209903813 -0.249999911217183
-6.371106735323156 -0.249999910590559
-6.368052260742498 -0.249999909959511
-6.364997786161842 -0.249999909324010
-6.361943311581184 -0.249999908684024
-6.358888837000528 -0.249999908039520
-6.355834362419870 -0.249999907390468
-6.352779887839214 -0.249999906736835
-6.349725413258556 -0.249999906078588
-6.346670938677899 -0.249999905415696
-6.343616464097242 -0.249999904748125
-6.340561989516585 -0.249999904075842
-6.337507514935928 -0.249999903398814
-6.334453040355271 -0.249999902717008
-6.331398565774614 -0.249999902030390
-6.328344091193957 -0.249999901338926
-6.325289616613300 -0.249999900642581
-6.322235142032643 -0.249999899941322
-6.319180667451985 -0.249999899235113
-6.316126192871328 -0.249999898523920
-6.313071718290671 -0.249999897807707
-6.310017243710014 -0.249999897086440
-6.306962769129357 -0.249999896360082
-6.303908294548700 -0.249999895628597
-6.300853819968043 -0.249999894891949
-6.297799345387386 -0.249999894150102
-6.294744870806729 -0.249999893403020
-6.291690396226072 -0.249999892650664
-6.288635921645414 -0.249999891892999
-6.285581447064757 -0.249999891129986
-6.282526972484100 -0.249999890361587
-6.279472497903443 -0.249999889587766
-6.276418023322786 -0.249999888808483
-6.273363548742129 -0.249999888023699
-6.270309074161472 -0.249999887233377
-6.267254599580815 -0.249999886437477
-6.264200125000158 -0.249999885635959
-6.261145650419500 -0.249999884828785
-6.258091175838843 -0.249999884015913
-6.255036701258186 -0.249999883197304
-6.251982226677529 -0.249999882372918
-6.248927752096872 -0.249999881542713
-6.245873277516215 -0.249999880706648
-6.242818802935558 -0.249999879864683
-6.239764328354901 -0.249999879016775
-6.236709853774244 -0.249999878162883
-6.233655379193587 -0.249999877302964
-6.230600904612929 -0.249999876436976
-6.227546430032273 -0.249999875564876
-6.224491955451615 -0.249999874686621
-6.221437480870959 -0.249999873802167
-6.218383006290301 -0.249999872911470
-6.215328531709645 -0.249999872014487
-6.212274057128987 -0.249999871111174
-6.209219582548331 -0.249999870201485
-6.206165107967673 -0.249999869285375
-6.203110633387016 -0.249999868362800
-6.200056158806359 -0.249999867433713
-6.197001684225702 -0.249999866498068
-6.193947209645045 -0.249999865555821
-6.190892735064388 -0.249999864606922
-6.187838260483731 -0.249999863651327
-6.184783785903074 -0.249999862688987
-6.181729311322417 -0.249999861719855
-6.178674836741759 -0.249999860743883
-6.175620362161102 -0.249999859761023
-6.172565887580445 -0.249999858771225
-6.169511412999788 -0.249999857774442
-6.166456938419131 -0.249999856770624
-6.163402463838474 -0.249999855759721
-6.160347989257817 -0.249999854741683
-6.157293514677160 -0.249999853716460
-6.154239040096503 -0.249999852684001
-6.151184565515845 -0.249999851644255
-6.148130090935188 -0.249999850597170
-6.145075616354531 -0.249999849542695
-6.142021141773874 -0.249999848480778
-6.138966667193217 -0.249999847411367
-6.135912192612560 -0.249999846334407
-6.132857718031903 -0.249999845249846
-6.129803243451246 -0.249999844157631
-6.126748768870589 -0.249999843057707
-6.123694294289932 -0.249999841950019
-6.120639819709274 -0.249999840834514
-6.117585345128617 -0.249999839711136
-6.114530870547960 -0.249999838579829
-6.111476395967303 -0.249999837440537
-6.108421921386646 -0.249999836293205
-6.105367446805989 -0.249999835137775
-6.102312972225332 -0.249999833974189
-6.099258497644675 -0.249999832802392
-6.096204023064018 -0.249999831622324
-6.093149548483360 -0.249999830433927
-6.090095073902704 -0.249999829237143
-6.087040599322046 -0.249999828031912
-6.083986124741390 -0.249999826818175
-6.080931650160732 -0.249999825595871
-6.077877175580076 -0.249999824364940
-6.074822700999418 -0.249999823125322
-6.071768226418762 -0.249999821876954
-6.068713751838104 -0.249999820619776
-6.065659277257447 -0.249999819353725
-6.062604802676789 -0.249999818078738
-6.059550328096133 -0.249999816794753
-6.056495853515475 -0.249999815501705
-6.053441378934819 -0.249999814199531
-6.050386904354162 -0.249999812888167
-6.047332429773505 -0.249999811567547
-6.044277955192848 -0.249999810237606
-6.041223480612190 -0.249999808898279
-6.038169006031533 -0.249999807549499
-6.035114531450876 -0.249999806191200
-6.032060056870219 -0.249999804823314
-6.029005582289562 -0.249999803445773
-6.025951107708905 -0.249999802058511
-6.022896633128248 -0.249999800661457
-6.019842158547591 -0.249999799254543
-6.016787683966934 -0.249999797837699
-6.013733209386277 -0.249999796410855
-6.010678734805619 -0.249999794973941
-6.007624260224962 -0.249999793526885
-6.004569785644305 -0.249999792069616
-6.001515311063648 -0.249999790602062
-5.998460836482991 -0.249999789124150
-5.995406361902334 -0.249999787635808
-5.992351887321677 -0.249999786136961
-5.989297412741020 -0.249999784627535
-5.986242938160363 -0.249999783107456
-5.983188463579705 -0.249999781576648
-5.980133988999048 -0.249999780035037
-5.977079514418391 -0.249999778482544
-5.974025039837734 -0.249999776919095
-5.970970565257077 -0.249999775344611
-5.967916090676420 -0.249999773759015
-5.964861616095763 -0.249999772162228
-5.961807141515106 -0.249999770554171
-5.958752666934449 -0.249999768934764
-5.955698192353791 -0.249999767303928
-5.952643717773134 -0.249999765661582
-5.949589243192477 -0.249999764007645
-5.946534768611821 -0.249999762342034
-5.943480294031163 -0.249999760664668
-5.940425819450507 -0.249999758975463
-5.937371344869849 -0.249999757274336
-5.934316870289193 -0.249999755561203
-5.931262395708535 -0.249999753835978
-5.928207921127878 -0.249999752098578
-5.925153446547220 -0.249999750348915
-5.922098971966564 -0.249999748586904
-5.919044497385906 -0.249999746812456
-5.915990022805250 -0.249999745025485
-5.912935548224592 -0.249999743225901
-5.909881073643936 -0.249999741413617
-5.906826599063279 -0.249999739588542
-5.903772124482622 -0.249999737750586
-5.900717649901964 -0.249999735899657
-5.897663175321307 -0.249999734035666
-5.894608700740650 -0.249999732158518
-5.891554226159993 -0.249999730268122
-5.888499751579336 -0.249999728364385
-5.885445276998679 -0.249999726447210
-5.882390802418022 -0.249999724516505
-5.879336327837365 -0.249999722572174
-5.876281853256708 -0.249999720614119
-5.873227378676050 -0.249999718642245
-5.870172904095393 -0.249999716656454
-5.867118429514736 -0.249999714656648
-5.864063954934079 -0.249999712642727
-5.861009480353422 -0.249999710614593
-5.857955005772765 -0.249999708572145
-5.854900531192108 -0.249999706515281
-5.851846056611451 -0.249999704443900
-5.848791582030794 -0.249999702357900
-5.845737107450137 -0.249999700257178
-5.842682632869479 -0.249999698141629
-5.839628158288822 -0.249999696011149
-5.836573683708165 -0.249999693865632
-5.833519209127508 -0.249999691704973
-5.830464734546851 -0.249999689529065
-5.827410259966194 -0.249999687337799
-5.824355785385537 -0.249999685131068
-5.821301310804880 -0.249999682908763
-5.818246836224223 -0.249999680670773
-5.815192361643565 -0.249999678416987
-5.812137887062908 -0.249999676147295
-5.809083412482251 -0.249999673861584
-5.806028937901594 -0.249999671559741
-5.802974463320937 -0.249999669241652
-5.799919988740280 -0.249999666907203
-5.796865514159624 -0.249999664556277
-5.793811039578966 -0.249999662188760
-5.790756564998309 -0.249999659804533
-5.787702090417651 -0.249999657403478
-5.784647615836995 -0.249999654985478
-5.781593141256337 -0.249999652550412
-5.778538666675681 -0.249999650098160
-5.775484192095023 -0.249999647628600
-5.772429717514367 -0.249999645141611
-5.769375242933709 -0.249999642637070
-5.766320768353053 -0.249999640114852
-5.763266293772396 -0.249999637574833
-5.760211819191738 -0.249999635016887
-5.757157344611081 -0.249999632440887
-5.754102870030424 -0.249999629846707
-5.751048395449767 -0.249999627234218
-5.747993920869110 -0.249999624603291
-5.744939446288453 -0.249999621953795
-5.741884971707796 -0.249999619285600
-5.738830497127139 -0.249999616598574
-5.735776022546482 -0.249999613892583
-5.732721547965824 -0.249999611167494
-5.729667073385167 -0.249999608423172
-5.726612598804510 -0.249999605659482
-5.723558124223853 -0.249999602876286
-5.720503649643196 -0.249999600073447
-5.717449175062539 -0.249999597250826
-5.714394700481882 -0.249999594408285
-5.711340225901225 -0.249999591545681
-5.708285751320568 -0.249999588662874
-5.705231276739910 -0.249999585759721
-5.702176802159253 -0.249999582836078
-5.699122327578596 -0.249999579891801
-5.696067852997939 -0.249999576926744
-5.693013378417282 -0.249999573940761
-5.689958903836625 -0.249999570933704
-5.686904429255968 -0.249999567905424
-5.683849954675311 -0.249999564855771
-5.680795480094654 -0.249999561784594
-5.677741005513997 -0.249999558691742
-5.674686530933339 -0.249999555577062
-5.671632056352682 -0.249999552440399
-5.668577581772025 -0.249999549281599
-5.665523107191368 -0.249999546100505
-5.662468632610711 -0.249999542896959
-5.659414158030054 -0.249999539670805
-5.656359683449397 -0.249999536421881
-5.653305208868741 -0.249999533150027
-5.650250734288083 -0.249999529855081
-5.647196259707426 -0.249999526536881
-5.644141785126768 -0.249999523195262
-5.641087310546112 -0.249999519830059
-5.638032835965454 -0.249999516441105
-5.634978361384798 -0.249999513028234
-5.631923886804140 -0.249999509591275
-5.628869412223484 -0.249999506130060
-5.625814937642826 -0.249999502644417
-5.622760463062169 -0.249999499134173
-5.619705988481512 -0.249999495599155
-5.616651513900855 -0.249999492039188
-5.613597039320198 -0.249999488454096
-5.610542564739541 -0.249999484843702
-5.607488090158884 -0.249999481207827
-5.604433615578227 -0.249999477546292
-5.601379140997570 -0.249999473858914
-5.598324666416913 -0.249999470145512
-5.595270191836256 -0.249999466405903
-5.592215717255598 -0.249999462639901
-5.589161242674941 -0.249999458847319
-5.586106768094284 -0.249999455027971
-5.583052293513627 -0.249999451181668
-5.579997818932970 -0.249999447308219
-5.576943344352313 -0.249999443407432
-5.573888869771656 -0.249999439479116
-5.570834395190999 -0.249999435523074
-5.567779920610342 -0.249999431539113
-5.564725446029684 -0.249999427527034
-5.561670971449027 -0.249999423486640
-5.558616496868370 -0.249999419417730
-5.555562022287713 -0.249999415320103
-5.552507547707056 -0.249999411193558
-5.549453073126399 -0.249999407037888
-5.546398598545742 -0.249999402852890
-5.543344123965085 -0.249999398638355
-5.540289649384428 -0.249999394394076
-5.537235174803770 -0.249999390119843
-5.534180700223113 -0.249999385815444
-5.531126225642456 -0.249999381480666
-5.528071751061800 -0.249999377115296
-5.525017276481142 -0.249999372719116
-5.521962801900486 -0.249999368291910
-5.518908327319828 -0.249999363833459
-5.515853852739172 -0.249999359343542
-5.512799378158514 -0.249999354821937
-5.509744903577857 -0.249999350268421
-5.506690428997199 -0.249999345682768
-5.503635954416543 -0.249999341064751
-5.500581479835885 -0.249999336414143
-5.497527005255229 -0.249999331730713
-5.494472530674571 -0.249999327014229
-5.491418056093915 -0.249999322264458
-5.488363581513257 -0.249999317481166
-5.485309106932601 -0.249999312664116
-5.482254632351943 -0.249999307813069
-5.479200157771286 -0.249999302927786
-5.476145683190628 -0.249999298008024
-5.473091208609972 -0.249999293053542
-5.470036734029314 -0.249999288064093
-5.466982259448658 -0.249999283039431
-5.463927784868000 -0.249999277979307
-5.460873310287344 -0.249999272883472
-5.457818835706686 -0.249999267751672
-5.454764361126029 -0.249999262583655
-5.451709886545372 -0.249999257379165
-5.448655411964715 -0.249999252137944
-5.445600937384058 -0.249999246859733
-5.442546462803401 -0.249999241544271
-5.439491988222744 -0.249999236191296
-5.436437513642087 -0.249999230800542
-5.433383039061430 -0.249999225371743
-5.430328564480773 -0.249999219904630
-5.427274089900116 -0.249999214398933
-5.424219615319458 -0.249999208854380
-5.421165140738801 -0.249999203270697
-5.418110666158144 -0.249999197647607
-5.415056191577487 -0.249999191984832
-5.412001716996830 -0.249999186282093
-5.408947242416173 -0.249999180539106
-5.405892767835516 -0.249999174755589
-5.402838293254859 -0.249999168931255
-5.399783818674202 -0.249999163065817
-5.396729344093544 -0.249999157158983
-5.393674869512887 -0.249999151210462
-5.390620394932230 -0.249999145219960
-5.387565920351573 -0.249999139187181
-5.384511445770916 -0.249999133111825
-5.381456971190259 -0.249999126993594
-5.378402496609603 -0.249999120832183
-5.375348022028945 -0.249999114627289
-5.372293547448288 -0.249999108378605
-5.369239072867630 -0.249999102085821
-5.366184598286974 -0.249999095748627
-5.363130123706316 -0.249999089366708
-5.360075649125660 -0.249999082939750
-5.357021174545002 -0.249999076467434
-5.353966699964346 -0.249999069949441
-5.350912225383688 -0.249999063385448
-5.347857750803032 -0.249999056775130
-5.344803276222374 -0.249999050118161
-5.341748801641717 -0.249999043414211
-5.338694327061059 -0.249999036662950
-5.335639852480403 -0.249999029864042
-5.332585377899745 -0.249999023017152
-5.329530903319089 -0.249999016121941
-5.326476428738431 -0.249999009178068
-5.323421954157775 -0.249999002185190
-5.320367479577117 -0.249998995142961
-5.317313004996461 -0.249998988051033
-5.314258530415803 -0.249998980909055
-5.311204055835146 -0.249998973716674
-5.308149581254489 -0.249998966473533
-5.305095106673832 -0.249998959179276
-5.302040632093175 -0.249998951833541
-5.298986157512518 -0.249998944435965
-5.295931682931861 -0.249998936986182
-5.292877208351204 -0.249998929483824
-5.289822733770547 -0.249998921928520
-5.286768259189889 -0.249998914319896
-5.283713784609232 -0.249998906657576
-5.280659310028575 -0.249998898941180
-5.277604835447918 -0.249998891170328
-5.274550360867261 -0.249998883344635
-5.271495886286604 -0.249998875463715
-5.268441411705947 -0.249998867527177
-5.265386937125290 -0.249998859534628
-5.262332462544633 -0.249998851485675
-5.259277987963975 -0.249998843379918
-5.256223513383318 -0.249998835216957
-5.253169038802661 -0.249998826996388
-5.250114564222004 -0.249998818717805
-5.247060089641347 -0.249998810380798
-5.244005615060690 -0.249998801984956
-5.240951140480033 -0.249998793529862
-5.237896665899376 -0.249998785015099
-5.234842191318720 -0.249998776440245
-5.231787716738062 -0.249998767804878
-5.228733242157405 -0.249998759108569
-5.225678767576747 -0.249998750350889
-5.222624292996091 -0.249998741531404
-5.219569818415433 -0.249998732649679
-5.216515343834777 -0.249998723705275
-5.213460869254119 -0.249998714697748
-5.210406394673463 -0.249998705626654
-5.207351920092805 -0.249998696491544
-5.204297445512148 -0.249998687291966
-5.201242970931490 -0.249998678027466
-5.198188496350834 -0.249998668697585
-5.195134021770176 -0.249998659301863
-5.192079547189520 -0.249998649839833
-5.189025072608862 -0.249998640311029
-5.185970598028206 -0.249998630714980
-5.182916123447548 -0.249998621051210
-5.179861648866892 -0.249998611319243
-5.176807174286234 -0.249998601518596
-5.173752699705577 -0.249998591648786
-5.170698225124919 -0.249998581709323
-5.167643750544263 -0.249998571699717
-5.164589275963606 -0.249998561619473
-5.161534801382949 -0.249998551468093
-5.158480326802292 -0.249998541245073
-5.155425852221635 -0.249998530949910
-5.152371377640978 -0.249998520582094
-5.149316903060321 -0.249998510141111
-5.146262428479663 -0.249998499626447
-5.143207953899006 -0.249998489037580
-5.140153479318349 -0.249998478373988
-5.137099004737692 -0.249998467635143
-5.134044530157035 -0.249998456820515
-5.130990055576378 -0.249998445929568
-5.127935580995721 -0.249998434961764
-5.124881106415064 -0.249998423916560
-5.121826631834407 -0.249998412793411
-5.118772157253749 -0.249998401591767
-5.115717682673092 -0.249998390311073
-5.112663208092435 -0.249998378950772
-5.109608733511778 -0.249998367510303
-5.106554258931121 -0.249998355989099
-5.103499784350464 -0.249998344386591
-5.100445309769807 -0.249998332702206
-5.097390835189150 -0.249998320935365
-5.094336360608493 -0.249998309085486
-5.091281886027836 -0.249998297151985
-5.088227411447178 -0.249998285134270
-5.085172936866522 -0.249998273031748
-5.082118462285864 -0.249998260843821
-5.079063987705208 -0.249998248569885
-5.076009513124550 -0.249998236209334
-5.072955038543894 -0.249998223761557
-5.069900563963236 -0.249998211225938
-5.066846089382580 -0.249998198601857
-5.063791614801922 -0.249998185888691
-5.060737140221265 -0.249998173085810
-5.057682665640607 -0.249998160192583
-5.054628191059951 -0.249998147208371
-5.051573716479293 -0.249998134132532
-5.048519241898637 -0.249998120964420
-5.045464767317979 -0.249998107703384
-5.042410292737323 -0.249998094348768
-5.039355818156665 -0.249998080899912
-5.036301343576008 -0.249998067356151
-5.033246868995350 -0.249998053716816
-5.030192394414694 -0.249998039981232
-5.027137919834036 -0.249998026148720
-5.024083445253380 -0.249998012218596
-5.021028970672722 -0.249997998190172
-5.017974496092066 -0.249997984062754
-5.014920021511409 -0.249997969835643
-5.011865546930752 -0.249997955508137
-5.008811072350094 -0.249997941079526
-5.005756597769437 -0.249997926549098
-5.002702123188780 -0.249997911916134
-4.999647648608123 -0.249997897179911
-4.996593174027466 -0.249997882339700
-4.993538699446809 -0.249997867394768
-4.990484224866152 -0.249997852344375
-4.987429750285495 -0.249997837187778
-4.984375275704838 -0.249997821924228
-4.981320801124181 -0.249997806552969
-4.978266326543523 -0.249997791073243
-4.975211851962866 -0.249997775484283
-4.972157377382209 -0.249997759785319
-4.969102902801552 -0.249997743975575
-4.966048428220895 -0.249997728054270
-4.962993953640238 -0.249997712020616
-4.959939479059581 -0.249997695873820
-4.956885004478924 -0.249997679613085
-4.953830529898267 -0.249997663237607
-4.950776055317609 -0.249997646746576
-4.947721580736952 -0.249997630139177
-4.944667106156295 -0.249997613414588
-4.941612631575639 -0.249997596571985
-4.938558156994981 -0.249997579610532
-4.935503682414325 -0.249997562529393
-4.932449207833667 -0.249997545327723
-4.929394733253011 -0.249997528004671
-4.926340258672353 -0.249997510559381
-4.923285784091696 -0.249997492990991
-4.920231309511038 -0.249997475298632
-4.917176834930382 -0.249997457481430
-4.914122360349724 -0.249997439538505
-4.911067885769068 -0.249997421468968
-4.908013411188410 -0.249997403271927
-4.904958936607754 -0.249997384946483
-4.901904462027096 -0.249997366491729
-4.898849987446440 -0.249997347906754
-4.895795512865782 -0.249997329190639
-4.892741038285125 -0.249997310342458
-4.889686563704467 -0.249997291361280
-4.886632089123811 -0.249997272246166
-4.883577614543153 -0.249997252996173
-4.880523139962497 -0.249997233610348
-4.877468665381839 -0.249997214087733
-4.874414190801183 -0.249997194427363
-4.871359716220526 -0.249997174628267
-4.868305241639868 -0.249997154689466
-4.865250767059211 -0.249997134609973
-4.862196292478554 -0.249997114388798
-4.859141817897897 -0.249997094024940
-4.856087343317240 -0.249997073517393
-4.853032868736583 -0.249997052865143
-4.849978394155926 -0.249997032067169
-4.846923919575269 -0.249997011122444
-4.843869444994612 -0.249996990029932
-4.840814970413954 -0.249996968788591
-4.837760495833297 -0.249996947397371
-4.834706021252640 -0.249996925855215
-4.831651546671983 -0.249996904161058
-4.828597072091326 -0.249996882313827
-4.825542597510669 -0.249996860312444
-4.822488122930012 -0.249996838155820
-4.819433648349355 -0.249996815842860
-4.816379173768698 -0.249996793372463
-4.813324699188041 -0.249996770743517
-4.810270224607383 -0.249996747954903
-4.807215750026726 -0.249996725005496
-4.804161275446069 -0.249996701894162
-4.801106800865412 -0.249996678619758
-4.798052326284756 -0.249996655181134
-4.794997851704098 -0.249996631577131
-4.791943377123442 -0.249996607806584
-4.788888902542784 -0.249996583868317
-4.785834427962127 -0.249996559761148
-4.782779953381469 -0.249996535483884
-4.779725478800813 -0.249996511035327
-4.776671004220155 -0.249996486414267
-4.773616529639499 -0.249996461619490
-4.770562055058841 -0.249996436649768
-4.767507580478185 -0.249996411503868
-4.764453105897527 -0.249996386180547
-4.761398631316871 -0.249996360678554
-4.758344156736213 -0.249996334996630
-4.755289682155556 -0.249996309133503
-4.752235207574898 -0.249996283087898
-4.749180732994242 -0.249996256858526
-4.746126258413584 -0.249996230444091
-4.743071783832928 -0.249996203843289
-4.740017309252270 -0.249996177054804
-4.736962834671614 -0.249996150077313
-4.733908360090956 -0.249996122909483
-4.730853885510300 -0.249996095549971
-4.727799410929642 -0.249996067997426
-4.724744936348985 -0.249996040250486
-4.721690461768328 -0.249996012307780
-4.718635987187671 -0.249995984167927
-4.715581512607014 -0.249995955829537
-4.712527038026357 -0.249995927291210
-4.709472563445700 -0.249995898551535
-4.706418088865043 -0.249995869609093
-4.703363614284386 -0.249995840462453
-4.700309139703728 -0.249995811110176
-4.697254665123071 -0.249995781550810
-4.694200190542414 -0.249995751782896
-4.691145715961757 -0.249995721804963
-4.688091241381100 -0.249995691615529
-4.685036766800443 -0.249995661213103
-4.681982292219786 -0.249995630596183
-4.678927817639129 -0.249995599763257
-4.675873343058472 -0.249995568712800
-4.672818868477814 -0.249995537443279
-4.669764393897157 -0.249995505953148
-4.666709919316500 -0.249995474240853
-4.663655444735843 -0.249995442304826
-4.660600970155186 -0.249995410143490
-4.657546495574529 -0.249995377755255
-4.654492020993873 -0.249995345138522
-4.651437546413215 -0.249995312291679
-4.648383071832558 -0.249995279213104
-4.645328597251901 -0.249995245901162
-4.642274122671244 -0.249995212354207
-4.639219648090586 -0.249995178570583
-4.636165173509930 -0.249995144548620
-4.633110698929272 -0.249995110286638
-4.630056224348616 -0.249995075782944
-4.627001749767958 -0.249995041035834
-4.623947275187302 -0.249995006043591
-4.620892800606644 -0.249994970804487
-4.617838326025987 -0.249994935316781
-4.614783851445329 -0.249994899578719
-4.611729376864673 -0.249994863588537
-4.608674902284015 -0.249994827344457
-4.605620427703359 -0.249994790844688
-4.602565953122701 -0.249994754087428
-4.599511478542045 -0.249994717070860
-4.596457003961387 -0.249994679793157
-4.593402529380731 -0.249994642252477
-4.590348054800073 -0.249994604446966
-4.587293580219416 -0.249994566374757
-4.584239105638758 -0.249994528033968
-4.581184631058102 -0.249994489422707
-4.578130156477445 -0.249994450539065
-4.575075681896788 -0.249994411381124
-4.572021207316131 -0.249994371946948
-4.568966732735474 -0.249994332234590
-4.565912258154817 -0.249994292242088
-4.562857783574159 -0.249994251967468
-4.559803308993502 -0.249994211408740
-4.556748834412845 -0.249994171367207
-4.553694359832188 -0.249994130243841
-4.550639885251531 -0.249994088830427
-4.547585410670874 -0.249994047124920
-4.544530936090217 -0.249994005125262
-4.541476461509560 -0.249993962829378
-4.538421986928903 -0.249993920235181
-4.535367512348246 -0.249993877340568
-4.532313037767588 -0.249993834143422
-4.529258563186931 -0.249993790641610
-4.526204088606274 -0.249993746832985
-4.523149614025617 -0.249993702715384
-4.520095139444960 -0.249993658286630
-4.517040664864303 -0.249993613544528
-4.513986190283646 -0.249993568486872
-4.510931715702989 -0.249993523111436
-4.507877241122332 -0.249993477415981
-4.504822766541675 -0.249993431398252
-4.501768291961017 -0.249993385055977
-4.498713817380361 -0.249993338386868
-4.495659342799703 -0.249993291388623
-4.492604868219047 -0.249993244058921
-4.489550393638389 -0.249993196395427
-4.486495919057733 -0.249993148395787
-4.483441444477075 -0.249993100057634
-4.480386969896418 -0.249993051378581
-4.477332495315760 -0.249993002356225
-4.474278020735104 -0.249992952988148
-4.471223546154446 -0.249992903271913
-4.468169071573790 -0.249992853205066
-4.465114596993132 -0.249992802785137
-4.462060122412476 -0.249992752009637
-4.459005647831818 -0.249992700876061
-4.455951173251162 -0.249992649381885
-4.452896698670504 -0.249992597524567
-4.449842224089847 -0.249992545301550
-4.446787749509189 -0.249992492710256
-4.443733274928533 -0.249992439748089
-4.440678800347875 -0.249992386412437
-4.437624325767219 -0.249992332700667
-4.434569851186562 -0.249992278610129
-4.431515376605905 -0.249992224138155
-4.428460902025248 -0.249992169282056
-4.425406427444591 -0.249992114039125
-4.422351952863933 -0.249992058406638
-4.419297478283276 -0.249992002381849
-4.416243003702619 -0.249991945961993
-4.413188529121962 -0.249991889144288
-4.410134054541305 -0.249991831925930
-4.407079579960648 -0.249991774304095
-4.404025105379991 -0.249991716275942
-4.400970630799334 -0.249991657838607
-4.397916156218677 -0.249991598989207
-4.394861681638019 -0.249991539724839
-4.391807207057362 -0.249991480042580
-4.388752732476705 -0.249991419939484
-4.385698257896048 -0.249991359412588
-4.382643783315391 -0.249991298458905
-4.379589308734734 -0.249991237075428
-4.376534834154077 -0.249991175259130
-4.373480359573420 -0.249991113006961
-4.370425884992763 -0.249991050315850
-4.367371410412106 -0.249990987182705
-4.364316935831448 -0.249990923604413
-4.361262461250792 -0.249990859577836
-4.358207986670134 -0.249990795099818
-4.355153512089478 -0.249990730167177
-4.352099037508820 -0.249990664776711
-4.349044562928164 -0.249990598925195
-4.345990088347506 -0.249990532609382
-4.342935613766850 -0.249990465826000
-4.339881139186192 -0.249990398571756
-4.336826664605535 -0.249990330843332
-4.333772190024877 -0.249990262637390
-4.330717715444221 -0.249990193950565
-4.327663240863563 -0.249990124779469
-4.324608766282907 -0.249990055120693
-4.321554291702249 -0.249989984970800
-4.318499817121593 -0.249989914326332
-4.315445342540935 -0.249989843183804
-4.312390867960278 -0.249989771539709
-4.309336393379620 -0.249989699390515
-4.306281918798964 -0.249989626732662
-4.303227444218306 -0.249989553562570
-4.300172969637650 -0.249989479876630
-4.297118495056992 -0.249989405671209
-4.294064020476336 -0.249989330942647
-4.291009545895679 -0.249989255687262
-4.287955071315022 -0.249989179901343
-4.284900596734365 -0.249989103581153
-4.281846122153707 -0.249989026722929
-4.278791647573050 -0.249988949322883
-4.275737172992393 -0.249988871377198
-4.272682698411736 -0.249988792882033
-4.269628223831079 -0.249988713833517
-4.266573749250422 -0.249988634227754
-4.263519274669765 -0.249988554060820
-4.260464800089108 -0.249988473328762
-4.257410325508451 -0.249988392027603
-4.254355850927793 -0.249988310153333
-4.251301376347136 -0.249988227701917
-4.248246901766479 -0.249988144669292
-4.245192427185822 -0.249988061051365
-4.242137952605165 -0.249987976844015
-4.239083478024508 -0.249987892043090
-4.236029003443851 -0.249987806644412
-4.232974528863194 -0.249987720643773
-4.229920054282537 -0.249987634036933
-4.226865579701879 -0.249987546819624
-4.223811105121222 -0.249987458987549
-4.220756630540565 -0.249987370536378
-4.217702155959909 -0.249987281461754
-4.214647681379251 -0.249987191759287
-4.211593206798595 -0.249987101424556
-4.208538732217937 -0.249987010453111
-4.205484257637281 -0.249986918840468
-4.202429783056623 -0.249986826582114
-4.199375308475966 -0.249986733673504
-4.196320833895308 -0.249986640110058
-4.193266359314652 -0.249986545887168
-4.190211884733994 -0.249986451000192
-4.187157410153338 -0.249986355444454
-4.184102935572680 -0.249986259215246
-4.181048460992024 -0.249986162307829
-4.177993986411366 -0.249986064717429
-4.174939511830710 -0.249985966439236
-4.171885037250052 -0.249985867468411
-4.168830562669395 -0.249985767800079
-4.165776088088737 -0.249985667429328
-4.162721613508081 -0.249985566351217
-4.159667138927423 -0.249985464560765
-4.156612664346767 -0.249985362052959
-4.153558189766109 -0.249985258822750
-4.150503715185453 -0.249985154865054
-4.147449240604795 -0.249985050174752
-4.144394766024138 -0.249984944746686
-4.141340291443481 -0.249984838575664
-4.138285816862824 -0.249984731656459
-4.135231342282167 -0.249984623983805
-4.132176867701510 -0.249984515552399
-4.129122393120853 -0.249984406356902
-4.126067918540196 -0.249984296391937
-4.123013443959539 -0.249984185652089
-4.119958969378882 -0.249984074131906
-4.116904494798225 -0.249983961825896
-4.113850020217567 -0.249983848728530
-4.110795545636910 -0.249983734834239
-4.107741071056253 -0.249983620137416
-4.104686596475596 -0.249983504632415
-4.101632121894939 -0.249983388313548
-4.098577647314282 -0.249983271175090
-4.095523172733625 -0.249983153211274
-4.092468698152968 -0.249983034416293
-4.089414223572311 -0.249982914784299
-4.086359748991653 -0.249982794309404
-4.083305274410996 -0.249982672985677
-4.080250799830339 -0.249982550807147
-4.077196325249682 -0.249982427767800
-4.074141850669026 -0.249982303861580
-4.071087376088368 -0.249982179082389
-4.068032901507712 -0.249982053424087
-4.064978426927054 -0.249981926880488
-4.061923952346397 -0.249981799445366
-4.058869477765739 -0.249981671112450
-4.055815003185083 -0.249981541875423
-4.052760528604425 -0.249981411727927
-4.049706054023769 -0.249981280663558
-4.046651579443111 -0.249981148675867
-4.043597104862455 -0.249981015758359
-4.040542630281797 -0.249980881904495
-4.037488155701141 -0.249980747107689
-4.034433681120483 -0.249980611361310
-4.031379206539826 -0.249980474658678
-4.028324731959168 -0.249980336993070
-4.025270257378512 -0.249980198357713
-4.022215782797854 -0.249980058745786
-4.019161308217198 -0.249979918150423
-4.016106833636540 -0.249979776564708
-4.013052359055884 -0.249979633981677
-4.009997884475226 -0.249979490394316
-4.006943409894570 -0.249979345795564
-4.003888935313912 -0.249979200178309
-4.000834460733255 -0.249979053535389
-3.997779986152598 -0.249978905859593
-3.994725511571941 -0.249978757143658
-3.991671036991284 -0.249978607380271
-3.988616562410627 -0.249978456562069
-3.985562087829970 -0.249978304681634
-3.982507613249313 -0.249978151731499
-3.979453138668656 -0.249977997704144
-3.976398664087998 -0.249977842591995
-3.973344189507341 -0.249977686387427
-3.970289714926684 -0.249977529082761
-3.967235240346027 -0.249977370670262
-3.964180765765370 -0.249977211142143
-3.961126291184713 -0.249977050490563
-3.958071816604056 -0.249976888707625
-3.955017342023399 -0.249976725785376
-3.951962867442742 -0.249976561715807
-3.948908392862085 -0.249976396490857
-3.945853918281427 -0.249976230102402
-3.942799443700770 -0.249976062542267
-3.939744969120113 -0.249975893802217
-3.936690494539456 -0.249975723873959
-3.933636019958799 -0.249975552749143
-3.930581545378142 -0.249975380419359
-3.927527070797485 -0.249975206876141
-3.924472596216828 -0.249975032110962
-3.921418121636171 -0.249974856115233
-3.918363647055514 -0.249974678880309
-3.915309172474857 -0.249974500397483
-3.912254697894200 -0.249974320657985
-3.909200223313543 -0.249974139652986
-3.906145748732885 -0.249973957373595
-3.903091274152228 -0.249973773810858
-3.900036799571571 -0.249973588955758
-3.896982324990914 -0.249973402799217
-3.893927850410257 -0.249973215332090
-3.890873375829600 -0.249973026545170
-3.887818901248943 -0.249972836429187
-3.884764426668286 -0.249972644974804
-3.881709952087629 -0.249972452172620
-3.878655477506971 -0.249972258013166
-3.875601002926314 -0.249972062486909
-3.872546528345657 -0.249971865584249
-3.869492053765000 -0.249971667295517
-3.866437579184343 -0.249971467610980
-3.863383104603686 -0.249971266520834
-3.860328630023029 -0.249971064015207
-3.857274155442372 -0.249970860084157
-3.854219680861715 -0.249970654717675
-3.851165206281058 -0.249970447905681
-3.848110731700401 -0.249970239638022
-3.845056257119744 -0.249970029904478
-3.842001782539087 -0.249969818694755
-3.838947307958430 -0.249969605998488
-3.835892833377772 -0.249969391805239
-3.832838358797115 -0.249969176104497
-3.829783884216458 -0.249968958885677
-3.826729409635801 -0.249968740138123
-3.823674935055144 -0.249968519851101
-3.820620460474487 -0.249968298013802
-3.817565985893830 -0.249968074615345
-3.814511511313173 -0.249967849644770
-3.811457036732516 -0.249967623091040
-3.808402562151858 -0.249967394943043
-3.805348087571201 -0.249967165189588
-3.802293612990544 -0.249966933819406
-3.799239138409887 -0.249966700821150
-3.796184663829230 -0.249966466183392
-3.793130189248573 -0.249966229894626
-3.790075714667916 -0.249965991943266
-3.787021240087259 -0.249965752317642
-3.783966765506602 -0.249965511006005
-3.780912290925945 -0.249965267996524
-3.777857816345288 -0.249965023277285
-3.774803341764631 -0.249964776836290
-3.771748867183974 -0.249964528661457
-3.768694392603317 -0.249964278740623
-3.765639918022659 -0.249964027061535
-3.762585443442002 -0.249963773611858
-3.759530968861345 -0.249963518379169
-3.756476494280688 -0.249963261350961
-3.753422019700031 -0.249963002514637
-3.750367545119374 -0.249962741857512
-3.747313070538717 -0.249962479366814
-3.744258595958060 -0.249962215029682
-3.741204121377403 -0.249961948833164
-3.738149646796745 -0.249961680764217
-3.735095172216088 -0.249961410809710
-3.732040697635431 -0.249961138956418
-3.728986223054774 -0.249960865191023
-3.725931748474117 -0.249960589500116
-3.722877273893460 -0.249960311870195
-3.719822799312803 -0.249960032287661
-3.716768324732146 -0.249959750738823
-3.713713850151489 -0.249959467209892
-3.710659375570831 -0.249959181686985
-3.707604900990175 -0.249958894156122
-3.704550426409518 -0.249958604603223
-3.701495951828861 -0.249958313014112
-3.698441477248203 -0.249958019374516
-3.695387002667546 -0.249957723670057
-3.692332528086889 -0.249957425886263
-3.689278053506232 -0.249957126008557
-3.686223578925575 -0.249956824022262
-3.683169104344918 -0.249956519912597
-3.680114629764261 -0.249956213664681
-3.677060155183604 -0.249955905263527
-3.674005680602947 -0.249955594694044
-3.670951206022290 -0.249955281941036
-3.667896731441632 -0.249954966989202
-3.664842256860975 -0.249954649823133
-3.661787782280318 -0.249954330427312
-3.658733307699661 -0.249954008786118
-3.655678833119004 -0.249953684883816
-3.652624358538347 -0.249953358704565
-3.649569883957690 -0.249953030232412
-3.646515409377033 -0.249952699451293
-3.643460934796376 -0.249952366345034
-3.640406460215718 -0.249952030897346
-3.637351985635062 -0.249951693091827
-3.634297511054405 -0.249951352911962
-3.631243036473748 -0.249951010341121
-3.628188561893090 -0.249950665362557
-3.625134087312433 -0.249950317959407
-3.622079612731776 -0.249949968114691
-3.619025138151119 -0.249949615811310
-3.615970663570462 -0.249949261032049
-3.612916188989805 -0.249948903759568
-3.609861714409148 -0.249948543976411
-3.606807239828491 -0.249948181664998
-3.603752765247834 -0.249947816807628
-3.600698290667177 -0.249947449386477
-3.597643816086520 -0.249947079383596
-3.594589341505863 -0.249946706780911
-3.591534866925206 -0.249946331560225
-3.588480392344549 -0.249945953703210
-3.585425917763891 -0.249945573191415
-3.582371443183234 -0.249945190006258
-3.579316968602577 -0.249944804129030
-3.576262494021920 -0.249944415540888
-3.573208019441263 -0.249944024222864
-3.570153544860606 -0.249943630155852
-3.567099070279949 -0.249943233320618
-3.564044595699292 -0.249942833697792
-3.560990121118635 -0.249942431267870
-3.557935646537977 -0.249942026011212
-3.554881171957320 -0.249941617908043
-3.551826697376663 -0.249941206938449
-3.548772222796006 -0.249940793082379
-3.545717748215349 -0.249940376319642
-3.542663273634692 -0.249939956629907
-3.539608799054035 -0.249939533992702
-3.536554324473378 -0.249939108387412
-3.533499849892721 -0.249938679793280
-3.530445375312063 -0.249938248189406
-3.527390900731406 -0.249937813554742
-3.524336426150749 -0.249937375868096
-3.521281951570092 -0.249936935108128
-3.518227476989435 -0.249936491253352
-3.515173002408778 -0.249936044282129
-3.512118527828121 -0.249935594172674
-3.509064053247464 -0.249935140903048
-3.506009578666807 -0.249934684451162
-3.502955104086150 -0.249934224794772
-3.499900629505492 -0.249933761911482
-3.496846154924835 -0.249933295778737
-3.493791680344178 -0.249932826373830
-3.490737205763521 -0.249932353673894
-3.487682731182864 -0.249931877655903
-3.484628256602207 -0.249931398296674
-3.481573782021550 -0.249930915572861
-3.478519307440893 -0.249930429460957
-3.475464832860236 -0.249929939937293
-3.472410358279578 -0.249929446978034
-3.469355883698921 -0.249928950559182
-3.466301409118264 -0.249928450656572
-3.463246934537607 -0.249927947245871
-3.460192459956950 -0.249927440302579
-3.457137985376293 -0.249926929802024
-3.454083510795637 -0.249926415719366
-3.451029036214980 -0.249925898029591
-3.447974561634322 -0.249925376707513
-3.444920087053665 -0.249924851727771
-3.441865612473008 -0.249924323064828
-3.438811137892351 -0.249923790692973
-3.435756663311694 -0.249923254586313
-3.432702188731037 -0.249922714718780
-3.429647714150380 -0.249922171064122
-3.426593239569723 -0.249921623595908
-3.423538764989066 -0.249921072287524
-3.420484290408409 -0.249920517112170
-3.417429815827751 -0.249919958042864
-3.414375341247094 -0.249919395052434
-3.411320866666437 -0.249918828113522
-3.408266392085780 -0.249918257198581
-3.405211917505123 -0.249917682279873
-3.402157442924466 -0.249917103329469
-3.399102968343809 -0.249916520319246
-3.396048493763152 -0.249915933220888
-3.392994019182495 -0.249915342005883
-3.389939544601837 -0.249914746645522
-3.386885070021180 -0.249914147110897
-3.383830595440523 -0.249913543372901
-3.380776120859866 -0.249912935402226
-3.377721646279209 -0.249912323169363
-3.374667171698552 -0.249911706644597
-3.371612697117895 -0.249911085798010
-3.368558222537238 -0.249910460599475
-3.365503747956581 -0.249909831018660
-3.362449273375923 -0.249909197025022
-3.359394798795266 -0.249908558587808
-3.356340324214609 -0.249907915676053
-3.353285849633952 -0.249907268258577
-3.350231375053295 -0.249906616303987
-3.347176900472638 -0.249905959780673
-3.344122425891981 -0.249905298656806
-3.341067951311324 -0.249904632900339
-3.338013476730667 -0.249903962479004
-3.334959002150010 -0.249903287360309
-3.331904527569352 -0.249902607511541
-3.328850052988695 -0.249901922899759
-3.325795578408038 -0.249901233491796
-3.322741103827381 -0.249900539254257
-3.319686629246724 -0.249899840153516
-3.316632154666067 -0.249899136155718
-3.313577680085410 -0.249898427226772
-3.310523205504753 -0.249897713332354
-3.307468730924096 -0.249896994437902
-3.304414256343439 -0.249896270508620
-3.301359781762782 -0.249895541509467
-3.298305307182125 -0.249894807405167
-3.295250832601468 -0.249894068160196
-3.292196358020811 -0.249893323738789
-3.289141883440154 -0.249892574104935
-3.286087408859497 -0.249891819222373
-3.283032934278840 -0.249891059054595
-3.279978459698182 -0.249890293564841
-3.276923985117525 -0.249889522716100
-3.273869510536868 -0.249888746471104
-3.270815035956211 -0.249887964792330
-3.267760561375554 -0.249887177641999
-3.264706086794897 -0.249886384982071
-3.261651612214240 -0.249885586774244
-3.258597137633583 -0.249884782979954
-3.255542663052926 -0.249883973560373
-3.252488188472269 -0.249883158476405
-3.249433713891611 -0.249882337688687
-3.246379239310954 -0.249881511157584
-3.243324764730297 -0.249880678843192
-3.240270290149640 -0.249879840705329
-3.237215815568983 -0.249878996703543
-3.234161340988326 -0.249878146797100
-3.231106866407669 -0.249877290944988
-3.228052391827012 -0.249876429105914
-3.224997917246355 -0.249875561238303
-3.221943442665697 -0.249874687300294
-3.218888968085040 -0.249873807249739
-3.215834493504383 -0.249872921044202
-3.212780018923726 -0.249872028640955
-3.209725544343069 -0.249871129996979
-3.206671069762412 -0.249870225068960
-3.203616595181755 -0.249869313813286
-3.200562120601098 -0.249868396186048
-3.197507646020441 -0.249867472143036
-3.194453171439783 -0.249866541639738
-3.191398696859126 -0.249865604631337
-3.188344222278469 -0.249864661072709
-3.185289747697812 -0.249863710918422
-3.182235273117155 -0.249862754122733
-3.179180798536498 -0.249861790639587
-3.176126323955841 -0.249860820422613
-3.173071849375184 -0.249859843425123
-3.170017374794527 -0.249858859600111
-3.166962900213870 -0.249857868900250
-3.163908425633213 -0.249856871277888
-3.160853951052556 -0.249855866685050
-3.157799476471899 -0.249854855073431
-3.154745001891242 -0.249853836394397
-3.151690527310585 -0.249852810598984
-3.148636052729928 -0.249851777637890
-3.145581578149271 -0.249850737461480
-3.142527103568614 -0.249849690019778
-3.139472628987956 -0.249848635262470
-3.136418154407299 -0.249847573138895
-3.133363679826642 -0.249846503598049
-3.130309205245985 -0.249845426588581
-3.127254730665328 -0.249844342058788
-3.124200256084671 -0.249843249956615
-3.121145781504014 -0.249842150229654
-3.118091306923357 -0.249841042825139
-3.115036832342700 -0.249839927689943
-3.111982357762042 -0.249838804770580
-3.108927883181385 -0.249837674013198
-3.105873408600728 -0.249836535363579
-3.102818934020071 -0.249835388767136
-3.099764459439414 -0.249834234168912
-3.096709984858757 -0.249833071513573
-3.093655510278100 -0.249831900745411
-3.090601035697443 -0.249830721808339
-3.087546561116786 -0.249829534645888
-3.084492086536128 -0.249828339201206
-3.081437611955471 -0.249827135417054
-3.078383137374814 -0.249825923235804
-3.075328662794157 -0.249824702599436
-3.072274188213500 -0.249823473449539
-3.069219713632843 -0.249822235727301
-3.066165239052186 -0.249820989373513
-3.063110764471529 -0.249819734328566
-3.060056289890872 -0.249818470532442
-3.057001815310215 -0.249817197924720
-3.053947340729557 -0.249815916444568
-3.050892866148900 -0.249814626030739
-3.047838391568243 -0.249813326621574
-3.044783916987586 -0.249812018154995
-3.041729442406929 -0.249810700568503
-3.038674967826272 -0.249809373799175
-3.035620493245615 -0.249808037783663
-3.032566018664958 -0.249806692458189
-3.029511544084301 -0.249805337758544
-3.026457069503643 -0.249803973620083
-3.023402594922986 -0.249802599977726
-3.020348120342329 -0.249801216765950
-3.017293645761673 -0.249799823918790
-3.014239171181016 -0.249798421369835
-3.011184696600359 -0.249797009052223
-3.008130222019702 -0.249795586898644
-3.005075747439045 -0.249794154841330
-3.002021272858387 -0.249792712812055
-2.998966798277730 -0.249791260742133
-2.995912323697073 -0.249789798562415
-2.992857849116416 -0.249788326203284
-2.989803374535759 -0.249786843594653
-2.986748899955102 -0.249785350665961
-2.983694425374445 -0.249783847346174
-2.980639950793788 -0.249782333563777
-2.977585476213131 -0.249780809246771
-2.974531001632474 -0.249779274322674
-2.971476527051816 -0.249777728718516
-2.968422052471159 -0.249776172360832
-2.965367577890502 -0.249774605175665
-2.962313103309845 -0.249773027088559
-2.959258628729188 -0.249771438024556
-2.956204154148531 -0.249769837908194
-2.953149679567874 -0.249768226663503
-2.950095204987217 -0.249766604214003
-2.947040730406560 -0.249764970482696
-2.943986255825902 -0.249763325392071
-2.940931781245245 -0.249761668864092
-2.937877306664588 -0.249760000820200
-2.934822832083931 -0.249758321181308
-2.931768357503274 -0.249756629867798
-2.928713882922617 -0.249754926799516
-2.925659408341960 -0.249753211895772
-2.922604933761303 -0.249751485075333
-2.919550459180646 -0.249749746256420
-2.916495984599988 -0.249747995356707
-2.913441510019331 -0.249746232293314
-2.910387035438674 -0.249744456982808
-2.907332560858017 -0.249742669341194
-2.904278086277360 -0.249740869283916
-2.901223611696703 -0.249739056725849
-2.898169137116046 -0.249737231581302
-2.895114662535389 -0.249735393764005
-2.892060187954732 -0.249733543187115
-2.889005713374075 -0.249731679763206
-2.885951238793417 -0.249729803404267
-2.882896764212760 -0.249727914021697
-2.879842289632103 -0.249726011526306
-2.876787815051446 -0.249724095828305
-2.873733340470790 -0.249722166837306
-2.870678865890133 -0.249720224462317
-2.867624391309476 -0.249718268611739
-2.864569916728819 -0.249716299193359
-2.861515442148161 -0.249714316114351
-2.858460967567504 -0.249712319281270
-2.855406492986847 -0.249710308600045
-2.852352018406190 -0.249708283975979
-2.849297543825533 -0.249706245313746
-2.846243069244876 -0.249704192517380
-2.843188594664219 -0.249702125490280
-2.840134120083562 -0.249700044135199
-2.837079645502905 -0.249697948354244
-2.834025170922247 -0.249695838048868
-2.830970696341590 -0.249693713119872
-2.827916221760933 -0.249691573467394
-2.824861747180276 -0.249689418990908
-2.821807272599619 -0.249687249589222
-2.818752798018962 -0.249685065160470
-2.815698323438305 -0.249682865602110
-2.812643848857648 -0.249680650810916
-2.809589374276991 -0.249678420682982
-2.806534899696334 -0.249676175113707
-2.803480425115676 -0.249673913997800
-2.800425950535019 -0.249671637229269
-2.797371475954362 -0.249669344701421
-2.794317001373705 -0.249667036306854
-2.791262526793048 -0.249664711937456
-2.788208052212391 -0.249662371484398
-2.785153577631734 -0.249660014838131
-2.782099103051077 -0.249657641888380
-2.779044628470420 -0.249655252524141
-2.775990153889762 -0.249652846633675
-2.772935679309105 -0.249650424104505
-2.769881204728448 -0.249647984823410
-2.766826730147791 -0.249645528676421
-2.763772255567134 -0.249643055548816
-2.760717780986477 -0.249640565325115
-2.757663306405820 -0.249638057889077
-2.754608831825163 -0.249635533123692
-2.751554357244506 -0.249632990911181
-2.748499882663848 -0.249630431132986
-2.745445408083191 -0.249627853669768
-2.742390933502534 -0.249625258401402
-2.739336458921877 -0.249622645206972
-2.736281984341220 -0.249620013964766
-2.733227509760563 -0.249617364552269
-2.730173035179906 -0.249614696846163
-2.727118560599250 -0.249612010722316
-2.724064086018593 -0.249609306055782
-2.721009611437935 -0.249606582720794
-2.717955136857278 -0.249603840590756
-2.714900662276621 -0.249601079538244
-2.711846187695964 -0.249598299434995
-2.708791713115307 -0.249595500151905
-2.705737238534650 -0.249592681559025
-2.702682763953993 -0.249589843525552
-2.699628289373336 -0.249586985919826
-2.696573814792679 -0.249584108609325
-2.693519340212021 -0.249581211460657
-2.690464865631364 -0.249578294339560
-2.687410391050707 -0.249575357110892
-2.684355916470050 -0.249572399638625
-2.681301441889393 -0.249569421785845
-2.678246967308736 -0.249566423414740
-2.675192492728079 -0.249563404386601
-2.672138018147422 -0.249560364561810
-2.669083543566765 -0.249557303799838
-2.666029068986107 -0.249554221959241
-2.662974594405450 -0.249551118897651
-2.659920119824793 -0.249547994471772
-2.656865645244136 -0.249544848537374
-2.653811170663479 -0.249541680949288
-2.650756696082822 -0.249538491561398
-2.647702221502165 -0.249535280226638
-2.644647746921508 -0.249532046796988
-2.641593272340851 -0.249528791123460
-2.638538797760194 -0.249525513056101
-2.635484323179536 -0.249522212443983
-2.632429848598879 -0.249518889135198
-2.629375374018222 -0.249515542976852
-2.626320899437565 -0.249512173815057
-2.623266424856908 -0.249508781494929
-2.620211950276251 -0.249505365860579
-2.617157475695594 -0.249501926755108
-2.614103001114937 -0.249498464020599
-2.611048526534280 -0.249494977498116
-2.607994051953622 -0.249491467027692
-2.604939577372965 -0.249487932448325
-2.601885102792308 -0.249484373597974
-2.598830628211651 -0.249480790313549
-2.595776153630994 -0.249477182430906
-2.592721679050337 -0.249473549784843
-2.589667204469680 -0.249469892209092
-2.586612729889023 -0.249466209536310
-2.583558255308366 -0.249462501598077
-2.580503780727709 -0.249458768224888
-2.577449306147052 -0.249455009246145
-2.574394831566395 -0.249451224490152
-2.571340356985738 -0.249447413784108
-2.568285882405081 -0.249443576954101
-2.565231407824424 -0.249439713825100
-2.562176933243767 -0.249435824220950
-2.559122458663110 -0.249431907964365
-2.556067984082453 -0.249427964876921
-2.553013509501795 -0.249423994779049
-2.549959034921138 -0.249419997490026
-2.546904560340481 -0.249415972827975
-2.543850085759824 -0.249411920609851
-2.540795611179167 -0.249407840651437
-2.537741136598510 -0.249403732767338
-2.534686662017853 -0.249399596770973
-2.531632187437196 -0.249395432474568
-2.528577712856539 -0.249391239689148
-2.525523238275881 -0.249387018224533
-2.522468763695224 -0.249382767889328
-2.519414289114567 -0.249378488490916
-2.516359814533910 -0.249374179835454
-2.513305339953253 -0.249369841727862
-2.510250865372596 -0.249365473971818
-2.507196390791939 -0.249361076369750
-2.504141916211282 -0.249356648722828
-2.501087441630625 -0.249352190830960
-2.498032967049967 -0.249347702492780
-2.494978492469310 -0.249343183505643
-2.491924017888653 -0.249338633665618
-2.488869543307996 -0.249334052767481
-2.485815068727339 -0.249329440604705
-2.482760594146682 -0.249324796969454
-2.479706119566025 -0.249320121652576
-2.476651644985368 -0.249315414443595
-2.473597170404711 -0.249310675130704
-2.470542695824054 -0.249305903500754
-2.467488221243396 -0.249301099339251
-2.464433746662739 -0.249296262430345
-2.461379272082082 -0.249291392556826
-2.458324797501425 -0.249286489500109
-2.455270322920768 -0.249281553040234
-2.452215848340111 -0.249276582955855
-2.449161373759454 -0.249271579024231
-2.446106899178797 -0.249266541021218
-2.443052424598140 -0.249261468721264
-2.439997950017482 -0.249256361897398
-2.436943475436826 -0.249251220321223
-2.433889000856169 -0.249246043762909
-2.430834526275512 -0.249240831991182
-2.427780051694855 -0.249235584773318
-2.424725577114198 -0.249230301875136
-2.421671102533541 -0.249224983060986
-2.418616627952884 -0.249219628093745
-2.415562153372226 -0.249214236734806
-2.412507678791569 -0.249208808744068
-2.409453204210912 -0.249203343879934
-2.406398729630255 -0.249197841899295
-2.403344255049598 -0.249192302557527
-2.400289780468941 -0.249186725608480
-2.397235305888284 -0.249181110804471
-2.394180831307627 -0.249175457896272
-2.391126356726970 -0.249169766633106
-2.388071882146312 -0.249164036762637
-2.385017407565655 -0.249158268030958
-2.381962932984998 -0.249152460182587
-2.378908458404341 -0.249146612960456
-2.375853983823684 -0.249140726105902
-2.372799509243027 -0.249134799358659
-2.369745034662370 -0.249128832456848
-2.366690560081713 -0.249122825136969
-2.363636085501056 -0.249116777133893
-2.360581610920399 -0.249110688180851
-2.357527136339741 -0.249104558009427
-2.354472661759084 -0.249098386349548
-2.351418187178427 -0.249092172929473
-2.348363712597770 -0.249085917475788
-2.345309238017113 -0.249079619713394
-2.342254763436456 -0.249073279365499
-2.339200288855799 -0.249066896153607
-2.336145814275142 -0.249060469797512
-2.333091339694485 -0.249054000015285
-2.330036865113827 -0.249047486523269
-2.326982390533170 -0.249040929036064
-2.323927915952513 -0.249034327266523
-2.320873441371856 -0.249027680925740
-2.317818966791199 -0.249020989723039
-2.314764492210542 -0.249014253365970
-2.311710017629885 -0.249007471560293
-2.308655543049228 -0.249000644009972
-2.305601068468571 -0.248993770417166
-2.302546593887913 -0.248986850482215
-2.299492119307256 -0.248979883903636
-2.296437644726599 -0.248972870378111
-2.293383170145942 -0.248965809600475
-2.290328695565286 -0.248958701263709
-2.287274220984629 -0.248951545058930
-2.284219746403972 -0.248944340675380
-2.281165271823315 -0.248937087800415
-2.278110797242658 -0.248929786119499
-2.275056322662000 -0.248922435316192
-2.272001848081343 -0.248915035072136
-2.268947373500686 -0.248907585067054
-2.265892898920029 -0.248900084978730
-2.262838424339372 -0.248892534483006
-2.259783949758715 -0.248884933253768
-2.256729475178058 -0.248877280962939
-2.253675000597401 -0.248869577280466
-2.250620526016744 -0.248861821874310
-2.247566051436086 -0.248854014410438
-2.244511576855429 -0.248846154552811
-2.241457102274772 -0.248838241963371
-2.238402627694115 -0.248830276302039
-2.235348153113458 -0.248822257226694
-2.232293678532801 -0.248814184393169
-2.229239203952144 -0.248806057455242
-2.226184729371487 -0.248797876064618
-2.223130254790830 -0.248789639870928
-2.220075780210172 -0.248781348521709
-2.217021305629515 -0.248773001662400
-2.213966831048858 -0.248764598936331
-2.210912356468201 -0.248756139984708
-2.207857881887544 -0.248747624446605
-2.204803407306887 -0.248739051958955
-2.201748932726230 -0.248730422156535
-2.198694458145573 -0.248721734671961
-2.195639983564916 -0.248712989135670
-2.192585508984259 -0.248704185175915
-2.189531034403601 -0.248695322418752
-2.186476559822944 -0.248686400488028
-2.183422085242287 -0.248677419005371
-2.180367610661630 -0.248668377590182
-2.177313136080973 -0.248659275859617
-2.174258661500316 -0.248650113428582
-2.171204186919659 -0.248640889909721
-2.168149712339002 -0.248631604913401
-2.165095237758345 -0.248622258047706
-2.162040763177687 -0.248612848918423
-2.158986288597030 -0.248603377129030
-2.155931814016373 -0.248593842280688
-2.152877339435716 -0.248584243972227
-2.149822864855059 -0.248574581800135
-2.146768390274402 -0.248564855358547
-2.143713915693746 -0.248555064239235
-2.140659441113089 -0.248545208031595
-2.137604966532431 -0.248535286322634
-2.134550491951774 -0.248525298696965
-2.131496017371117 -0.248515244736786
-2.128441542790460 -0.248505124021878
-2.125387068209803 -0.248494936129586
-2.122332593629146 -0.248484680634812
-2.119278119048489 -0.248474357110003
-2.116223644467832 -0.248463965125136
-2.113169169887175 -0.248453504247711
-2.110114695306518 -0.248442974042736
-2.107060220725860 -0.248432374072717
-2.104005746145203 -0.248421703897644
-2.100951271564546 -0.248410963074985
-2.097896796983889 -0.248400151159666
-2.094842322403232 -0.248389267704066
-2.091787847822575 -0.248378312258003
-2.088733373241918 -0.248367284368720
-2.085678898661261 -0.248356183580878
-2.082624424080604 -0.248345009436538
-2.079569949499946 -0.248333761475155
-2.076515474919289 -0.248322439233562
-2.073461000338632 -0.248311042245960
-2.070406525757975 -0.248299570043906
-2.067352051177318 -0.248288022156300
-2.064297576596661 -0.248276398109373
-2.061243102016004 -0.248264697426679
-2.058188627435347 -0.248252919629075
-2.055134152854690 -0.248241064234717
-2.052079678274032 -0.248229130759043
-2.049025203693375 -0.248217118714762
-2.045970729112718 -0.248205027611845
-2.042916254532061 -0.248192856957506
-2.039861779951404 -0.248180606256199
-2.036807305370747 -0.248168275009597
-2.033752830790090 -0.248155862716585
-2.030698356209433 -0.248143368873248
-2.027643881628776 -0.248130792972856
-2.024589407048119 -0.248118134505853
-2.021534932467461 -0.248105392959846
-2.018480457886804 -0.248092567819592
-2.015425983306147 -0.248079658566983
-2.012371508725490 -0.248066664681040
-2.009317034144833 -0.248053585637894
-2.006262559564176 -0.248040420910778
-2.003208084983519 -0.248027169970014
-2.000153610402863 -0.248013832282999
-1.997099135822205 -0.248000407314194
-1.994044661241548 -0.247986894525111
-1.990990186660891 -0.247973293374303
-1.987935712080234 -0.247959603317349
-1.984881237499577 -0.247945823806840
-1.981826762918920 -0.247931954292373
-1.978772288338263 -0.247917994220533
-1.975717813757606 -0.247903943034882
-1.972663339176949 -0.247889800175947
-1.969608864596291 -0.247875565081209
-1.966554390015634 -0.247861237185087
-1.963499915434977 -0.247846815918931
-1.960445440854320 -0.247832300711003
-1.957390966273663 -0.247817690986471
-1.954336491693006 -0.247802986167393
-1.951282017112349 -0.247788185672703
-1.948227542531692 -0.247773288918206
-1.945173067951035 -0.247758295316555
-1.942118593370378 -0.247743204277247
-1.939064118789720 -0.247728015206609
-1.936009644209063 -0.247712727507782
-1.932955169628406 -0.247697340580713
-1.929900695047749 -0.247681853822138
-1.926846220467092 -0.247666266625575
-1.923791745886435 -0.247650578381309
-1.920737271305778 -0.247634788476377
-1.917682796725121 -0.247618896294561
-1.914628322144464 -0.247602901216372
-1.911573847563806 -0.247586802619037
-1.908519372983149 -0.247570599876491
-1.905464898402492 -0.247554292359361
-1.902410423821835 -0.247537879434953
-1.899355949241178 -0.247521360467243
-1.896301474660521 -0.247504734816864
-1.893247000079864 -0.247488001841091
-1.890192525499207 -0.247471160893831
-1.887138050918550 -0.247454211325612
-1.884083576337892 -0.247437152483566
-1.881029101757235 -0.247419983711422
-1.877974627176578 -0.247402704349493
-1.874920152595921 -0.247385313734659
-1.871865678015264 -0.247367811200363
-1.868811203434607 -0.247350196076591
-1.865756728853950 -0.247332467689865
-1.862702254273293 -0.247314625363227
-1.859647779692636 -0.247296668416232
-1.856593305111979 -0.247278596164930
-1.853538830531322 -0.247260407921862
-1.850484355950665 -0.247242102996037
-1.847429881370008 -0.247223680692930
-1.844375406789351 -0.247205140314466
-1.841320932208694 -0.247186481159008
-1.838266457628037 -0.247167702521345
-1.835211983047380 -0.247148803692680
-1.832157508466723 -0.247129783960622
-1.829103033886065 -0.247110642609167
-1.826048559305408 -0.247091378918693
-1.822994084724751 -0.247071992165945
-1.819939610144094 -0.247052481624024
-1.816885135563437 -0.247032846562377
-1.813830660982780 -0.247013086246780
-1.810776186402123 -0.246993199939335
-1.807721711821466 -0.246973186898449
-1.804667237240809 -0.246953046378832
-1.801612762660151 -0.246932777631477
-1.798558288079494 -0.246912379903655
-1.795503813498837 -0.246891852438899
-1.792449338918180 -0.246871194476999
-1.789394864337523 -0.246850405253981
-1.786340389756866 -0.246829484002107
-1.783285915176209 -0.246808429949854
-1.780231440595552 -0.246787242321910
-1.777176966014895 -0.246765920339160
-1.774122491434238 -0.246744463218673
-1.771068016853580 -0.246722870173696
-1.768013542272923 -0.246701140413640
-1.764959067692266 -0.246679273144068
-1.761904593111609 -0.246657267566688
-1.758850118530952 -0.246635122879339
-1.755795643950295 -0.246612838275982
-1.752741169369638 -0.246590412946689
-1.749686694788981 -0.246567846077632
-1.746632220208324 -0.246545136851073
-1.743577745627666 -0.246522284445356
-1.740523271047009 -0.246499288034892
-1.737468796466352 -0.246476146790151
-1.734414321885695 -0.246452859877654
-1.731359847305038 -0.246429426459958
-1.728305372724381 -0.246405845695653
-1.725250898143724 -0.246382116739344
-1.722196423563067 -0.246358238741647
-1.719141948982410 -0.246334210849177
-1.716087474401752 -0.246310032204538
-1.713032999821095 -0.246285701946315
-1.709978525240439 -0.246261219209063
-1.706924050659782 -0.246236583123297
-1.703869576079125 -0.246211792815485
-1.700815101498468 -0.246186847408035
-1.697760626917811 -0.246161746019291
-1.694706152337154 -0.246136487763519
-1.691651677756496 -0.246111071750899
-1.688597203175839 -0.246085497087520
-1.685542728595182 -0.246059762875364
-1.682488254014525 -0.246033868212305
-1.679433779433868 -0.246007812192095
-1.676379304853211 -0.245981593904356
-1.673324830272554 -0.245955212434576
-1.670270355691897 -0.245928666864093
-1.667215881111240 -0.245901956270094
-1.664161406530583 -0.245875079725604
-1.661106931949925 -0.245848036299476
-1.658052457369268 -0.245820825056386
-1.654997982788611 -0.245793445056824
-1.651943508207954 -0.245765895357087
-1.648889033627297 -0.245738175009270
-1.645834559046640 -0.245710283061258
-1.642780084465983 -0.245682218556723
-1.639725609885326 -0.245653980535112
-1.636671135304669 -0.245625568031640
-1.633616660724011 -0.245596980077288
-1.630562186143354 -0.245568215698791
-1.627507711562697 -0.245539273918631
-1.624453236982040 -0.245510153755035
-1.621398762401383 -0.245480854221965
-1.618344287820726 -0.245451374329112
-1.615289813240069 -0.245421713081890
-1.612235338659412 -0.245391869481430
-1.609180864078755 -0.245361842524575
-1.606126389498097 -0.245331631203873
-1.603071914917440 -0.245301234507570
-1.600017440336783 -0.245270651419607
-1.596962965756126 -0.245239880919614
-1.593908491175469 -0.245208921982904
-1.590854016594812 -0.245177773580468
-1.587799542014155 -0.245146434678971
-1.584745067433498 -0.245114904240743
-1.581690592852841 -0.245083181223783
-1.578636118272184 -0.245051264581745
-1.575581643691526 -0.245019153263940
-1.572527169110869 -0.244986846215328
-1.569472694530212 -0.244954342376517
-1.566418219949555 -0.244921640683757
-1.563363745368899 -0.244888740068937
-1.560309270788242 -0.244855639459581
-1.557254796207585 -0.244822337778846
-1.554200321626928 -0.244788833945518
-1.551145847046270 -0.244755126874006
-1.548091372465613 -0.244721215474346
-1.545036897884956 -0.244687098652192
-1.541982423304299 -0.244652775308814
-1.538927948723642 -0.244618244341102
-1.535873474142985 -0.244583504641555
-1.532818999562328 -0.244548555098285
-1.529764524981671 -0.244513394595013
-1.526710050401014 -0.244478022011068
-1.523655575820356 -0.244442436221386
-1.520601101239699 -0.244406636096508
-1.517546626659042 -0.244370620502580
-1.514492152078385 -0.244334388301348
-1.511437677497728 -0.244297938350165
-1.508383202917071 -0.244261269501985
-1.505328728336414 -0.244224380605364
-1.502274253755757 -0.244187270504458
-1.499219779175100 -0.244149938039030
-1.496165304594443 -0.244112382044442
-1.493110830013785 -0.244074601351661
-1.490056355433128 -0.244036594787256
-1.487001880852471 -0.243998361173406
-1.483947406271814 -0.243959899327891
-1.480892931691157 -0.243921208064103
-1.477838457110500 -0.243882286191042
-1.474783982529843 -0.243843132513319
-1.471729507949186 -0.243803745831160
-1.468675033368529 -0.243764124940408
-1.465620558787871 -0.243724268632522
-1.462566084207214 -0.243684175694585
-1.459511609626557 -0.243643844909305
-1.456457135045900 -0.243603275055015
-1.453402660465243 -0.243562464905684
-1.450348185884586 -0.243521413230913
-1.447293711303929 -0.243480118795943
-1.444239236723272 -0.243438580361661
-1.441184762142615 -0.243396796684600
-1.438130287561957 -0.243354766516947
-1.435075812981300 -0.243312488606547
-1.432021338400643 -0.243269961696909
-1.428966863819986 -0.243227184527210
-1.425912389239329 -0.243184155832304
-1.422857914658672 -0.243140874342724
-1.419803440078015 -0.243097338784690
-1.416748965497359 -0.243053547880119
-1.413694490916702 -0.243009500346625
-1.410640016336044 -0.242965194897533
-1.407585541755387 -0.242920630241883
-1.404531067174730 -0.242875805084436
-1.401476592594073 -0.242830718125687
-1.398422118013416 -0.242785368061869
-1.395367643432759 -0.242739753584964
-1.392313168852102 -0.242693873382710
-1.389258694271445 -0.242647726138611
-1.386204219690788 -0.242601310531947
-1.383149745110130 -0.242554625237784
-1.380095270529473 -0.242507668926981
-1.377040795948816 -0.242460440266204
-1.373986321368159 -0.242412937917936
-1.370931846787502 -0.242365160540485
-1.367877372206845 -0.242317106787999
-1.364822897626188 -0.242268775310475
-1.361768423045531 -0.242220164753771
-1.358713948464874 -0.242171273759621
-1.355659473884216 -0.242122100965643
-1.352604999303559 -0.242072645005355
-1.349550524722902 -0.242022904508188
-1.346496050142245 -0.241972878099497
-1.343441575561588 -0.241922564400577
-1.340387100980931 -0.241871962028677
-1.337332626400274 -0.241821069597012
-1.334278151819617 -0.241769885714783
-1.331223677238960 -0.241718408987184
-1.328169202658303 -0.241666638015426
-1.325114728077645 -0.241614571396747
-1.322060253496988 -0.241562207724430
-1.319005778916331 -0.241509545587818
-1.315951304335674 -0.241456583572334
-1.312896829755017 -0.241403320259495
-1.309842355174360 -0.241349754226931
-1.306787880593703 -0.241295884048402
-1.303733406013046 -0.241241708293817
-1.300678931432389 -0.241187225529251
-1.297624456851731 -0.241132434316966
-1.294569982271074 -0.241077333215429
-1.291515507690417 -0.241021920779330
-1.288461033109760 -0.240966195559607
-1.285406558529103 -0.240910156103460
-1.282352083948446 -0.240853800954376
-1.279297609367789 -0.240797128652149
-1.276243134787132 -0.240740137732900
-1.273188660206475 -0.240682826729102
-1.270134185625818 -0.240625194169600
-1.267079711045161 -0.240567238579631
-1.264025236464504 -0.240508958480852
-1.260970761883847 -0.240450352391363
-1.257916287303190 -0.240391418825725
-1.254861812722533 -0.240332156294990
-1.251807338141876 -0.240272563306724
-1.248752863561219 -0.240212638365031
-1.245698388980562 -0.240152379970576
-1.242643914399904 -0.240091786620619
-1.239589439819247 -0.240030856809030
-1.236534965238590 -0.239969589026323
-1.233480490657933 -0.239907981759683
-1.230426016077276 -0.239846033492988
-1.227371541496619 -0.239783742706842
-1.224317066915962 -0.239721107878599
-1.221262592335305 -0.239658127482395
-1.218208117754648 -0.239594799989177
-1.215153643173990 -0.239531123866727
-1.212099168593333 -0.239467097579699
-1.209044694012676 -0.239402719589644
-1.205990219432019 -0.239337988355044
-1.202935744851362 -0.239272902331340
-1.199881270270705 -0.239207459970966
-1.196826795690048 -0.239141659723379
-1.193772321109391 -0.239075500035094
-1.190717846528734 -0.239008979349712
-1.187663371948076 -0.238942096107960
-1.184608897367419 -0.238874848747717
-1.181554422786762 -0.238807235704054
-1.178499948206105 -0.238739255409267
-1.175445473625448 -0.238670906292910
-1.172390999044791 -0.238602186781830
-1.169336524464134 -0.238533095300209
-1.166282049883477 -0.238463630269592
-1.163227575302820 -0.238393790108929
-1.160173100722163 -0.238323573234611
-1.157118626141505 -0.238252978060505
-1.154064151560848 -0.238182002997997
-1.151009676980191 -0.238110646456027
-1.147955202399534 -0.238038906841129
-1.144900727818877 -0.237966782557469
-1.141846253238220 -0.237894272006888
-1.138791778657563 -0.237821373588939
-1.135737304076906 -0.237748085700929
-1.132682829496249 -0.237674406737963
-1.129628354915591 -0.237600335092981
-1.126573880334935 -0.237525869156803
-1.123519405754278 -0.237451007318172
-1.120464931173621 -0.237375747963794
-1.117410456592964 -0.237300089478387
-1.114355982012307 -0.237224030244720
-1.111301507431650 -0.237147568643659
-1.108247032850993 -0.237070703054214
-1.105192558270335 -0.236993431853581
-1.102138083689678 -0.236915753417193
-1.099083609109021 -0.236837666118761
-1.096029134528364 -0.236759168330322
-1.092974659947707 -0.236680258422291
-1.089920185367050 -0.236600934763502
-1.086865710786393 -0.236521195721264
-1.083811236205736 -0.236441039661401
-1.080756761625079 -0.236360464948310
-1.077702287044422 -0.236279469945003
-1.074647812463764 -0.236198053013164
-1.071593337883107 -0.236116212513195
-1.068538863302450 -0.236033946804271
-1.065484388721793 -0.235951254244386
-1.062429914141136 -0.235868133190413
-1.059375439560479 -0.235784581998149
-1.056320964979822 -0.235700599022376
-1.053266490399165 -0.235616182616905
-1.050212015818508 -0.235531331134641
-1.047157541237850 -0.235446042927628
-1.044103066657193 -0.235360316347111
-1.041048592076536 -0.235274149743588
-1.037994117495879 -0.235187541466867
-1.034939642915222 -0.235100489866122
-1.031885168334565 -0.235012993289953
-1.028830693753908 -0.234925050086439
-1.025776219173251 -0.234836658603199
-1.022721744592594 -0.234747817187451
-1.019667270011936 -0.234658524186069
-1.016612795431279 -0.234568777945644
-1.013558320850622 -0.234478576812544
-1.010503846269965 -0.234387919132972
-1.007449371689308 -0.234296803253032
-1.004394897108651 -0.234205227518785
-1.001340422527994 -0.234113190276317
-0.998285947947337 -0.234020689871794
-0.995231473366680 -0.233927724651532
-0.992176998786023 -0.233834292962057
-0.989122524205365 -0.233740393150168
-0.986068049624708 -0.233646023563006
-0.983013575044051 -0.233551182548112
-0.979959100463395 -0.233455868453499
-0.976904625882738 -0.233360079627714
-0.973850151302081 -0.233263814419906
-0.970795676721424 -0.233167071179894
-0.967741202140767 -0.233069848258229
-0.964686727560109 -0.232972144006269
-0.961632252979452 -0.232873956776242
-0.958577778398795 -0.232775284921319
-0.955523303818138 -0.232676126795680
-0.952468829237481 -0.232576480754582
-0.949414354656824 -0.232476345154438
-0.946359880076167 -0.232375718352876
-0.943305405495510 -0.232274598708820
-0.940250930914853 -0.232172984582556
-0.937196456334195 -0.232070874335806
-0.934141981753538 -0.231968266331802
-0.931087507172881 -0.231865158935355
-0.928033032592224 -0.231761550512934
-0.924978558011567 -0.231657439432735
-0.921924083430910 -0.231552824064759
-0.918869608850253 -0.231447702780886
-0.915815134269596 -0.231342073954950
-0.912760659688939 -0.231235935962814
-0.909706185108281 -0.231129287182450
-0.906651710527624 -0.231022125994010
-0.903597235946967 -0.230914450779909
-0.900542761366310 -0.230806259924900
-0.897488286785653 -0.230697551816153
-0.894433812204996 -0.230588324843331
-0.891379337624339 -0.230478577398674
-0.888324863043682 -0.230368307877074
-0.885270388463025 -0.230257514676158
-0.882215913882368 -0.230146196196367
-0.879161439301710 -0.230034350841036
-0.876106964721053 -0.229921977016479
-0.873052490140396 -0.229809073132065
-0.869998015559739 -0.229695637600306
-0.866943540979082 -0.229581668836936
-0.863889066398425 -0.229467165260994
-0.860834591817768 -0.229352125294911
-0.857780117237111 -0.229236547364589
-0.854725642656454 -0.229120429899488
-0.851671168075796 -0.229003771332712
-0.848616693495139 -0.228886570101091
-0.845562218914482 -0.228768824645268
-0.842507744333825 -0.228650533409786
-0.839453269753168 -0.228531694843172
-0.836398795172512 -0.228412307398027
-0.833344320591855 -0.228292369531110
-0.830289846011198 -0.228171879703426
-0.827235371430540 -0.228050836380316
-0.824180896849883 -0.227929238031544
-0.821126422269226 -0.227807083131385
-0.818071947688569 -0.227684370158715
-0.815017473107912 -0.227561097597100
-0.811962998527255 -0.227437263934887
-0.808908523946598 -0.227312867665292
-0.805854049365941 -0.227187907286493
-0.802799574785284 -0.227062381301719
-0.799745100204627 -0.226936288219343
-0.796690625623969 -0.226809626552971
-0.793636151043312 -0.226682394821536
-0.790581676462655 -0.226554591549390
-0.787527201881998 -0.226426215266398
-0.784472727301341 -0.226297264508028
-0.781418252720684 -0.226167737815446
-0.778363778140027 -0.226037633735610
-0.775309303559370 -0.225906950821362
-0.772254828978713 -0.225775687631526
-0.769200354398055 -0.225643842730998
-0.766145879817398 -0.225511414690845
-0.763091405236741 -0.225378402088398
-0.760036930656084 -0.225244803507346
-0.756982456075427 -0.225110617537836
-0.753927981494770 -0.224975842776566
-0.750873506914113 -0.224840477826882
-0.747819032333456 -0.224704521298874
-0.744764557752799 -0.224567971809474
-0.741710083172141 -0.224430827982554
-0.738655608591484 -0.224293088449019
-0.735601134010827 -0.224154751846911
-0.732546659430170 -0.224015816821502
-0.729492184849513 -0.223876282025395
-0.726437710268856 -0.223736146118619
-0.723383235688199 -0.223595407768733
-0.720328761107542 -0.223454065650920
-0.717274286526885 -0.223312118448088
-0.714219811946228 -0.223169564850968
-0.711165337365570 -0.223026403558217
-0.708110862784913 -0.222882633276513
-0.705056388204256 -0.222738252720659
-0.702001913623599 -0.222593260613680
-0.698947439042942 -0.222447655686925
-0.695892964462285 -0.222301436680166
-0.692838489881628 -0.222154602341702
-0.689784015300972 -0.222007151428454
-0.686729540720314 -0.221859082706072
-0.683675066139657 -0.221710394949031
-0.680620591559000 -0.221561086940737
-0.677566116978343 -0.221411157473623
-0.674511642397686 -0.221260605349256
-0.671457167817029 -0.221109429378433
-0.668402693236372 -0.220957628381289
-0.665348218655715 -0.220805201187394
-0.662293744075058 -0.220652146635854
-0.659239269494400 -0.220498463575419
-0.656184794913743 -0.220344150864579
-0.653130320333086 -0.220189207371670
-0.650075845752429 -0.220033631974975
-0.647021371171772 -0.219877423562826
-0.643966896591115 -0.219720581033704
-0.640912422010458 -0.219563103296349
-0.637857947429801 -0.219404989269853
-0.634803472849144 -0.219246237883769
-0.631748998268487 -0.219086848078212
-0.628694523687829 -0.218926818803959
-0.625640049107172 -0.218766149022556
-0.622585574526515 -0.218604837706416
-0.619531099945858 -0.218442883838926
-0.616476625365201 -0.218280286414543
-0.613422150784544 -0.218117044438906
-0.610367676203887 -0.217953156928930
-0.607313201623230 -0.217788622912911
-0.604258727042573 -0.217623441430632
-0.601204252461915 -0.217457611533459
-0.598149777881258 -0.217291132284450
-0.595095303300601 -0.217124002758451
-0.592040828719944 -0.216956222042203
-0.588986354139287 -0.216787789234439
-0.585931879558630 -0.216618703445994
-0.582877404977973 -0.216448963799896
-0.579822930397316 -0.216278569431478
-0.576768455816659 -0.216107519488472
-0.573713981236001 -0.215935813131117
-0.570659506655344 -0.215763449532253
-0.567605032074687 -0.215590427877428
-0.564550557494030 -0.215416747364997
-0.561496082913373 -0.215242407206224
-0.558441608332716 -0.215067406625379
-0.555387133752059 -0.214891744859842
-0.552332659171402 -0.214715421160204
-0.549278184590745 -0.214538434790364
-0.546223710010088 -0.214360785027631
-0.543169235429431 -0.214182471162821
-0.540114760848774 -0.214003492500361
-0.537060286268117 -0.213823848358384
-0.534005811687460 -0.213643538068830
-0.530951337106803 -0.213462560977545
-0.527896862526146 -0.213280916444376
-0.524842387945489 -0.213098603843275
-0.521787913364832 -0.212915622562391
-0.518733438784174 -0.212731972004171
-0.515678964203517 -0.212547651585456
-0.512624489622860 -0.212362660737579
-0.509570015042203 -0.212176998906460
-0.506515540461546 -0.211990665552703
-0.503461065880889 -0.211803660151693
-0.500406591300232 -0.211615982193690
-0.497352116719575 -0.211427631183923
-0.494297642138918 -0.211238606642689
-0.491243167558260 -0.211048908105443
-0.488188692977603 -0.210858535122897
-0.485134218396946 -0.210667487261107
-0.482079743816289 -0.210475764101571
-0.479025269235632 -0.210283365241322
-0.475970794654975 -0.210090290293018
-0.472916320074318 -0.209896538885034
-0.469861845493661 -0.209702110661557
-0.466807370913004 -0.209507005282672
-0.463752896332347 -0.209311222424455
-0.460698421751689 -0.209114761779065
-0.457643947171032 -0.208917623054829
-0.454589472590375 -0.208719805976336
-0.451534998009718 -0.208521310284522
-0.448480523429061 -0.208322135736759
-0.445426048848404 -0.208122282106942
-0.442371574267747 -0.207921749185578
-0.439317099687090 -0.207720536779871
-0.436262625106433 -0.207518644713808
-0.433208150525775 -0.207316072828241
-0.430153675945118 -0.207112820980980
-0.427099201364461 -0.206908889046868
-0.424044726783804 -0.206704276917869
-0.420990252203147 -0.206498984503151
-0.417935777622490 -0.206293011729167
-0.414881303041833 -0.206086358539739
-0.411826828461176 -0.205879024896133
-0.408772353880519 -0.205671010777147
-0.405717879299861 -0.205462316179186
-0.402663404719204 -0.205252941116342
-0.399608930138548 -0.205042885620471
-0.396554455557891 -0.204832149741275
-0.393499980977234 -0.204620733546373
-0.390445506396577 -0.204408637121382
-0.387391031815920 -0.204195860569990
-0.384336557235263 -0.203982404014031
-0.381282082654606 -0.203768267593560
-0.378227608073948 -0.203553451466924
-0.375173133493291 -0.203337955810839
-0.372118658912634 -0.203121780820457
-0.369064184331977 -0.202904926709438
-0.366009709751320 -0.202687393710023
-0.362955235170663 -0.202469182073100
-0.359900760590006 -0.202250292068275
-0.356846286009349 -0.202030723983938
-0.353791811428692 -0.201810478127329
-0.350737336848034 -0.201589554824609
-0.347682862267377 -0.201367954420918
-0.344628387686720 -0.201145677280447
-0.341573913106063 -0.200922723786495
-0.338519438525406 -0.200699094341535
-0.335464963944749 -0.200474789367276
-0.332410489364092 -0.200249809304721
-0.329356014783435 -0.200024154614231
-0.326301540202778 -0.199797825775581
-0.323247065622120 -0.199570823288019
-0.320192591041463 -0.199343147670323
-0.317138116460806 -0.199114799460857
-0.314083641880149 -0.198885779217628
-0.311029167299492 -0.198656087518338
-0.307974692718835 -0.198425724960439
-0.304920218138178 -0.198194692161186
-0.301865743557521 -0.197962989757683
-0.298811268976864 -0.197730618406943
-0.295756794396207 -0.197497578785929
-0.292702319815549 -0.197263871591606
-0.289647845234892 -0.197029497540988
-0.286593370654235 -0.196794457371184
-0.283538896073578 -0.196558751839443
-0.280484421492921 -0.196322381723201
-0.277429946912264 -0.196085347820120
-0.274375472331607 -0.195847650948133
-0.271320997750950 -0.195609291945484
-0.268266523170293 -0.195370271670768
-0.265212048589635 -0.195130591002971
-0.262157574008978 -0.194890250841508
-0.259103099428321 -0.194649252106257
-0.256048624847664 -0.194407595737597
-0.252994150267008 -0.194165282696442
-0.249939675686351 -0.193922313964277
-0.246885201105694 -0.193678690543183
-0.243830726525037 -0.193434413455877
-0.240776251944379 -0.193189483745736
-0.237721777363722 -0.192943902476828
-0.234667302783065 -0.192697670733939
-0.231612828202408 -0.192450789622600
-0.228558353621751 -0.192203260269112
-0.225503879041094 -0.191955083820572
-0.222449404460437 -0.191706261444892
-0.219394929879780 -0.191456794330824
-0.216340455299123 -0.191206683687981
-0.213285980718465 -0.190955930746852
-0.210231506137808 -0.190704536758827
-0.207177031557151 -0.190452502996206
-0.204122556976494 -0.190199830752222
-0.201068082395837 -0.189946521341052
-0.198013607815180 -0.189692576097828
-0.194959133234523 -0.189437996378654
-0.191904658653866 -0.189182783560614
-0.188850184073209 -0.188926939041781
-0.185795709492552 -0.188670464241225
-0.182741234911894 -0.188413360599025
-0.179686760331237 -0.188155629576265
-0.176632285750580 -0.187897272655048
-0.173577811169923 -0.187638291338494
-0.170523336589266 -0.187378687150743
-0.167468862008609 -0.187118461636956
-0.164414387427952 -0.186857616363312
-0.161359912847295 -0.186596152917011
-0.158305438266638 -0.186334072906264
-0.155250963685980 -0.186071377960294
-0.152196489105323 -0.185808069729327
-0.149142014524666 -0.185544149884585
-0.146087539944009 -0.185279620118279
-0.143033065363352 -0.185014482143597
-0.139978590782695 -0.184748737694694
-0.136924116202038 -0.184482388526679
-0.133869641621381 -0.184215436415601
-0.130815167040724 -0.183947883158433
-0.127760692460067 -0.183679730573058
-0.124706217879409 -0.183410980498247
-0.121651743298752 -0.183141634793643
-0.118597268718095 -0.182871695339739
-0.115542794137438 -0.182601164037857
-0.112488319556781 -0.182330042810122
-0.109433844976125 -0.182058333599440
-0.106379370395468 -0.181786038369469
-0.103324895814810 -0.181513159104597
-0.100270421234153 -0.181239697809907
-0.097215946653496 -0.180965656511148
-0.094161472072839 -0.180691037254707
-0.091106997492182 -0.180415842107573
-0.088052522911525 -0.180140073157303
-0.084998048330868 -0.179863732511987
-0.081943573750211 -0.179586822300209
-0.078889099169554 -0.179309344671013
-0.075834624588897 -0.179031301793856
-0.072780150008239 -0.178752695858576
-0.069725675427582 -0.178473529075339
-0.066671200846925 -0.178193803674605
-0.063616726266268 -0.177913521907074
-0.060562251685611 -0.177632686043645
-0.057507777104954 -0.177351298375367
-0.054453302524297 -0.177069361213386
-0.051398827943640 -0.176786876888898
-0.048344353362983 -0.176503847753096
-0.045289878782325 -0.176220276177115
-0.042235404201668 -0.175936164551975
-0.039180929621011 -0.175651515288531
-0.036126455040354 -0.175366330817410
-0.033071980459697 -0.175080613588951
-0.030017505879040 -0.174794366073150
-0.026963031298383 -0.174507590759592
-0.023908556717726 -0.174220290157391
-0.020854082137069 -0.173932466795125
-0.017799607556412 -0.173644123220769
-0.014745132975754 -0.173355262001629
-0.011690658395097 -0.173065885724270
-0.008636183814440 -0.172775996994453
-0.005581709233783 -0.172485598437053
-0.002527234653126 -0.172194692695995
0.000527239927531 -0.171903282434176
0.003581714508188 -0.171611370333391
0.006636189088845 -0.171318959094253
0.009690663669502 -0.171026051436119
0.012745138250160 -0.170732650097006
0.015799612830817 -0.170438757833514
0.018854087411474 -0.170144377420741
0.021908561992131 -0.169849511652201
0.024963036572788 -0.169554163339738
0.028017511153445 -0.169258335313441
0.031071985734102 -0.168962030421554
0.034126460314759 -0.168665251530388
0.037180934895415 -0.168368001524236
0.040235409476073 -0.168070283305271
0.043289884056730 -0.167772099793462
0.046344358637387 -0.167473453926478
0.049398833218044 -0.167174348659590
0.052453307798701 -0.166874786965574
0.055507782379358 -0.166574771834620
0.058562256960015 -0.166274306274222
0.061616731540672 -0.165973393309087
0.064671206121329 -0.165672035981028
0.067725680701987 -0.165370237348861
0.070780155282644 -0.165068000488305
0.073834629863301 -0.164765328491870
0.076889104443958 -0.164462224468756
0.079943579024615 -0.164158691544743
0.082998053605272 -0.163854732862079
0.086052528185929 -0.163550351579375
0.089107002766586 -0.163245550871488
0.092161477347243 -0.162940333929412
0.095215951927901 -0.162634703960163
0.098270426508558 -0.162328664186660
0.101324901089215 -0.162022217847615
0.104379375669872 -0.161715368197412
0.107433850250529 -0.161408118505987
0.110488324831186 -0.161100472058711
0.113542799411843 -0.160792432156267
0.116597273992500 -0.160484002114527
0.119651748573157 -0.160175185264432
0.122706223153815 -0.159865984951865
0.125760697734472 -0.159556404537525
0.128815172315129 -0.159246447396803
0.131869646895786 -0.158936116919650
0.134924121476443 -0.158625416510453
0.137978596057100 -0.158314349587901
0.141033070637757 -0.158002919584857
0.144087545218414 -0.157691129948225
0.147142019799071 -0.157378984138815
0.150196494379728 -0.157066485631211
0.153250968960386 -0.156753637913635
0.156305443541043 -0.156440444487812
0.159359918121700 -0.156126908868830
0.162414392702357 -0.155813034585006
0.165468867283014 -0.155498825177741
0.168523341863671 -0.155184284201387
0.171577816444328 -0.154869415223099
0.174632291024985 -0.154554221822698
0.177686765605642 -0.154238707592523
0.180741240186300 -0.153922876137294
0.183795714766956 -0.153606731073959
0.186850189347613 -0.153290276031555
0.189904663928270 -0.152973514651056
0.192959138508927 -0.152656450585229
0.196013613089584 -0.152339087498485
0.199068087670241 -0.152021429066728
0.202122562250898 -0.151703478977205
0.205177036831555 -0.151385240928356
0.208231511412213 -0.151066718629663
0.211285985992870 -0.150747915801495
0.214340460573527 -0.150428836174954
0.217394935154184 -0.150109483491725
0.220449409734841 -0.149789861503915
0.223503884315498 -0.149469973973902
0.226558358896155 -0.149149824674177
0.229612833476812 -0.148829417387183
0.232667308057469 -0.148508755905164
0.235721782638127 -0.148187844029998
0.238776257218784 -0.147866685573045
0.241830731799441 -0.147545284354981
0.244885206380098 -0.147223644205640
0.247939680960755 -0.146901768963853
0.250994155541412 -0.146579662477282
0.254048630122069 -0.146257328602262
0.257103104702726 -0.145934771203633
0.260157579283383 -0.145611994154580
0.263212053864041 -0.145289001336465
0.266266528444698 -0.144965796638661
0.269321003025355 -0.144642383958392
0.272375477606012 -0.144318767200559
0.275429952186669 -0.143994950277578
0.278484426767326 -0.143670937109210
0.281538901347983 -0.143346731622394
0.284593375928640 -0.143022337751079
0.287647850509297 -0.142697759436052
0.290702325089955 -0.142373000624772
0.293756799670612 -0.142048065271199
0.296811274251269 -0.141722957335622
0.299865748831926 -0.141397680784488
0.302920223412583 -0.141072239590235
0.305974697993240 -0.140746637731114
0.309029172573897 -0.140420879191020
0.312083647154554 -0.140094967959321
0.315138121735211 -0.139768908030683
0.318192596315868 -0.139442703404895
0.321247070896526 -0.139116358086701
0.324301545477183 -0.138789876085620
0.327356020057839 -0.138463261415776
0.330410494638496 -0.138136518095721
0.333464969219153 -0.137809650148261
0.336519443799810 -0.137482661600284
0.339573918380467 -0.137155556482578
0.342628392961124 -0.136828338829661
0.345682867541782 -0.136501012679604
0.348737342122439 -0.136173582073855
0.351791816703096 -0.135846051057062
0.354846291283753 -0.135518423676896
0.357900765864410 -0.135190703983877
0.360955240445067 -0.134862896031196
0.364009715025724 -0.134535003874538
0.367064189606381 -0.134207031571906
0.370118664187038 -0.133878983183444
0.373173138767696 -0.133550862771256
0.376227613348353 -0.133222674399237
0.379282087929010 -0.132894422132888
0.382336562509667 -0.132566110039142
0.385391037090324 -0.132237742186189
0.388445511670981 -0.131909322643293
0.391499986251638 -0.131580855480621
0.394554460832295 -0.131252344769059
0.397608935412952 -0.130923794580044
0.400663409993609 -0.130595208985375
0.403717884574267 -0.130266592057048
0.406772359154923 -0.129937947867068
0.409826833735581 -0.129609280487282
0.412881308316237 -0.129280593989194
0.415935782896895 -0.128951892443792
0.418990257477551 -0.128623179921372
0.422044732058209 -0.128294460491361
0.425099206638865 -0.127965738222138
0.428153681219523 -0.127637017180862
0.431208155800180 -0.127308301433293
0.434262630380838 -0.126979595043619
0.437317104961494 -0.126650902074278
0.440371579542152 -0.126322226585783
0.443426054122808 -0.125993572636548
0.446480528703466 -0.125664944282714
0.449535003284122 -0.125336345577972
0.452589477864780 -0.125007780573392
0.455643952445437 -0.124679253317245
0.458698427026095 -0.124350767854833
0.461752901606751 -0.124022328228316
0.464807376187409 -0.123693938476535
0.467861850768065 -0.123365602634843
0.470916325348723 -0.123037324734934
0.473970799929379 -0.122709108804667
0.477025274510037 -0.122380958867898
0.480079749090693 -0.122052878944308
0.483134223671351 -0.121724873049230
0.486188698252008 -0.121396945193487
0.489243172832666 -0.121069099383210
0.492297647413322 -0.120741339619682
0.495352121993980 -0.120413669899159
0.498406596574636 -0.120086094212707
0.501461071155294 -0.119758616546034
0.504515545735950 -0.119431240879321
0.507570020316608 -0.119103971187058
0.510624494897264 -0.118776811437876
0.513678969477922 -0.118449765594380
0.516733444058579 -0.118122837612991
0.519787918639237 -0.117796031443772
0.522842393219893 -0.117469351030272
0.525896867800551 -0.117142800309360
0.528951342381207 -0.116816383211063
0.532005816961865 -0.116490103658401
0.535060291542521 -0.116163965567233
0.538114766123179 -0.115837972846090
0.541169240703836 -0.115512129396016
0.544223715284494 -0.115186439110414
0.547278189865150 -0.114860905874882
0.550332664445806 -0.114535533567055
0.553387139026464 -0.114210326056454
0.556441613607120 -0.113885287204323
0.559496088187778 -0.113560420863478
0.562550562768434 -0.113235730878150
0.565605037349092 -0.112911221083831
0.568659511929749 -0.112586895307123
0.571713986510407 -0.112262757365583
0.574768461091063 -0.111938811067571
0.577822935671721 -0.111615060212105
0.580877410252377 -0.111291508588701
0.583931884833035 -0.110968159977233
0.586986359413691 -0.110645018147780
0.590040833994349 -0.110322086860481
0.593095308575005 -0.109999369865386
0.596149783155663 -0.109676870902310
0.599204257736320 -0.109354593700694
0.602258732316978 -0.109032541979453
0.605313206897634 -0.108710719446837
0.608367681478292 -0.108389129800290
0.611422156058948 -0.108067776726309
0.614476630639606 -0.107746663900297
0.617531105220262 -0.107425794986435
0.620585579800920 -0.107105173637535
0.623640054381577 -0.106784803494904
0.626694528962235 -0.106464688188211
0.629749003542891 -0.106144831335349
0.632803478123549 -0.105825236542301
0.635857952704205 -0.105505907403008
0.638912427284863 -0.105186847499232
0.641966901865519 -0.104868060400432
0.645021376446177 -0.104549549663627
0.648075851026833 -0.104231318833270
0.651130325607491 -0.103913371441118
0.654184800188148 -0.103595711006108
0.657239274768806 -0.103278341034226
0.660293749349462 -0.102961265018387
0.663348223930120 -0.102644486438306
0.666402698510776 -0.102328008760378
0.669457173091434 -0.102011835437557
0.672511647672090 -0.101695969909233
0.675566122252748 -0.101380415601111
0.678620596833404 -0.101065175925097
0.681675071414062 -0.100750254279178
0.684729545994719 -0.100435654047305
0.687784020575377 -0.100121378599277
0.690838495156033 -0.099807431290632
0.693892969736689 -0.099493815462526
0.696947444317347 -0.099180534441630
0.700001918898003 -0.098867591540012
0.703056393478661 -0.098554990055031
0.706110868059318 -0.098242733269230
0.709165342639976 -0.097930824450225
0.712219817220632 -0.097619266850601
0.715274291801290 -0.097308063707810
0.718328766381946 -0.096997218244062
0.721383240962604 -0.096686733666225
0.724437715543260 -0.096376613165726
0.727492190123918 -0.096066859918448
0.730546664704574 -0.095757477084632
0.733601139285232 -0.095448467808779
0.736655613865889 -0.095139835219554
0.739710088446547 -0.094831582429694
0.742764563027203 -0.094523712535906
0.745819037607861 -0.094216228618783
0.748873512188517 -0.093909133742706
0.751927986769175 -0.093602430955759
0.754982461349831 -0.093296123289635
0.758036935930489 -0.092990213759551
0.761091410511145 -0.092684705364162
0.764145885091803 -0.092379601085473
0.767200359672460 -0.092074903888757
0.770254834253118 -0.091770616722472
0.773309308833774 -0.091466742518179
0.776363783414432 -0.091163284190460
0.779418257995088 -0.090860244636843
0.782472732575746 -0.090557626737721
0.785527207156402 -0.090255433356274
0.788581681737060 -0.089953667338399
0.791636156317717 -0.089652331512632
0.794690630898375 -0.089351428690073
0.797745105479031 -0.089050961664323
0.800799580059689 -0.088750933211404
0.803854054640345 -0.088451346089695
0.806908529221003 -0.088152203039866
0.809963003801659 -0.087853506784806
0.813017478382317 -0.087555260029564
0.816071952962973 -0.087257465461280
0.819126427543631 -0.086960125749126
0.822180902124288 -0.086663243544242
0.825235376704946 -0.086366821479678
0.828289851285602 -0.086070862170336
0.831344325866260 -0.085775368212906
0.834398800446916 -0.085480342185821
0.837453275027572 -0.085185786649191
0.840507749608230 -0.084891704144756
0.843562224188886 -0.084598097195831
0.846616698769544 -0.084304968307255
0.849671173350201 -0.084012319965344
0.852725647930859 -0.083720154637837
0.855780122511515 -0.083428474773853
0.858834597092173 -0.083137282803844
0.861889071672829 -0.082846581139549
0.864943546253487 -0.082556372173952
0.867998020834143 -0.082266658281238
0.871052495414801 -0.081977441816754
0.874106969995458 -0.081688725116968
0.877161444576116 -0.081400510499432
0.880215919156772 -0.081112800262740
0.883270393737430 -0.080825596686500
0.886324868318086 -0.080538902031292
0.889379342898744 -0.080252718538639
0.892433817479400 -0.079967048430972
0.895488292060058 -0.079681893911601
0.898542766640714 -0.079397257164685
0.901597241221372 -0.079113140355201
0.904651715802029 -0.078829545628922
0.907706190382687 -0.078546475112384
0.910760664963343 -0.078263930912870
0.913815139544001 -0.077981915118375
0.916869614124657 -0.077700429797597
0.919924088705315 -0.077419476999903
0.922978563285971 -0.077139058755319
0.926033037866629 -0.076859177074506
0.929087512447285 -0.076579833948744
0.932141987027943 -0.076301031349916
0.935196461608600 -0.076022771230492
0.938250936189258 -0.075745055523517
0.941305410769914 -0.075467886142596
0.944359885350572 -0.075191264981883
0.947414359931228 -0.074915193916075
0.950468834511886 -0.074639674800393
0.953523309092542 -0.074364709470587
0.956577783673200 -0.074090299742917
0.959632258253857 -0.073816447414157
0.962686732834515 -0.073543154261583
0.965741207415171 -0.073270422042976
0.968795681995829 -0.072998252496616
0.971850156576485 -0.072726647341282
0.974904631157143 -0.072455608276252
0.977959105737799 -0.072185136981305
0.981013580318457 -0.071915235116722
0.984068054899113 -0.071645904323293
0.987122529479770 -0.071377146222316
0.990177004060428 -0.071108962415608
0.993231478641084 -0.070841354485510
0.996285953221742 -0.070574323994893
0.999340427802398 -0.070307872487170
1.002394902383056 -0.070042001486306
1.005449376963712 -0.069776712496828
1.008503851544370 -0.069512007003837
1.011558326125026 -0.069247886473022
1.014612800705684 -0.068984352350676
1.017667275286341 -0.068721406063709
1.020721749866999 -0.068459049019666
1.023776224447655 -0.068197282606745
1.026830699028313 -0.067936108193815
1.029885173608969 -0.067675527130436
1.032939648189627 -0.067415540746878
1.035994122770283 -0.067156150354147
1.039048597350941 -0.066897357244003
1.042103071931598 -0.066639162688987
1.045157546512256 -0.066381567942444
1.048212021092912 -0.066124574238550
1.051266495673570 -0.065868182792339
1.054320970254226 -0.065612394799729
1.057375444834884 -0.065357211437551
1.060429919415540 -0.065102633863582
1.063484393996198 -0.064848663216570
1.066538868576854 -0.064595300616272
1.069593343157512 -0.064342547163479
1.072647817738169 -0.064090403940058
1.075702292318827 -0.063838872008979
1.078756766899483 -0.063587952414354
1.081811241480141 -0.063337646181475
1.084865716060797 -0.063087954316844
1.087920190641455 -0.062838877808221
1.090974665222111 -0.062590417624653
1.094029139802769 -0.062342574716523
1.097083614383425 -0.062095350015581
1.100138088964083 -0.061848744434996
1.103192563544740 -0.061602758869390
1.106247038125398 -0.061357394194884
1.109301512706054 -0.061112651269144
1.112355987286712 -0.060868530931423
1.115410461867368 -0.060625034002611
1.118464936448026 -0.060382161285275
1.121519411028682 -0.060139913563711
1.124573885609340 -0.059898291603994
1.127628360189997 -0.059657296154021
1.130682834770653 -0.059416927943566
1.133737309351311 -0.059177187684328
1.136791783931967 -0.058938076069981
1.139846258512625 -0.058699593776232
1.142900733093281 -0.058461741460866
1.145955207673939 -0.058224519763807
1.149009682254595 -0.057987929307164
1.152064156835253 -0.057751970695296
1.155118631415910 -0.057516644514858
1.158173105996568 -0.057281951334866
1.161227580577224 -0.057047891706746
1.164282055157882 -0.056814466164400
1.167336529738538 -0.056581675224259
1.170391004319196 -0.056349519385342
1.173445478899852 -0.056117999129321
1.176499953480510 -0.055887114920577
1.179554428061167 -0.055656867206261
1.182608902641824 -0.055427256416361
1.185663377222481 -0.055198282963758
1.188717851803139 -0.054969947244292
1.191772326383795 -0.054742249636829
1.194826800964453 -0.054515190503320
1.197881275545109 -0.054288770188867
1.200935750125767 -0.054062989021792
1.203990224706423 -0.053837847313701
1.207044699287081 -0.053613345359549
1.210099173867738 -0.053389483437710
1.213153648448396 -0.053166261810044
1.216208123029052 -0.052943680721965
1.219262597609710 -0.052721740402510
1.222317072190366 -0.052500441064410
1.225371546771024 -0.052279782904156
1.228426021351680 -0.052059766102076
1.231480495932338 -0.051840390822399
1.234534970512994 -0.051621657213331
1.237589445093652 -0.051403565407128
1.240643919674309 -0.051186115520163
1.243698394254967 -0.050969307653004
1.246752868835623 -0.050753141890488
1.249807343416281 -0.050537618301789
1.252861817996937 -0.050322736940499
1.255916292577595 -0.050108497844700
1.258970767158251 -0.049894901037038
1.262025241738909 -0.049681946524801
1.265079716319566 -0.049469634299994
1.268134190900224 -0.049257964339416
1.271188665480880 -0.049046936604736
1.274243140061536 -0.048836551042571
1.277297614642194 -0.048626807584564
1.280352089222850 -0.048417706147462
1.283406563803508 -0.048209246633194
1.286461038384164 -0.048001428928949
1.289515512964822 -0.047794252907258
1.292569987545479 -0.047587718426069
1.295624462126137 -0.047381825328832
1.298678936706793 -0.047176573444577
1.301733411287451 -0.046971962587990
1.304787885868107 -0.046767992559504
1.307842360448765 -0.046564663145369
1.310896835029421 -0.046361974117741
1.313951309610079 -0.046159925234760
1.317005784190735 -0.045958516240636
1.320060258771393 -0.045757746865724
1.323114733352050 -0.045557616826614
1.326169207932708 -0.045358125826210
1.329223682513364 -0.045159273553814
1.332278157094022 -0.044961059685208
1.335332631674678 -0.044763483882740
1.338387106255336 -0.044566545795405
1.341441580835992 -0.044370245058931
1.344496055416650 -0.044174581295863
1.347550529997307 -0.043979554115644
1.350605004577965 -0.043785163114706
1.353659479158621 -0.043591407876548
1.356713953739279 -0.043398287971826
1.359768428319935 -0.043205802958435
1.362822902900593 -0.043013952381596
1.365877377481249 -0.042822735773941
1.368931852061907 -0.042632152655597
1.371986326642563 -0.042442202534275
1.375040801223221 -0.042252884905353
1.378095275803878 -0.042064199251963
1.381149750384536 -0.041876145045079
1.384204224965192 -0.041688721743599
1.387258699545850 -0.041501928794434
1.390313174126506 -0.041315765632597
1.393367648707164 -0.041130231681283
1.396422123287820 -0.040945326351963
1.399476597868478 -0.040761049044464
1.402531072449134 -0.040577399147063
1.405585547029792 -0.040394376036565
1.408640021610449 -0.040211979078399
1.411694496191107 -0.040030207626700
1.414748970771763 -0.039849061024394
1.417803445352419 -0.039668538603293
1.420857919933077 -0.039488639684172
1.423912394513733 -0.039309363576865
1.426966869094391 -0.039130709580347
1.430021343675048 -0.038952676982823
1.433075818255706 -0.038775265061814
1.436130292836362 -0.038598473084247
1.439184767417020 -0.038422300306538
1.442239241997676 -0.038246745974684
1.445293716578334 -0.038071809324345
1.448348191158990 -0.037897489580936
1.451402665739648 -0.037723785959712
1.454457140320304 -0.037550697665854
1.457511614900962 -0.037378223894558
1.460566089481619 -0.037206363831120
1.463620564062277 -0.037035116651027
1.466675038642933 -0.036864481520038
1.469729513223591 -0.036694457594277
1.472783987804247 -0.036525044020315
1.475838462384905 -0.036356239935258
1.478892936965561 -0.036188044466836
1.481947411546219 -0.036020456733488
1.485001886126875 -0.035853475844447
1.488056360707533 -0.035687100899828
1.491110835288190 -0.035521330990714
1.494165309868848 -0.035356165199242
1.497219784449504 -0.035191602598690
1.500274259030162 -0.035027642253563
1.503328733610818 -0.034864283219676
1.506383208191476 -0.034701524544242
1.509437682772132 -0.034539365265959
1.512492157352790 -0.034377804415092
1.515546631933447 -0.034216841013562
1.518601106514105 -0.034056474075028
1.521655581094761 -0.033896702604974
1.524710055675419 -0.033737525600793
1.527764530256075 -0.033578942051870
1.530819004836733 -0.033420950939672
1.533873479417389 -0.033263551237827
1.536927953998047 -0.033106741912209
1.539982428578703 -0.032950521921025
1.543036903159361 -0.032794890214895
1.546091377740018 -0.032639845736939
1.549145852320676 -0.032485387422858
1.552200326901332 -0.032331514201020
1.555254801481990 -0.032178224992539
1.558309276062646 -0.032025518711361
1.561363750643304 -0.031873394264348
1.564418225223960 -0.031721850551354
1.567472699804616 -0.031570886465316
1.570527174385274 -0.031420500892329
1.573581648965931 -0.031270692711730
1.576636123546589 -0.031121460796183
1.579690598127245 -0.030972804011754
1.582745072707903 -0.030824721217997
1.585799547288559 -0.030677211268033
1.588854021869217 -0.030530273008630
1.591908496449873 -0.030383905280286
1.594962971030531 -0.030238106917305
1.598017445611188 -0.030092876747883
1.601071920191846 -0.029948213594179
1.604126394772502 -0.029804116272404
1.607180869353160 -0.029660583592891
1.610235343933816 -0.029517614360182
1.613289818514474 -0.029375207373099
1.616344293095130 -0.029233361424831
1.619398767675788 -0.029092075303001
1.622453242256444 -0.028951347789755
1.625507716837102 -0.028811177661831
1.628562191417759 -0.028671563690641
1.631616665998417 -0.028532504642345
1.634671140579073 -0.028393999277931
1.637725615159731 -0.028256046353287
1.640780089740387 -0.028118644619281
1.643834564321045 -0.027981792821833
1.646889038901701 -0.027845489701995
1.649943513482359 -0.027709733996020
1.652997988063015 -0.027574524435444
1.656052462643673 -0.027439859747153
1.659106937224330 -0.027305738653464
1.662161411804988 -0.027172159872194
1.665215886385644 -0.027039122116736
1.668270360966302 -0.026906624096132
1.671324835546958 -0.026774664515145
1.674379310127616 -0.026643242074331
1.677433784708272 -0.026512355470114
1.680488259288930 -0.026382003394856
1.683542733869587 -0.026252184536928
1.686597208450245 -0.026122897580783
1.689651683030901 -0.025994141207025
1.692706157611559 -0.025865914092483
1.695760632192215 -0.025738214910277
1.698815106772873 -0.025611042329891
1.701869581353529 -0.025484395017239
1.704924055934187 -0.025358271634742
1.707978530514843 -0.025232670841386
1.711033005095500 -0.025107591292799
1.714087479676158 -0.024983031641318
1.717141954256814 -0.024858990536052
1.720196428837472 -0.024735466622955
1.723250903418128 -0.024612458544891
1.726305377998786 -0.024489964941699
1.729359852579442 -0.024367984450264
1.732414327160100 -0.024246515704579
1.735468801740756 -0.024125557335811
1.738523276321414 -0.024005107972370
1.741577750902071 -0.023885166239969
1.744632225482729 -0.023765730761694
1.747686700063385 -0.023646800158062
1.750741174644043 -0.023528373047093
1.753795649224699 -0.023410448044364
1.756850123805357 -0.023293023763081
1.759904598386013 -0.023176098814137
1.762959072966671 -0.023059671806174
1.766013547547328 -0.022943741345650
1.769068022127986 -0.022828306036893
1.772122496708642 -0.022713364482172
1.775176971289300 -0.022598915281748
1.778231445869956 -0.022484957033941
1.781285920450614 -0.022371488335191
1.784340395031270 -0.022258507780112
1.787394869611928 -0.022146013961557
1.790449344192584 -0.022034005470674
1.793503818773242 -0.021922480896967
1.796558293353899 -0.021811438828354
1.799612767934557 -0.021700877851222
1.802667242515213 -0.021590796550488
1.805721717095871 -0.021481193509656
1.808776191676527 -0.021372067310872
1.811830666257185 -0.021263416534982
1.814885140837841 -0.021155239761588
1.817939615418499 -0.021047535569103
1.820994089999155 -0.020940302534806
1.824048564579813 -0.020833539234899
1.827103039160470 -0.020727244244561
1.830157513741128 -0.020621416137999
1.833211988321784 -0.020516053488508
1.836266462902442 -0.020411154868516
1.839320937483098 -0.020306718849648
1.842375412063756 -0.020202744002768
1.845429886644412 -0.020099228898038
1.848484361225070 -0.019996172104968
1.851538835805727 -0.019893572192468
1.854593310386383 -0.019791427728896
1.857647784967041 -0.019689737282116
1.860702259547697 -0.019588499419540
1.863756734128355 -0.019487712708185
1.866811208709011 -0.019387375714717
1.869865683289669 -0.019287487005507
1.872920157870325 -0.019188045146671
1.875974632450983 -0.019089048704128
1.879029107031640 -0.018990496243641
1.882083581612298 -0.018892386330868
1.885138056192954 -0.018794717531410
1.888192530773612 -0.018697488410855
1.891247005354268 -0.018600697534829
1.894301479934926 -0.018504343469038
1.897355954515582 -0.018408424779316
1.900410429096240 -0.018312940031672
1.903464903676896 -0.018217887792331
1.906519378257554 -0.018123266627782
1.909573852838211 -0.018029075104824
1.912628327418869 -0.017935311790605
1.915682801999525 -0.017841975252670
1.918737276580183 -0.017749064059001
1.921791751160839 -0.017656576778064
1.924846225741497 -0.017564511978847
1.927900700322153 -0.017472868230906
1.930955174902811 -0.017381644104405
1.934009649483468 -0.017290838170158
1.937064124064126 -0.017200448999667
1.940118598644782 -0.017110475165170
1.943173073225440 -0.017020915239674
1.946227547806096 -0.016931767796998
1.949282022386754 -0.016843031411813
1.952336496967410 -0.016754704659681
1.955390971548068 -0.016666786117095
1.958445446128724 -0.016579274361513
1.961499920709382 -0.016492167971402
1.964554395290039 -0.016405465526272
1.967608869870697 -0.016319165606717
1.970663344451353 -0.016233266794446
1.973717819032011 -0.016147767672328
1.976772293612667 -0.016062666824421
1.979826768193325 -0.015977962836011
1.982881242773981 -0.015893654293650
1.985935717354639 -0.015809739785189
1.988990191935295 -0.015726217899810
1.992044666515953 -0.015643087228067
1.995099141096610 -0.015560346361916
1.998153615677268 -0.015477993894751
2.001208090257924 -0.015396028421435
2.004262564838580 -0.015314448538335
2.007317039419238 -0.015233252843358
2.010371513999894 -0.015152439935977
2.013425988580552 -0.015072008417267
2.016480463161209 -0.014991956889938
2.019534937741867 -0.014912283958366
2.022589412322523 -0.014832988228620
2.025643886903181 -0.014754068308500
2.028698361483837 -0.014675522807561
2.031752836064495 -0.014597350337148
2.034807310645151 -0.014519549510422
2.037861785225809 -0.014442118942394
2.040916259806465 -0.014365057249949
2.043970734387123 -0.014288363051880
2.047025208967780 -0.014212034968913
2.050079683548438 -0.014136071623737
2.053134158129094 -0.014060471641029
2.056188632709752 -0.013985233647488
2.059243107290408 -0.013910356271856
2.062297581871066 -0.013835838144947
2.065352056451722 -0.013761677899674
2.068406531032380 -0.013687874171076
2.071461005613036 -0.013614425596342
2.074515480193694 -0.013541330814839
2.077569954774351 -0.013468588468136
2.080624429355009 -0.013396197200029
2.083678903935665 -0.013324155656567
2.086733378516323 -0.013252462486073
2.089787853096979 -0.013181116339173
2.092842327677637 -0.013110115868819
2.095896802258293 -0.013039459730307
2.098951276838951 -0.012969146581307
2.102005751419608 -0.012899175081882
2.105060226000266 -0.012829543894515
2.108114700580922 -0.012760251684123
2.111169175161580 -0.012691297118089
2.114223649742236 -0.012622678866276
2.117278124322894 -0.012554395601052
2.120332598903550 -0.012486445997313
2.123387073484208 -0.012418828732499
2.126441548064864 -0.012351542486617
2.129496022645522 -0.012284585942262
2.132550497226179 -0.012217957784637
2.135604971806837 -0.012151656701572
2.138659446387493 -0.012085681383543
2.141713920968151 -0.012020030523692
2.144768395548807 -0.011954702817845
2.147822870129463 -0.011889696964532
2.150877344710121 -0.011825011665004
2.153931819290777 -0.011760645623252
2.156986293871435 -0.011696597546025
2.160040768452092 -0.011632866142846
2.163095243032750 -0.011569450126029
2.166149717613406 -0.011506348210700
2.169204192194064 -0.011443559114809
2.172258666774720 -0.011381081559148
2.175313141355378 -0.011318914267368
2.178367615936034 -0.011257055965996
2.181422090516692 -0.011195505384446
2.184476565097349 -0.011134261255039
2.187531039678007 -0.011073322313018
2.190585514258663 -0.011012687296559
2.193639988839321 -0.010952354946788
2.196694463419977 -0.010892324007800
2.199748938000635 -0.010832593226662
2.202803412581291 -0.010773161353439
2.205857887161949 -0.010714027141200
2.208912361742605 -0.010655189346033
2.211966836323263 -0.010596646727060
2.215021310903920 -0.010538398046448
2.218075785484578 -0.010480442069422
2.221130260065234 -0.010422777564279
2.224184734645892 -0.010365403302398
2.227239209226548 -0.010308318058253
2.230293683807206 -0.010251520609425
2.233348158387862 -0.010195009736612
2.236402632968520 -0.010138784223644
2.239457107549176 -0.010082842857488
2.242511582129834 -0.010027184428264
2.245566056710491 -0.009971807729255
2.248620531291149 -0.009916711556915
2.251675005871805 -0.009861894710879
2.254729480452463 -0.009807355993977
2.257783955033119 -0.009753094212238
2.260838429613777 -0.009699108174905
2.263892904194433 -0.009645396694441
2.266947378775091 -0.009591958586537
2.270001853355748 -0.009538792670124
2.273056327936406 -0.009485897767381
2.276110802517062 -0.009433272703741
2.279165277097720 -0.009380916307902
2.282219751678376 -0.009328827411833
2.285274226259034 -0.009277004850782
2.288328700839690 -0.009225447463286
2.291383175420346 -0.009174154091176
2.294437650001004 -0.009123123579583
2.297492124581661 -0.009072354776950
2.300546599162319 -0.009021846535032
2.303601073742975 -0.008971597708909
2.306655548323633 -0.008921607156989
2.309710022904289 -0.008871873741013
2.312764497484947 -0.008822396326064
2.315818972065603 -0.008773173780573
2.318873446646261 -0.008724204976322
2.321927921226917 -0.008675488788450
2.324982395807575 -0.008627024095459
2.328036870388232 -0.008578809779223
2.331091344968890 -0.008530844724983
2.334145819549546 -0.008483127821362
2.337200294130204 -0.008435657960365
2.340254768710860 -0.008388434037381
2.343309243291518 -0.008341454951194
2.346363717872174 -0.008294719603978
2.349418192452832 -0.008248226901312
2.352472667033489 -0.008201975752171
2.355527141614147 -0.008155965068941
2.358581616194803 -0.008110193767414
2.361636090775461 -0.008064660766797
2.364690565356117 -0.008019364989712
2.367745039936775 -0.007974305362198
2.370799514517431 -0.007929480813716
2.373853989098089 -0.007884890277152
2.376908463678745 -0.007840532688816
2.379962938259403 -0.007796406988447
2.383017412840060 -0.007752512119214
2.386071887420718 -0.007708847027720
2.389126362001374 -0.007665410664000
2.392180836582032 -0.007622201981525
2.395235311162688 -0.007579219937204
2.398289785743346 -0.007536463491382
2.401344260324002 -0.007493931607847
2.404398734904660 -0.007451623253825
2.407453209485316 -0.007409537399984
2.410507684065974 -0.007367673020435
2.413562158646631 -0.007326029092729
2.416616633227289 -0.007284604597864
2.419671107807945 -0.007243398520279
2.422725582388603 -0.007202409847856
2.425780056969259 -0.007161637571924
2.428834531549917 -0.007121080687251
2.431889006130573 -0.007080738192053
2.434943480711231 -0.007040609087985
2.437997955291888 -0.007000692380146
2.441052429872544 -0.006960987077078
2.444106904453202 -0.006921492190763
2.447161379033858 -0.006882206736622
2.450215853614516 -0.006843129733518
2.453270328195172 -0.006804260203749
2.456324802775830 -0.006765597173052
2.459379277356486 -0.006727139670598
2.462433751937144 -0.006688886728993
2.465488226517801 -0.006650837384275
2.468542701098459 -0.006612990675913
2.471597175679115 -0.006575345646803
2.474651650259773 -0.006537901343269
2.477706124840429 -0.006500656815061
2.480760599421087 -0.006463611115349
2.483815074001743 -0.006426763300725
2.486869548582401 -0.006390112431198
2.489924023163057 -0.006353657570192
2.492978497743715 -0.006317397784545
2.496032972324372 -0.006281332144504
2.499087446905030 -0.006245459723722
2.502141921485686 -0.006209779599258
2.505196396066344 -0.006174290851572
2.508250870647000 -0.006138992564520
2.511305345227658 -0.006103883825355
2.514359819808314 -0.006068963724720
2.517414294388972 -0.006034231356647
2.520468768969629 -0.005999685818551
2.523523243550287 -0.005965326211229
2.526577718130943 -0.005931151638854
2.529632192711601 -0.005897161208973
2.532686667292257 -0.005863354032502
2.535741141872915 -0.005829729223723
2.538795616453571 -0.005796285900278
2.541850091034229 -0.005763023183166
2.544904565614885 -0.005729940196739
2.547959040195543 -0.005697036068700
2.551013514776200 -0.005664309930091
2.554067989356858 -0.005631760915298
2.557122463937514 -0.005599388162038
2.560176938518172 -0.005567190811362
2.563231413098828 -0.005535168007642
2.566285887679486 -0.005503318898575
2.569340362260142 -0.005471642635171
2.572394836840800 -0.005440138371750
2.575449311421456 -0.005408805265939
2.578503786002114 -0.005377642478665
2.581558260582771 -0.005346649174149
2.584612735163427 -0.005315824519904
2.587667209744085 -0.005285167686724
2.590721684324741 -0.005254677848686
2.593776158905399 -0.005224354183137
2.596830633486055 -0.005194195870694
2.599885108066713 -0.005164202095235
2.602939582647370 -0.005134372043894
2.605994057228028 -0.005104704907057
2.609048531808684 -0.005075199878355
2.612103006389342 -0.005045856154655
2.615157480969998 -0.005016672936060
2.618211955550656 -0.004987649425898
2.621266430131312 -0.004958784830719
2.624320904711970 -0.004930078360287
2.627375379292626 -0.004901529227573
2.630429853873284 -0.004873136648751
2.633484328453941 -0.004844899843191
2.636538803034599 -0.004816818033451
2.639593277615255 -0.004788890445274
2.642647752195913 -0.004761116307577
2.645702226776569 -0.004733494852447
2.648756701357227 -0.004706025315135
2.651811175937883 -0.004678706934047
2.654865650518541 -0.004651538950739
2.657920125099198 -0.004624520609911
2.660974599679856 -0.004597651159397
2.664029074260512 -0.004570929850161
2.667083548841170 -0.004544355936290
2.670138023421826 -0.004517928674985
2.673192498002484 -0.004491647326554
2.676246972583140 -0.004465511154410
2.679301447163798 -0.004439519425055
2.682355921744454 -0.004413671408081
2.685410396325112 -0.004387966376158
2.688464870905769 -0.004362403605030
2.691519345486427 -0.004336982373504
2.694573820067083 -0.004311701963445
2.697628294647741 -0.004286561659770
2.700682769228397 -0.004261560750436
2.703737243809055 -0.004236698526439
2.706791718389711 -0.004211974281799
2.709846192970369 -0.004187387313560
2.712900667551025 -0.004162936921775
2.715955142131683 -0.004138622409506
2.719009616712340 -0.004114443082810
2.722064091292998 -0.004090398250734
2.725118565873654 -0.004066487225309
2.728173040454310 -0.004042709321539
2.731227515034968 -0.004019063857395
2.734281989615624 -0.003995550153806
2.737336464196282 -0.003972167534653
2.740390938776939 -0.003948915326760
2.743445413357597 -0.003925792859886
2.746499887938253 -0.003902799466718
2.749554362518911 -0.003879934482862
2.752608837099567 -0.003857197246834
2.755663311680225 -0.003834587100055
2.758717786260881 -0.003812103386842
2.761772260841539 -0.003789745454396
2.764826735422195 -0.003767512652802
2.767881210002853 -0.003745404335011
2.770935684583510 -0.003723419856842
2.773990159164168 -0.003701558576963
2.777044633744824 -0.003679819856895
2.780099108325482 -0.003658203060991
2.783153582906138 -0.003636707556440
2.786208057486796 -0.003615332713250
2.789262532067452 -0.003594077904241
2.792317006648110 -0.003572942505043
2.795371481228766 -0.003551925894078
2.798425955809424 -0.003531027452561
2.801480430390081 -0.003510246564486
2.804534904970739 -0.003489582616616
2.807589379551395 -0.003469034998484
2.810643854132053 -0.003448603102372
2.813698328712709 -0.003428286323312
2.816752803293367 -0.003408084059076
2.819807277874023 -0.003387995710162
2.822861752454681 -0.003368020679793
2.825916227035338 -0.003348158373904
2.828970701615996 -0.003328408201133
2.832025176196652 -0.003308769572818
2.835079650777310 -0.003289241902981
2.838134125357966 -0.003269824608325
2.841188599938624 -0.003250517108224
2.844243074519280 -0.003231318824712
2.847297549099938 -0.003212229182478
2.850352023680594 -0.003193247608858
2.853406498261252 -0.003174373533820
2.856460972841909 -0.003155606389964
2.859515447422567 -0.003136945612508
2.862569922003223 -0.003118390639278
2.865624396583881 -0.003099940910707
2.868678871164537 -0.003081595869819
2.871733345745195 -0.003063354962221
2.874787820325851 -0.003045217636101
2.877842294906507 -0.003027183342210
2.880896769487165 -0.003009251533862
2.883951244067822 -0.002991421666919
2.887005718648480 -0.002973693199785
2.890060193229136 -0.002956065593399
2.893114667809794 -0.002938538311223
2.896169142390450 -0.002921110819235
2.899223616971108 -0.002903782585921
2.902278091551764 -0.002886553082265
2.905332566132422 -0.002869421781742
2.908387040713079 -0.002852388160308
2.911441515293737 -0.002835451696391
2.914495989874393 -0.002818611870883
2.917550464455051 -0.002801868167134
2.920604939035707 -0.002785220070938
2.923659413616365 -0.002768667070528
2.926713888197021 -0.002752208656567
2.929768362777679 -0.002735844322138
2.932822837358335 -0.002719573562737
2.935877311938993 -0.002703395876264
2.938931786519650 -0.002687310763013
2.941986261100308 -0.002671317725664
2.945040735680964 -0.002655416269278
2.948095210261622 -0.002639605901280
2.951149684842278 -0.002623886131459
2.954204159422936 -0.002608256471956
2.957258634003592 -0.002592716437253
2.960313108584250 -0.002577265544169
2.963367583164906 -0.002561903311847
2.966422057745564 -0.002546629261749
2.969476532326221 -0.002531442917646
2.972531006906879 -0.002516343805607
2.975585481487535 -0.002501331453996
2.978639956068193 -0.002486405393458
2.981694430648849 -0.002471565156912
2.984748905229507 -0.002456810279546
2.987803379810163 -0.002442140298803
2.990857854390821 -0.002427554754376
2.993912328971478 -0.002413053188197
2.996966803552136 -0.002398635144432
3.000021278132792 -0.002384300169469
3.003075752713450 -0.002370047811911
3.006130227294106 -0.002355877622569
3.009184701874764 -0.002341789154449
3.012239176455420 -0.002327781962749
3.015293651036078 -0.002313855604846
3.018348125616734 -0.002300009640291
3.021402600197391 -0.002286243630800
3.024457074778049 -0.002272557140242
3.027511549358705 -0.002258949734634
3.030566023939363 -0.002245420982133
3.033620498520019 -0.002231970453027
3.036674973100677 -0.002218597719722
3.039729447681333 -0.002205302356743
3.042783922261991 -0.002192083940717
3.045838396842647 -0.002178942050368
3.048892871423305 -0.002165876266511
3.051947346003962 -0.002152886172038
3.055001820584620 -0.002139971351915
3.058056295165276 -0.002127131393171
3.061110769745934 -0.002114365884892
3.064165244326590 -0.002101674418209
3.067219718907248 -0.002089056586293
3.070274193487904 -0.002076511984346
3.073328668068562 -0.002064040209590
3.076383142649219 -0.002051640861265
3.079437617229877 -0.002039313540613
3.082492091810533 -0.002027057850878
3.085546566391191 -0.002014873397290
3.088601040971847 -0.002002759787063
3.091655515552505 -0.001990716629383
3.094709990133161 -0.001978743535401
3.097764464713819 -0.001966840118227
3.100818939294475 -0.001955005992918
3.103873413875133 -0.001943240776473
3.106927888455790 -0.001931544087823
3.109982363036448 -0.001919915547826
3.113036837617104 -0.001908354779255
3.116091312197762 -0.001896861406792
3.119145786778418 -0.001885435057020
3.122200261359076 -0.001874075358416
3.125254735939732 -0.001862781941341
3.128309210520390 -0.001851554438032
3.131363685101046 -0.001840392482597
3.134418159681704 -0.001829295711004
3.137472634262361 -0.001818263761075
3.140527108843019 -0.001807296272477
3.143581583423675 -0.001796392886715
3.146636058004333 -0.001785553247122
3.149690532584989 -0.001774776998855
3.152745007165647 -0.001764063788886
3.155799481746303 -0.001753413265989
3.158853956326961 -0.001742825080742
3.161908430907618 -0.001732298885510
3.164962905488274 -0.001721834334442
3.168017380068932 -0.001711431083465
3.171071854649588 -0.001701088790270
3.174126329230246 -0.001690807114310
3.177180803810902 -0.001680585716790
3.180235278391560 -0.001670424260662
3.183289752972216 -0.001660322410611
3.186344227552874 -0.001650279833056
3.189398702133531 -0.001640296196136
3.192453176714189 -0.001630371169703
3.195507651294845 -0.001620504425319
3.198562125875503 -0.001610695636245
3.201616600456159 -0.001600944477432
3.204671075036817 -0.001591250625518
3.207725549617473 -0.001581613758816
3.210780024198131 -0.001572033557310
3.213834498778787 -0.001562509702647
3.216888973359445 -0.001553041878128
3.219943447940102 -0.001543629768700
3.222997922520760 -0.001534273060953
3.226052397101416 -0.001524971443109
3.229106871682074 -0.001515724605015
3.232161346262730 -0.001506532238137
3.235215820843388 -0.001497394035551
3.238270295424044 -0.001488309691938
3.241324770004702 -0.001479278903575
3.244379244585359 -0.001470301368329
3.247433719166017 -0.001461376785649
3.250488193746673 -0.001452504856559
3.253542668327331 -0.001443685283651
3.256597142907987 -0.001434917771077
3.259651617488645 -0.001426202024545
3.262706092069301 -0.001417537751308
3.265760566649959 -0.001408924660158
3.268815041230615 -0.001400362461422
3.271869515811273 -0.001391850866950
3.274923990391930 -0.001383389590113
3.277978464972588 -0.001374978345793
3.281032939553244 -0.001366616850376
3.284087414133902 -0.001358304821746
3.287141888714558 -0.001350041979278
3.290196363295216 -0.001341828043833
3.293250837875872 -0.001333662737746
3.296305312456530 -0.001325545784825
3.299359787037186 -0.001317476910340
3.302414261617844 -0.001309455841019
3.305468736198501 -0.001301482305039
3.308523210779159 -0.001293556032021
3.311577685359815 -0.001285676753024
3.314632159940471 -0.001277844200533
3.317686634521129 -0.001270058108461
3.320741109101785 -0.001262318212134
3.323795583682443 -0.001254624248289
3.326850058263100 -0.001246975955068
3.329904532843758 -0.001239373072007
3.332959007424414 -0.001231815340034
3.336013482005072 -0.001224302501461
3.339067956585728 -0.001216834299975
3.342122431166386 -0.001209410480637
3.345176905747042 -0.001202030789868
3.348231380327700 -0.001194694975452
3.351285854908356 -0.001187402786519
3.354340329489014 -0.001180153973547
3.357394804069671 -0.001172948288352
3.360449278650329 -0.001165785484081
3.363503753230985 -0.001158665315210
3.366558227811643 -0.001151587537530
3.369612702392299 -0.001144551908149
3.372667176972957 -0.001137558185480
3.375721651553613 -0.001130606129237
3.378776126134271 -0.001123695500429
3.381830600714927 -0.001116826061353
3.384885075295585 -0.001109997575587
3.387939549876242 -0.001103209807987
3.390994024456900 -0.001096462524678
3.394048499037556 -0.001089755493047
3.397102973618214 -0.001083088481741
3.400157448198870 -0.001076461260657
3.403211922779528 -0.001069873600939
3.406266397360184 -0.001063325274967
3.409320871940842 -0.001056816056359
3.412375346521499 -0.001050345719957
3.415429821102157 -0.001043914041827
3.418484295682813 -0.001037520799247
3.421538770263471 -0.001031165770709
3.424593244844127 -0.001024848735906
3.427647719424785 -0.001018569475730
3.430702194005441 -0.001012327772263
3.433756668586099 -0.001006123408776
3.436811143166755 -0.000999956169719
3.439865617747413 -0.000993825840716
3.442920092328070 -0.000987732208562
3.445974566908728 -0.000981675061212
3.449029041489384 -0.000975654187782
3.452083516070042 -0.000969669378536
3.455137990650698 -0.000963720424887
3.458192465231354 -0.000957807119386
3.461246939812012 -0.000951929255722
3.464301414392668 -0.000946086628710
3.467355888973326 -0.000940279034289
3.470410363553983 -0.000934506269518
3.473464838134641 -0.000928768132566
3.476519312715297 -0.000923064422712
3.479573787295955 -0.000917394940333
3.482628261876611 -0.000911759486904
3.485682736457269 -0.000906157864990
3.488737211037925 -0.000900589878241
3.491791685618583 -0.000895055331387
3.494846160199240 -0.000889554030233
3.497900634779898 -0.000884085781652
3.500955109360554 -0.000878650393580
3.504009583941212 -0.000873247675012
3.507064058521868 -0.000867877435996
3.510118533102526 -0.000862539487629
3.513173007683182 -0.000857233642047
3.516227482263840 -0.000851959712426
3.519281956844496 -0.000846717512974
3.522336431425154 -0.000841506858925
3.525390906005811 -0.000836327566533
3.528445380586469 -0.000831179453072
3.531499855167125 -0.000826062336824
3.534554329747783 -0.000820976037080
3.537608804328439 -0.000815920374129
3.540663278909097 -0.000810895169260
3.543717753489753 -0.000805900244749
3.546772228070411 -0.000800935423861
3.549826702651067 -0.000796000530841
3.552881177231725 -0.000791095390908
3.555935651812382 -0.000786219830256
3.558990126393040 -0.000781373676042
3.562044600973696 -0.000776556756385
3.565099075554354 -0.000771768900361
3.568153550135010 -0.000767009937997
3.571208024715668 -0.000762279700266
3.574262499296324 -0.000757578019083
3.577316973876982 -0.000752904727301
3.580371448457639 -0.000748259658703
3.583425923038297 -0.000743642648001
3.586480397618953 -0.000739053530829
3.589534872199611 -0.000734492143738
3.592589346780267 -0.000729958324195
3.595643821360925 -0.000725451910571
3.598698295941581 -0.000720972742145
3.601752770522237 -0.000716520659093
3.604807245102895 -0.000712095502484
3.607861719683552 -0.000707697114281
3.610916194264210 -0.000703325337328
3.613970668844866 -0.000698980015353
3.617025143425524 -0.000694660992957
3.620079618006180 -0.000690368115615
3.623134092586838 -0.000686101229669
3.626188567167494 -0.000681860182322
3.629243041748152 -0.000677644821636
3.632297516328808 -0.000673454996527
3.635351990909466 -0.000669290556760
3.638406465490123 -0.000665151352945
3.641460940070781 -0.000661037236532
3.644515414651437 -0.000656948059806
3.647569889232095 -0.000652883675887
3.650624363812751 -0.000648843938719
3.653678838393409 -0.000644828703069
3.656733312974065 -0.000640837824527
3.659787787554723 -0.000636871159492
3.662842262135380 -0.000632928565176
3.665896736716038 -0.000629009899598
3.668951211296694 -0.000625115021575
3.672005685877352 -0.000621243790726
3.675060160458008 -0.000617396067460
3.678114635038666 -0.000613571712977
3.681169109619322 -0.000609770589261
3.684223584199980 -0.000605992559077
3.687278058780636 -0.000602237485968
3.690332533361294 -0.000598505234248
3.693387007941951 -0.000594795669001
3.696441482522609 -0.000591108656075
3.699495957103265 -0.000587444062078
3.702550431683923 -0.000583801754376
3.705604906264579 -0.000580181601086
3.708659380845237 -0.000576583471074
3.711713855425893 -0.000573007233951
3.714768330006551 -0.000569452760069
3.717822804587207 -0.000565919920516
3.720877279167865 -0.000562408587113
3.723931753748522 -0.000558918632409
3.726986228329180 -0.000555449929681
3.730040702909836 -0.000552002352923
3.733095177490494 -0.000548575776851
3.736149652071150 -0.000545170076890
3.739204126651808 -0.000541785129178
3.742258601232464 -0.000538420810559
3.745313075813121 -0.000535076998576
3.748367550393779 -0.000531753571474
3.751422024974435 -0.000528450408191
3.754476499555093 -0.000525167388357
3.757530974135749 -0.000521904392288
3.760585448716407 -0.000518661300985
3.763639923297063 -0.000515437996129
3.766694397877721 -0.000512234360075
3.769748872458377 -0.000509050275855
3.772803347039035 -0.000505885627166
3.775857821619692 -0.000502740298373
3.778912296200350 -0.000499614174502
3.781966770781006 -0.000496507141238
3.785021245361664 -0.000493419084921
3.788075719942320 -0.000490349892541
3.791130194522978 -0.000487299451737
3.794184669103634 -0.000484267650793
3.797239143684292 -0.000481254378632
3.800293618264948 -0.000478259524816
3.803348092845606 -0.000475282979541
3.806402567426263 -0.000472324633633
3.809457042006921 -0.000469384378545
3.812511516587577 -0.000466462106354
3.815565991168235 -0.000463557709757
3.818620465748891 -0.000460671082070
3.821674940329549 -0.000457802117221
3.824729414910205 -0.000454950709747
3.827783889490863 -0.000452116754796
3.830838364071520 -0.000449300148116
3.833892838652178 -0.000446500786058
3.836947313232834 -0.000443718565568
3.840001787813492 -0.000440953384189
3.843056262394148 -0.000438205140053
3.846110736974806 -0.000435473731878
3.849165211555462 -0.000432759058970
3.852219686136120 -0.000430061021214
3.855274160716776 -0.000427379519072
3.858328635297434 -0.000424714453584
3.861383109878091 -0.000422065726358
3.864437584458749 -0.000419433239574
3.867492059039405 -0.000416816895976
3.870546533620063 -0.000414216598870
3.873601008200719 -0.000411632252122
3.876655482781377 -0.000409063760153
3.879709957362033 -0.000406511027941
3.882764431942691 -0.000403973961009
3.885818906523347 -0.000401452465432
3.888873381104005 -0.000398946447825
3.891927855684662 -0.000396455815348
3.894982330265318 -0.000393980475697
3.898036804845976 -0.000391520337103
3.901091279426632 -0.000389075308331
3.904145754007290 -0.000386645298674
3.907200228587946 -0.000384230217953
3.910254703168604 -0.000381829976512
3.913309177749261 -0.000379444485214
3.916363652329919 -0.000377073655443
3.919418126910575 -0.000374717399095
3.922472601491233 -0.000372375628581
3.925527076071889 -0.000370048256819
3.928581550652547 -0.000367735197235
3.931636025233203 -0.000365436363758
3.934690499813861 -0.000363151670819
3.937744974394517 -0.000360881033346
3.940799448975175 -0.000358624366763
3.943853923555832 -0.000356381586986
3.946908398136490 -0.000354152610423
3.949962872717146 -0.000351937353967
3.953017347297804 -0.000349735734996
3.956071821878460 -0.000347547671372
3.959126296459118 -0.000345373081433
3.962180771039774 -0.000343211883997
3.965235245620432 -0.000341063998352
3.968289720201088 -0.000338929344260
3.971344194781746 -0.000336807841952
3.974398669362403 -0.000334699412123
3.977453143943061 -0.000332603975933
3.980507618523717 -0.000330521455003
3.983562093104375 -0.000328451771411
3.986616567685031 -0.000326394847691
3.989671042265689 -0.000324350606832
3.992725516846345 -0.000322318972272
3.995779991427003 -0.000320299867897
3.998834466007660 -0.000318293218041
4.001888940588318 -0.000316298947478
4.004943415168974 -0.000314316981425
4.007997889749632 -0.000312347245536
4.011052364330288 -0.000310389665903
4.014106838910946 -0.000308444169048
4.017161313491602 -0.000306510681927
4.020215788072260 -0.000304589131922
4.023270262652916 -0.000302679446844
4.026324737233574 -0.000300781554925
4.029379211814231 -0.000298895384819
4.032433686394889 -0.000297020865602
4.035488160975545 -0.000295157926762
4.038542635556201 -0.000293306498205
4.041597110136859 -0.000291466510247
4.044651584717515 -0.000289637893615
4.047706059298173 -0.000287820579442
4.050760533878830 -0.000286014499267
4.053815008459488 -0.000284219585031
4.056869483040144 -0.000282435769078
4.059923957620802 -0.000280662984147
4.062978432201458 -0.000278901163375
4.066032906782116 -0.000277150240293
4.069087381362772 -0.000275410148823
4.072141855943430 -0.000273680823275
4.075196330524086 -0.000271962198349
4.078250805104744 -0.000270254209129
4.081305279685401 -0.000268556791080
4.084359754266059 -0.000266869880051
4.087414228846715 -0.000265193412267
4.090468703427373 -0.000263527324329
4.093523178008029 -0.000261871553216
4.096577652588687 -0.000260226036274
4.099632127169343 -0.000258590711224
4.102686601750001 -0.000256965516151
4.105741076330657 -0.000255350389508
4.108795550911315 -0.000253745270111
4.111850025491972 -0.000252150097139
4.114904500072630 -0.000250564810128
4.117958974653286 -0.000248989348975
4.121013449233944 -0.000247423653931
4.124067923814600 -0.000245867665599
4.127122398395258 -0.000244321324936
4.130176872975914 -0.000242784573249
4.133231347556572 -0.000241257352190
4.136285822137229 -0.000239739603758
4.139340296717887 -0.000238231270296
4.142394771298543 -0.000236732294488
4.145449245879201 -0.000235242619359
4.148503720459857 -0.000233762188271
4.151558195040515 -0.000232290944921
4.154612669621171 -0.000230828833341
4.157667144201829 -0.000229375797896
4.160721618782485 -0.000227931783279
4.163776093363143 -0.000226496734514
4.166830567943800 -0.000225070596948
4.169885042524458 -0.000223653316256
4.172939517105114 -0.000222244838434
4.175993991685772 -0.000220845109799
4.179048466266428 -0.000219454076986
4.182102940847084 -0.000218071686951
4.185157415427742 -0.000216697886960
4.188211890008398 -0.000215332624598
4.191266364589056 -0.000213975847757
4.194320839169713 -0.000212627504643
4.197375313750371 -0.000211287543767
4.200429788331027 -0.000209955913949
4.203484262911685 -0.000208632564313
4.206538737492341 -0.000207317444284
4.209593212072999 -0.000206010503592
4.212647686653655 -0.000204711692263
4.215702161234313 -0.000203420960623
4.218756635814970 -0.000202138259293
4.221811110395628 -0.000200863539189
4.224865584976284 -0.000199596751519
4.227920059556942 -0.000198337847783
4.230974534137598 -0.000197086779769
4.234029008718256 -0.000195843499555
4.237083483298912 -0.000194607959501
4.240137957879570 -0.000193380112256
4.243192432460226 -0.000192159910749
4.246246907040884 -0.000190947308191
4.249301381621541 -0.000189742258071
4.252355856202199 -0.000188544714158
4.255410330782855 -0.000187354630496
4.258464805363513 -0.000186171961404
4.261519279944169 -0.000184996661475
4.264573754524827 -0.000183828685572
4.267628229105483 -0.000182667988828
4.270682703686141 -0.000181514526646
4.273737178266797 -0.000180368254695
4.276791652847455 -0.000179229128908
4.279846127428112 -0.000178097105484
4.282900602008770 -0.000176972140883
4.285955076589426 -0.000175854191826
4.289009551170084 -0.000174743215293
4.292064025750740 -0.000173639168522
4.295118500331398 -0.000172542009007
4.298172974912054 -0.000171451694497
4.301227449492712 -0.000170368182994
4.304281924073369 -0.000169291432752
4.307336398654027 -0.000168221402276
4.310390873234683 -0.000167158050318
4.313445347815341 -0.000166101335880
4.316499822395997 -0.000165051218208
4.319554296976655 -0.000164007656793
4.322608771557311 -0.000162970611369
4.325663246137969 -0.000161940041914
4.328717720718625 -0.000160915908643
4.331772195299282 -0.000159898172012
4.334826669879940 -0.000158886792714
4.337881144460596 -0.000157881731678
4.340935619041254 -0.000156882950070
4.343990093621910 -0.000155890409285
4.347044568202568 -0.000154904070953
4.350099042783224 -0.000153923896936
4.353153517363882 -0.000152949849323
4.356207991944538 -0.000151981890431
4.359262466525196 -0.000151019982805
4.362316941105853 -0.000150064089216
4.365371415686511 -0.000149114172657
4.368425890267167 -0.000148170196345
4.371480364847825 -0.000147232123718
4.374534839428481 -0.000146299918436
4.377589314009139 -0.000145373544375
4.380643788589795 -0.000144452965631
4.383698263170453 -0.000143538146514
4.386752737751110 -0.000142629051553
4.389807212331768 -0.000141725645487
4.392861686912424 -0.000140827893268
4.395916161493082 -0.000139935760063
4.398970636073738 -0.000139049211244
4.402025110654396 -0.000138168212396
4.405079585235052 -0.000137292729309
4.408134059815710 -0.000136422727981
4.411188534396366 -0.000135558174615
4.414243008977024 -0.000134699035617
4.417297483557681 -0.000133845277597
4.420351958138339 -0.000132996867367
4.423406432718995 -0.000132153771938
4.426460907299653 -0.000131315958521
4.429515381880309 -0.000130483394525
4.432569856460967 -0.000129656047557
4.435624331041623 -0.000128833885418
4.438678805622281 -0.000128016876106
4.441733280202937 -0.000127204987810
4.444787754783595 -0.000126398188913
4.447842229364252 -0.000125596447988
4.450896703944910 -0.000124799733801
4.453951178525566 -0.000124008015303
4.457005653106224 -0.000123221261635
4.460060127686880 -0.000122439442126
4.463114602267538 -0.000121662526288
4.466169076848194 -0.000120890483820
4.469223551428852 -0.000120123284603
4.472278026009509 -0.000119360898701
4.475332500590165 -0.000118603296359
4.478386975170823 -0.000117850448004
4.481441449751479 -0.000117102324239
4.484495924332137 -0.000116358895848
4.487550398912793 -0.000115620133791
4.490604873493451 -0.000114886009205
4.493659348074107 -0.000114156493400
4.496713822654765 -0.000113431557863
4.499768297235422 -0.000112711174251
4.502822771816080 -0.000111995314395
4.505877246396736 -0.000111283950295
4.508931720977394 -0.000110577054124
4.511986195558050 -0.000109874598222
4.515040670138708 -0.000109176555096
4.518095144719364 -0.000108482897422
4.521149619300022 -0.000107793598040
4.524204093880678 -0.000107108629958
4.527258568461336 -0.000106427966344
4.530313043041993 -0.000105751580532
4.533367517622651 -0.000105079446017
4.536421992203307 -0.000104411536455
4.539476466783965 -0.000103747825664
4.542530941364621 -0.000103088287618
4.545585415945279 -0.000102432896451
4.548639890525935 -0.000101781626455
4.551694365106593 -0.000101134452078
4.554748839687250 -0.000100491347923
4.557803314267908 -0.000099852288747
4.560857788848564 -0.000099217249462
4.563912263429222 -0.000098586205132
4.566966738009878 -0.000097959130973
4.570021212590536 -0.000097336002351
4.573075687171192 -0.000096716794785
4.576130161751850 -0.000096101483939
4.579184636332506 -0.000095490045629
4.582239110913164 -0.000094882455815
4.585293585493821 -0.000094278690606
4.588348060074479 -0.000093678726256
4.591402534655135 -0.000093082539164
4.594457009235793 -0.000092490105871
4.597511483816449 -0.000091901403064
4.600565958397107 -0.000091316407570
4.603620432977763 -0.000090735096359
4.606674907558421 -0.000090157446539
4.609729382139077 -0.000089583435360
4.612783856719735 -0.000089013040211
