#### log(omega_b) integral_value
-7.602059991327963 -0.999999939467069
-7.599005516747305 -0.999999939404418
-7.595951042166648 -0.999999939341325
-7.592896567585991 -0.999999939277786
-7.589842093005334 -0.999999939213799
-7.586787618424677 -0.999999939149360
-7.583733143844020 -0.999999939084467
-7.580678669263363 -0.999999939019115
-7.577624194682706 -0.999999938953302
-7.574569720102049 -0.999999938887025
-7.571515245521391 -0.999999938820280
-7.568460770940734 -0.999999938753064
-7.565406296360077 -0.999999938685373
-7.562351821779420 -0.999999938617205
-7.559297347198763 -0.999999938548555
-7.556242872618106 -0.999999938479421
-7.553188398037449 -0.999999938409800
-7.550133923456792 -0.999999938339686
-7.547079448876135 -0.999999938269078
-7.544024974295477 -0.999999938197971
-7.540970499714820 -0.999999938126363
-7.537916025134163 -0.999999938054249
-7.534861550553506 -0.999999937981626
-7.531807075972849 -0.999999937908491
-7.528752601392192 -0.999999937834839
-7.525698126811536 -0.999999937760668
-7.522643652230879 -0.999999937685973
-7.519589177650222 -0.999999937610751
-7.516534703069564 -0.999999937534997
-7.513480228488907 -0.999999937458710
-7.510425753908250 -0.999999937381884
-7.507371279327593 -0.999999937304516
-7.504316804746936 -0.999999937226601
-7.501262330166279 -0.999999937148137
-7.498207855585622 -0.999999937069118
-7.495153381004965 -0.999999936989543
-7.492098906424308 -0.999999936909405
-7.489044431843650 -0.999999936828702
-7.485989957262993 -0.999999936747429
-7.482935482682336 -0.999999936665583
-7.479881008101679 -0.999999936583159
-7.476826533521022 -0.999999936500153
-7.473772058940365 -0.999999936416562
-7.470717584359708 -0.999999936332380
-7.467663109779051 -0.999999936247604
-7.464608635198394 -0.999999936162230
-7.461554160617736 -0.999999936076253
-7.458499686037079 -0.999999935989670
-7.455445211456422 -0.999999935902476
-7.452390736875765 -0.999999935814666
-7.449336262295108 -0.999999935726236
-7.446281787714451 -0.999999935637182
-7.443227313133794 -0.999999935547500
-7.440172838553137 -0.999999935457184
-7.437118363972480 -0.999999935366231
-7.434063889391822 -0.999999935274636
-7.431009414811165 -0.999999935182395
-7.427954940230508 -0.999999935089503
-7.424900465649851 -0.999999934995955
-7.421845991069194 -0.999999934901747
-7.418791516488537 -0.999999934806874
-7.415737041907880 -0.999999934711331
-7.412682567327223 -0.999999934615114
-7.409628092746566 -0.999999934518218
-7.406573618165909 -0.999999934420638
-7.403519143585251 -0.999999934322369
-7.400464669004594 -0.999999934223406
-7.397410194423937 -0.999999934123746
-7.394355719843280 -0.999999934023381
-7.391301245262623 -0.999999933922309
-7.388246770681966 -0.999999933820523
-7.385192296101309 -0.999999933718019
-7.382137821520653 -0.999999933614791
-7.379083346939995 -0.999999933510834
-7.376028872359338 -0.999999933406144
-7.372974397778681 -0.999999933300715
-7.369919923198024 -0.999999933194542
-7.366865448617367 -0.999999933087619
-7.363810974036710 -0.999999932979942
-7.360756499456053 -0.999999932871505
-7.357702024875396 -0.999999932762303
-7.354647550294739 -0.999999932652329
-7.351593075714081 -0.999999932541580
-7.348538601133424 -0.999999932430049
-7.345484126552767 -0.999999932317731
-7.342429651972110 -0.999999932204620
-7.339375177391453 -0.999999932090710
-7.336320702810796 -0.999999931975997
-7.333266228230139 -0.999999931860474
-7.330211753649482 -0.999999931744135
-7.327157279068825 -0.999999931626976
-7.324102804488168 -0.999999931508990
-7.321048329907510 -0.999999931390170
-7.317993855326853 -0.999999931270513
-7.314939380746196 -0.999999931150010
-7.311884906165539 -0.999999931028658
-7.308830431584882 -0.999999930906449
-7.305775957004225 -0.999999930783376
-7.302721482423568 -0.999999930659436
-7.299667007842911 -0.999999930534621
-7.296612533262254 -0.999999930408925
-7.293558058681596 -0.999999930282342
-7.290503584100939 -0.999999930154865
-7.287449109520282 -0.999999930026488
-7.284394634939625 -0.999999929897206
-7.281340160358968 -0.999999929767010
-7.278285685778311 -0.999999929635897
-7.275231211197654 -0.999999929503857
-7.272176736616997 -0.999999929370886
-7.269122262036340 -0.999999929236976
-7.266067787455682 -0.999999929102121
-7.263013312875025 -0.999999928966315
-7.259958838294368 -0.999999928829549
-7.256904363713711 -0.999999928691819
-7.253849889133054 -0.999999928553116
-7.250795414552397 -0.999999928413435
-7.247740939971740 -0.999999928272767
-7.244686465391083 -0.999999928131107
-7.241631990810426 -0.999999927988447
-7.238577516229769 -0.999999927844780
-7.235523041649111 -0.999999927700099
-7.232468567068455 -0.999999927554396
-7.229414092487798 -0.999999927407666
-7.226359617907141 -0.999999927259900
-7.223305143326484 -0.999999927111091
-7.220250668745827 -0.999999926961231
-7.217196194165170 -0.999999926810314
-7.214141719584513 -0.999999926658332
-7.211087245003855 -0.999999926505277
-7.208032770423198 -0.999999926351142
-7.204978295842541 -0.999999926195919
-7.201923821261884 -0.999999926039600
-7.198869346681227 -0.999999925882179
-7.195814872100570 -0.999999925723645
-7.192760397519913 -0.999999925563994
-7.189705922939256 -0.999999925403215
-7.186651448358599 -0.999999925241301
-7.183596973777941 -0.999999925078245
-7.180542499197284 -0.999999924914038
-7.177488024616627 -0.999999924748672
-7.174433550035970 -0.999999924582139
-7.171379075455313 -0.999999924414430
-7.168324600874656 -0.999999924245538
-7.165270126293999 -0.999999924075453
-7.162215651713342 -0.999999923904168
-7.159161177132685 -0.999999923731675
-7.156106702552028 -0.999999923557964
-7.153052227971370 -0.999999923383026
-7.149997753390713 -0.999999923206854
-7.146943278810056 -0.999999923029439
-7.143888804229399 -0.999999922850771
-7.140834329648742 -0.999999922670843
-7.137779855068085 -0.999999922489644
-7.134725380487428 -0.999999922307167
-7.131670905906771 -0.999999922123402
-7.128616431326114 -0.999999921938339
-7.125561956745456 -0.999999921751971
-7.122507482164799 -0.999999921564287
-7.119453007584142 -0.999999921375278
-7.116398533003485 -0.999999921184936
-7.113344058422828 -0.999999920993250
-7.110289583842171 -0.999999920800211
-7.107235109261514 -0.999999920605810
-7.104180634680857 -0.999999920410036
-7.101126160100200 -0.999999920212881
-7.098071685519542 -0.999999920014334
-7.095017210938886 -0.999999919814386
-7.091962736358228 -0.999999919613027
-7.088908261777572 -0.999999919410246
-7.085853787196914 -0.999999919206034
-7.082799312616258 -0.999999919000381
-7.079744838035601 -0.999999918793277
-7.076690363454944 -0.999999918584711
-7.073635888874287 -0.999999918374672
-7.070581414293629 -0.999999918163152
-7.067526939712972 -0.999999917950138
-7.064472465132315 -0.999999917735621
-7.061417990551658 -0.999999917519590
-7.058363515971001 -0.999999917302034
-7.055309041390344 -0.999999917082942
-7.052254566809687 -0.999999916862304
-7.049200092229030 -0.999999916640110
-7.046145617648373 -0.999999916416346
-7.043091143067715 -0.999999916191004
-7.040036668487058 -0.999999915964071
-7.036982193906401 -0.999999915735536
-7.033927719325744 -0.999999915505388
-7.030873244745087 -0.999999915273616
-7.027818770164430 -0.999999915040208
-7.024764295583773 -0.999999914805153
-7.021709821003116 -0.999999914568439
-7.018655346422459 -0.999999914330054
-7.015600871841801 -0.999999914089986
-7.012546397261144 -0.999999913848224
-7.009491922680487 -0.999999913604756
-7.006437448099830 -0.999999913359569
-7.003382973519173 -0.999999913112652
-7.000328498938516 -0.999999912863992
-6.997274024357859 -0.999999912613577
-6.994219549777202 -0.999999912361395
-6.991165075196545 -0.999999912107432
-6.988110600615888 -0.999999911851678
-6.985056126035230 -0.999999911594118
-6.982001651454573 -0.999999911334740
-6.978947176873916 -0.999999911073531
-6.975892702293259 -0.999999910810479
-6.972838227712602 -0.999999910545571
-6.969783753131945 -0.999999910278793
-6.966729278551288 -0.999999910010131
-6.963674803970631 -0.999999909739574
-6.960620329389974 -0.999999909467107
-6.957565854809316 -0.999999909192717
-6.954511380228659 -0.999999908916390
-6.951456905648003 -0.999999908638113
-6.948402431067345 -0.999999908357872
-6.945347956486689 -0.999999908075653
-6.942293481906031 -0.999999907791442
-6.939239007325375 -0.999999907505225
-6.936184532744718 -0.999999907216988
-6.933130058164060 -0.999999906926717
-6.930075583583403 -0.999999906634397
-6.927021109002746 -0.999999906340013
-6.923966634422089 -0.999999906043552
-6.920912159841432 -0.999999905744999
-6.917857685260775 -0.999999905444338
-6.914803210680118 -0.999999905141556
-6.911748736099461 -0.999999904836636
-6.908694261518804 -0.999999904529564
-6.905639786938147 -0.999999904220325
-6.902585312357489 -0.999999903908903
-6.899530837776832 -0.999999903595284
-6.896476363196175 -0.999999903279450
-6.893421888615518 -0.999999902961388
-6.890367414034861 -0.999999902641081
-6.887312939454204 -0.999999902318513
-6.884258464873547 -0.999999901993668
-6.881203990292890 -0.999999901666531
-6.878149515712233 -0.999999901337084
-6.875095041131575 -0.999999901005313
-6.872040566550918 -0.999999900671200
-6.868986091970261 -0.999999900334728
-6.865931617389604 -0.999999899995882
-6.862877142808947 -0.999999899654645
-6.859822668228290 -0.999999899310999
-6.856768193647633 -0.999999898964927
-6.853713719066976 -0.999999898616413
-6.850659244486319 -0.999999898265439
-6.847604769905661 -0.999999897911988
-6.844550295325004 -0.999999897556042
-6.841495820744347 -0.999999897197584
-6.838441346163690 -0.999999896836596
-6.835386871583033 -0.999999896473060
-6.832332397002376 -0.999999896106958
-6.829277922421719 -0.999999895738273
-6.826223447841062 -0.999999895366985
-6.823168973260405 -0.999999894993077
-6.820114498679748 -0.999999894616530
-6.817060024099090 -0.999999894237324
-6.814005549518433 -0.999999893855443
-6.810951074937776 -0.999999893470866
-6.807896600357120 -0.999999893083575
-6.804842125776462 -0.999999892693551
-6.801787651195806 -0.999999892300774
-6.798733176615148 -0.999999891905224
-6.795678702034492 -0.999999891506883
-6.792624227453834 -0.999999891105730
-6.789569752873177 -0.999999890701746
-6.786515278292520 -0.999999890294911
-6.783460803711863 -0.999999889885204
-6.780406329131206 -0.999999889472605
-6.777351854550549 -0.999999889057095
-6.774297379969892 -0.999999888638651
-6.771242905389235 -0.999999888217255
-6.768188430808578 -0.999999887792884
-6.765133956227920 -0.999999887365518
-6.762079481647263 -0.999999886935135
-6.759025007066606 -0.999999886501715
-6.755970532485949 -0.999999886065236
-6.752916057905292 -0.999999885625677
-6.749861583324635 -0.999999885183015
-6.746807108743978 -0.999999884737228
-6.743752634163321 -0.999999884288296
-6.740698159582664 -0.999999883836194
-6.737643685002006 -0.999999883380902
-6.734589210421349 -0.999999882922396
-6.731534735840692 -0.999999882460655
-6.728480261260035 -0.999999881995654
-6.725425786679378 -0.999999881527371
-6.722371312098721 -0.999999881055784
-6.719316837518064 -0.999999880580867
-6.716262362937407 -0.999999880102599
-6.713207888356750 -0.999999879620955
-6.710153413776093 -0.999999879135912
-6.707098939195435 -0.999999878647446
-6.704044464614778 -0.999999878155531
-6.700989990034121 -0.999999877660145
-6.697935515453464 -0.999999877161263
-6.694881040872807 -0.999999876658859
-6.691826566292150 -0.999999876152910
-6.688772091711493 -0.999999875643389
-6.685717617130836 -0.999999875130273
-6.682663142550179 -0.999999874613534
-6.679608667969521 -0.999999874093149
-6.676554193388864 -0.999999873569091
-6.673499718808207 -0.999999873041333
-6.670445244227550 -0.999999872509851
-6.667390769646893 -0.999999871974618
-6.664336295066237 -0.999999871435608
-6.661281820485579 -0.999999870892793
-6.658227345904923 -0.999999870346147
-6.655172871324265 -0.999999869795642
-6.652118396743608 -0.999999869241252
-6.649063922162950 -0.999999868682950
-6.646009447582294 -0.999999868120706
-6.642954973001637 -0.999999867554495
-6.639900498420980 -0.999999866984287
-6.636846023840323 -0.999999866410055
-6.633791549259666 -0.999999865831769
-6.630737074679009 -0.999999865249403
-6.627682600098352 -0.999999864662926
-6.624628125517694 -0.999999864072309
-6.621573650937037 -0.999999863477524
-6.618519176356380 -0.999999862878542
-6.615464701775723 -0.999999862275331
-6.612410227195066 -0.999999861667863
-6.609355752614409 -0.999999861056108
-6.606301278033752 -0.999999860440035
-6.603246803453095 -0.999999859819613
-6.600192328872438 -0.999999859194813
-6.597137854291780 -0.999999858565603
-6.594083379711123 -0.999999857931952
-6.591028905130466 -0.999999857293829
-6.587974430549809 -0.999999856651202
-6.584919955969152 -0.999999856004039
-6.581865481388495 -0.999999855352308
-6.578811006807838 -0.999999854695978
-6.575756532227181 -0.999999854035015
-6.572702057646524 -0.999999853369388
-6.569647583065866 -0.999999852699062
-6.566593108485209 -0.999999852024005
-6.563538633904552 -0.999999851344184
-6.560484159323895 -0.999999850659564
-6.557429684743238 -0.999999849970113
-6.554375210162581 -0.999999849275795
-6.551320735581924 -0.999999848576577
-6.548266261001267 -0.999999847872424
-6.545211786420610 -0.999999847163301
-6.542157311839953 -0.999999846449173
-6.539102837259295 -0.999999845730005
-6.536048362678638 -0.999999845005761
-6.532993888097981 -0.999999844276405
-6.529939413517324 -0.999999843541902
-6.526884938936668 -0.999999842802214
-6.523830464356010 -0.999999842057306
-6.520775989775354 -0.999999841307140
-6.517721515194696 -0.999999840551680
-6.514667040614039 -0.999999839790887
-6.511612566033381 -0.999999839024725
-6.508558091452725 -0.999999838253155
-6.505503616872067 -0.999999837476140
-6.502449142291411 -0.999999836693640
-6.499394667710753 -0.999999835905618
-6.496340193130097 -0.999999835112034
-6.493285718549439 -0.999999834312849
-6.490231243968783 -0.999999833508023
-6.487176769388125 -0.999999832697517
-6.484122294807468 -0.999999831881290
-6.481067820226811 -0.999999831059302
-6.478013345646154 -0.999999830231513
-6.474958871065497 -0.999999829397882
-6.471904396484840 -0.999999828558366
-6.468849921904183 -0.999999827712925
-6.465795447323526 -0.999999826861518
-6.462740972742869 -0.999999826004101
-6.459686498162212 -0.999999825140632
-6.456632023581554 -0.999999824271069
-6.453577549000897 -0.999999823395369
-6.450523074420240 -0.999999822513488
-6.447468599839583 -0.999999821625383
-6.444414125258926 -0.999999820731010
-6.441359650678269 -0.999999819830324
-6.438305176097612 -0.999999818923281
-6.435250701516955 -0.999999818009837
-6.432196226936298 -0.999999817089945
-6.429141752355640 -0.999999816163561
-6.426087277774983 -0.999999815230639
-6.423032803194326 -0.999999814291131
-6.419978328613669 -0.999999813344993
-6.416923854033012 -0.999999812392178
-6.413869379452355 -0.999999811432637
-6.410814904871698 -0.999999810466324
-6.407760430291041 -0.999999809493190
-6.404705955710384 -0.999999808513189
-6.401651481129726 -0.999999807526270
-6.398597006549069 -0.999999806532386
-6.395542531968412 -0.999999805531487
-6.392488057387755 -0.999999804523524
-6.389433582807098 -0.999999803508447
-6.386379108226441 -0.999999802486205
-6.383324633645785 -0.999999801456748
-6.380270159065127 -0.999999800420026
-6.377215684484471 -0.999999799375987
-6.374161209903813 -0.999999798324578
-6.371106735323156 -0.999999797265749
-6.368052260742498 -0.999999796199447
-6.364997786161842 -0.999999795125619
-6.361943311581184 -0.999999794044212
-6.358888837000528 -0.999999792955172
-6.355834362419870 -0.999999791858446
-6.352779887839214 -0.999999790753979
-6.349725413258556 -0.999999789641717
-6.346670938677899 -0.999999788521605
-6.343616464097242 -0.999999787393587
-6.340561989516585 -0.999999786257608
-6.337507514935928 -0.999999785113611
-6.334453040355271 -0.999999783961540
-6.331398565774614 -0.999999782801337
-6.328344091193957 -0.999999781632946
-6.325289616613300 -0.999999780456308
-6.322235142032643 -0.999999779271366
-6.319180667451985 -0.999999778078060
-6.316126192871328 -0.999999776876333
-6.313071718290671 -0.999999775666123
-6.310017243710014 -0.999999774447372
-6.306962769129357 -0.999999773220019
-6.303908294548700 -0.999999771984004
-6.300853819968043 -0.999999770739264
-6.297799345387386 -0.999999769485740
-6.294744870806729 -0.999999768223368
-6.291690396226072 -0.999999766952086
-6.288635921645414 -0.999999765671832
-6.285581447064757 -0.999999764382542
-6.282526972484100 -0.999999763084152
-6.279472497903443 -0.999999761776598
-6.276418023322786 -0.999999760459816
-6.273363548742129 -0.999999759133740
-6.270309074161472 -0.999999757798304
-6.267254599580815 -0.999999756453443
-6.264200125000158 -0.999999755099090
-6.261145650419500 -0.999999753735179
-6.258091175838843 -0.999999752361640
-6.255036701258186 -0.999999750978408
-6.251982226677529 -0.999999749585412
-6.248927752096872 -0.999999748182585
-6.245873277516215 -0.999999746769857
-6.242818802935558 -0.999999745347159
-6.239764328354901 -0.999999743914418
-6.236709853774244 -0.999999742471566
-6.233655379193587 -0.999999741018530
-6.230600904612929 -0.999999739555238
-6.227546430032273 -0.999999738081619
-6.224491955451615 -0.999999736597599
-6.221437480870959 -0.999999735103105
-6.218383006290301 -0.999999733598063
-6.215328531709645 -0.999999732082398
-6.212274057128987 -0.999999730556037
-6.209219582548331 -0.999999729018901
-6.206165107967673 -0.999999727470917
-6.203110633387016 -0.999999725912008
-6.200056158806359 -0.999999724342096
-6.197001684225702 -0.999999722761103
-6.193947209645045 -0.999999721168952
-6.190892735064388 -0.999999719565564
-6.187838260483731 -0.999999717950859
-6.184783785903074 -0.999999716324758
-6.181729311322417 -0.999999714687180
-6.178674836741759 -0.999999713038044
-6.175620362161102 -0.999999711377268
-6.172565887580445 -0.999999709704771
-6.169511412999788 -0.999999708020469
-6.166456938419131 -0.999999706324280
-6.163402463838474 -0.999999704616119
-6.160347989257817 -0.999999702895903
-6.157293514677160 -0.999999701163545
-6.154239040096503 -0.999999699418960
-6.151184565515845 -0.999999697662062
-6.148130090935188 -0.999999695892764
-6.145075616354531 -0.999999694110978
-6.142021141773874 -0.999999692316617
-6.138966667193217 -0.999999690509591
-6.135912192612560 -0.999999688689812
-6.132857718031903 -0.999999686857188
-6.129803243451246 -0.999999685011631
-6.126748768870589 -0.999999683153047
-6.123694294289932 -0.999999681281345
-6.120639819709274 -0.999999679396434
-6.117585345128617 -0.999999677498218
-6.114530870547960 -0.999999675586606
-6.111476395967303 -0.999999673661501
-6.108421921386646 -0.999999671722809
-6.105367446805989 -0.999999669770434
-6.102312972225332 -0.999999667804280
-6.099258497644675 -0.999999665824248
-6.096204023064018 -0.999999663830241
-6.093149548483360 -0.999999661822161
-6.090095073902704 -0.999999659799908
-6.087040599322046 -0.999999657763383
-6.083986124741390 -0.999999655712483
-6.080931650160732 -0.999999653647109
-6.077877175580076 -0.999999651567157
-6.074822700999418 -0.999999649472525
-6.071768226418762 -0.999999647363110
-6.068713751838104 -0.999999645238806
-6.065659277257447 -0.999999643099510
-6.062604802676789 -0.999999640945114
-6.059550328096133 -0.999999638775513
-6.056495853515475 -0.999999636590599
-6.053441378934819 -0.999999634390264
-6.050386904354162 -0.999999632174400
-6.047332429773505 -0.999999629942896
-6.044277955192848 -0.999999627695642
-6.041223480612190 -0.999999625432527
-6.038169006031533 -0.999999623153440
-6.035114531450876 -0.999999620858267
-6.032060056870219 -0.999999618546895
-6.029005582289562 -0.999999616219210
-6.025951107708905 -0.999999613875096
-6.022896633128248 -0.999999611514437
-6.019842158547591 -0.999999609137117
-6.016787683966934 -0.999999606743018
-6.013733209386277 -0.999999604332022
-6.010678734805619 -0.999999601904010
-6.007624260224962 -0.999999599458860
-6.004569785644305 -0.999999596996454
-6.001515311063648 -0.999999594516667
-5.998460836482991 -0.999999592019379
-5.995406361902334 -0.999999589504465
-5.992351887321677 -0.999999586971801
-5.989297412741020 -0.999999584421262
-5.986242938160363 -0.999999581852721
-5.983188463579705 -0.999999579266052
-5.980133988999048 -0.999999576661127
-5.977079514418391 -0.999999574037816
-5.974025039837734 -0.999999571395990
-5.970970565257077 -0.999999568735519
-5.967916090676420 -0.999999566056270
-5.964861616095763 -0.999999563358112
-5.961807141515106 -0.999999560640910
-5.958752666934449 -0.999999557904530
-5.955698192353791 -0.999999555148838
-5.952643717773134 -0.999999552373695
-5.949589243192477 -0.999999549578967
-5.946534768611821 -0.999999546764513
-5.943480294031163 -0.999999543930196
-5.940425819450507 -0.999999541075874
-5.937371344869849 -0.999999538201407
-5.934316870289193 -0.999999535306652
-5.931262395708535 -0.999999532391466
-5.928207921127878 -0.999999529455705
-5.925153446547220 -0.999999526499224
-5.922098971966564 -0.999999523521877
-5.919044497385906 -0.999999520523516
-5.915990022805250 -0.999999517503992
-5.912935548224592 -0.999999514463158
-5.909881073643936 -0.999999511400861
-5.906826599063279 -0.999999508316951
-5.903772124482622 -0.999999505211276
-5.900717649901964 -0.999999502083681
-5.897663175321307 -0.999999498934012
-5.894608700740650 -0.999999495762112
-5.891554226159993 -0.999999492567826
-5.888499751579336 -0.999999489350995
-5.885445276998679 -0.999999486111461
-5.882390802418022 -0.999999482849062
-5.879336327837365 -0.999999479563637
-5.876281853256708 -0.999999476255024
-5.873227378676050 -0.999999472923060
-5.870172904095393 -0.999999469567579
-5.867118429514736 -0.999999466188415
-5.864063954934079 -0.999999462785402
-5.861009480353422 -0.999999459358371
-5.857955005772765 -0.999999455907152
-5.854900531192108 -0.999999452431576
-5.851846056611451 -0.999999448931469
-5.848791582030794 -0.999999445406658
-5.845737107450137 -0.999999441856970
-5.842682632869479 -0.999999438282229
-5.839628158288822 -0.999999434682258
-5.836573683708165 -0.999999431056879
-5.833519209127508 -0.999999427405913
-5.830464734546851 -0.999999423729178
-5.827410259966194 -0.999999420026494
-5.824355785385537 -0.999999416297677
-5.821301310804880 -0.999999412542542
-5.818246836224223 -0.999999408760904
-5.815192361643565 -0.999999404952576
-5.812137887062908 -0.999999401117370
-5.809083412482251 -0.999999397255095
-5.806028937901594 -0.999999393365560
-5.802974463320937 -0.999999389448574
-5.799919988740280 -0.999999385503943
-5.796865514159624 -0.999999381531471
-5.793811039578966 -0.999999377530962
-5.790756564998309 -0.999999373502218
-5.787702090417651 -0.999999369445040
-5.784647615836995 -0.999999365359226
-5.781593141256337 -0.999999361244576
-5.778538666675681 -0.999999357100885
-5.775484192095023 -0.999999352927949
-5.772429717514367 -0.999999348725561
-5.769375242933709 -0.999999344493513
-5.766320768353053 -0.999999340231597
-5.763266293772396 -0.999999335939600
-5.760211819191738 -0.999999331617311
-5.757157344611081 -0.999999327264516
-5.754102870030424 -0.999999322881000
-5.751048395449767 -0.999999318466545
-5.747993920869110 -0.999999314020935
-5.744939446288453 -0.999999309543948
-5.741884971707796 -0.999999305035363
-5.738830497127139 -0.999999300494957
-5.735776022546482 -0.999999295922506
-5.732721547965824 -0.999999291317784
-5.729667073385167 -0.999999286680562
-5.726612598804510 -0.999999282010612
-5.723558124223853 -0.999999277307702
-5.720503649643196 -0.999999272571599
-5.717449175062539 -0.999999267802070
-5.714394700481882 -0.999999262998879
-5.711340225901225 -0.999999258161788
-5.708285751320568 -0.999999253290557
-5.705231276739910 -0.999999248384946
-5.702176802159253 -0.999999243444713
-5.699122327578596 -0.999999238469612
-5.696067852997939 -0.999999233459398
-5.693013378417282 -0.999999228413822
-5.689958903836625 -0.999999223332636
-5.686904429255968 -0.999999218215588
-5.683849954675311 -0.999999213062425
-5.680795480094654 -0.999999207872892
-5.677741005513997 -0.999999202646733
-5.674686530933339 -0.999999197383688
-5.671632056352682 -0.999999192083497
-5.668577581772025 -0.999999186745899
-5.665523107191368 -0.999999181370630
-5.662468632610711 -0.999999175957423
-5.659414158030054 -0.999999170506010
-5.656359683449397 -0.999999165016123
-5.653305208868741 -0.999999159487489
-5.650250734288083 -0.999999153919835
-5.647196259707426 -0.999999148312886
-5.644141785126768 -0.999999142666365
-5.641087310546112 -0.999999136979991
-5.638032835965454 -0.999999131253484
-5.634978361384798 -0.999999125486561
-5.631923886804140 -0.999999119678936
-5.628869412223484 -0.999999113830323
-5.625814937642826 -0.999999107940431
-5.622760463062169 -0.999999102008969
-5.619705988481512 -0.999999096035645
-5.616651513900855 -0.999999090020163
-5.613597039320198 -0.999999083962224
-5.610542564739541 -0.999999077861530
-5.607488090158884 -0.999999071717779
-5.604433615578227 -0.999999065530666
-5.601379140997570 -0.999999059299887
-5.598324666416913 -0.999999053025132
-5.595270191836256 -0.999999046706091
-5.592215717255598 -0.999999040342452
-5.589161242674941 -0.999999033933900
-5.586106768094284 -0.999999027480118
-5.583052293513627 -0.999999020980787
-5.579997818932970 -0.999999014435585
-5.576943344352313 -0.999999007844189
-5.573888869771656 -0.999999001206272
-5.570834395190999 -0.999998994521507
-5.567779920610342 -0.999998987789562
-5.564725446029684 -0.999998981010105
-5.561670971449027 -0.999998974182801
-5.558616496868370 -0.999998967307311
-5.555562022287713 -0.999998960383295
-5.552507547707056 -0.999998953410412
-5.549453073126399 -0.999998946388316
-5.546398598545742 -0.999998939316660
-5.543344123965085 -0.999998932195094
-5.540289649384428 -0.999998925023266
-5.537235174803770 -0.999998917800821
-5.534180700223113 -0.999998910527402
-5.531126225642456 -0.999998903202649
-5.528071751061800 -0.999998895826200
-5.525017276481142 -0.999998888397691
-5.521962801900486 -0.999998880916753
-5.518908327319828 -0.999998873383017
-5.515853852739172 -0.999998865796109
-5.512799378158514 -0.999998858155656
-5.509744903577857 -0.999998850461278
-5.506690428997199 -0.999998842712596
-5.503635954416543 -0.999998834909225
-5.500581479835885 -0.999998827050781
-5.497527005255229 -0.999998819136875
-5.494472530674571 -0.999998811167114
-5.491418056093915 -0.999998803141105
-5.488363581513257 -0.999998795058451
-5.485309106932601 -0.999998786918752
-5.482254632351943 -0.999998778721605
-5.479200157771286 -0.999998770466606
-5.476145683190628 -0.999998762153345
-5.473091208609972 -0.999998753781413
-5.470036734029314 -0.999998745350393
-5.466982259448658 -0.999998736859870
-5.463927784868000 -0.999998728309424
-5.460873310287344 -0.999998719698631
-5.457818835706686 -0.999998711027066
-5.454764361126029 -0.999998702294300
-5.451709886545372 -0.999998693499901
-5.448655411964715 -0.999998684643435
-5.445600937384058 -0.999998675724462
-5.442546462803401 -0.999998666742542
-5.439491988222744 -0.999998657697230
-5.436437513642087 -0.999998648588080
-5.433383039061430 -0.999998639414640
-5.430328564480773 -0.999998630176458
-5.427274089900116 -0.999998620873076
-5.424219615319458 -0.999998611504033
-5.421165140738801 -0.999998602068867
-5.418110666158144 -0.999998592567112
-5.415056191577487 -0.999998582998296
-5.412001716996830 -0.999998573361946
-5.408947242416173 -0.999998563657587
-5.405892767835516 -0.999998553884738
-5.402838293254859 -0.999998544042916
-5.399783818674202 -0.999998534131634
-5.396729344093544 -0.999998524150401
-5.393674869512887 -0.999998514098725
-5.390620394932230 -0.999998503976108
-5.387565920351573 -0.999998493782049
-5.384511445770916 -0.999998483516044
-5.381456971190259 -0.999998473177586
-5.378402496609603 -0.999998462766163
-5.375348022028945 -0.999998452281260
-5.372293547448288 -0.999998441722359
-5.369239072867630 -0.999998431088937
-5.366184598286974 -0.999998420380468
-5.363130123706316 -0.999998409596424
-5.360075649125660 -0.999998398736270
-5.357021174545002 -0.999998387799469
-5.353966699964346 -0.999998376785481
-5.350912225383688 -0.999998365693761
-5.347857750803032 -0.999998354523760
-5.344803276222374 -0.999998343274925
-5.341748801641717 -0.999998331946701
-5.338694327061059 -0.999998320538527
-5.335639852480403 -0.999998309049839
-5.332585377899745 -0.999998297480069
-5.329530903319089 -0.999998285828644
-5.326476428738431 -0.999998274094988
-5.323421954157775 -0.999998262278522
-5.320367479577117 -0.999998250378660
-5.317313004996461 -0.999998238394813
-5.314258530415803 -0.999998226326390
-5.311204055835146 -0.999998214172794
-5.308149581254489 -0.999998201933423
-5.305095106673832 -0.999998189607672
-5.302040632093175 -0.999998177194931
-5.298986157512518 -0.999998164694587
-5.295931682931861 -0.999998152106021
-5.292877208351204 -0.999998139428611
-5.289822733770547 -0.999998126661729
-5.286768259189889 -0.999998113804745
-5.283713784609232 -0.999998100857023
-5.280659310028575 -0.999998087817921
-5.277604835447918 -0.999998074686796
-5.274550360867261 -0.999998061462998
-5.271495886286604 -0.999998048145872
-5.268441411705947 -0.999998034734760
-5.265386937125290 -0.999998021229000
-5.262332462544633 -0.999998007627923
-5.259277987963975 -0.999997993930856
-5.256223513383318 -0.999997980137121
-5.253169038802661 -0.999997966246038
-5.250114564222004 -0.999997952256918
-5.247060089641347 -0.999997938169071
-5.244005615060690 -0.999997923981799
-5.240951140480033 -0.999997909694400
-5.237896665899376 -0.999997895306168
-5.234842191318720 -0.999997880816391
-5.231787716738062 -0.999997866224354
-5.228733242157405 -0.999997851529333
-5.225678767576747 -0.999997836730603
-5.222624292996091 -0.999997821827431
-5.219569818415433 -0.999997806819081
-5.216515343834777 -0.999997791704811
-5.213460869254119 -0.999997776483871
-5.210406394673463 -0.999997761155512
-5.207351920092805 -0.999997745718972
-5.204297445512148 -0.999997730173491
-5.201242970931490 -0.999997714518298
-5.198188496350834 -0.999997698752620
-5.195134021770176 -0.999997682875677
-5.192079547189520 -0.999997666886683
-5.189025072608862 -0.999997650784849
-5.185970598028206 -0.999997634569377
-5.182916123447548 -0.999997618239466
-5.179861648866892 -0.999997601794308
-5.176807174286234 -0.999997585233089
-5.173752699705577 -0.999997568554992
-5.170698225124919 -0.999997551759191
-5.167643750544263 -0.999997534844855
-5.164589275963606 -0.999997517811148
-5.161534801382949 -0.999997500657228
-5.158480326802292 -0.999997483382246
-5.155425852221635 -0.999997465985348
-5.152371377640978 -0.999997448465674
-5.149316903060321 -0.999997430822356
-5.146262428479663 -0.999997413054524
-5.143207953899006 -0.999997395161298
-5.140153479318349 -0.999997377141792
-5.137099004737692 -0.999997358995118
-5.134044530157035 -0.999997340720375
-5.130990055576378 -0.999997322316661
-5.127935580995721 -0.999997303783067
-5.124881106415064 -0.999997285118674
-5.121826631834407 -0.999997266322561
-5.118772157253749 -0.999997247393798
-5.115717682673092 -0.999997228331448
-5.112663208092435 -0.999997209134570
-5.109608733511778 -0.999997189802213
-5.106554258931121 -0.999997170333422
-5.103499784350464 -0.999997150727233
-5.100445309769807 -0.999997130982678
-5.097390835189150 -0.999997111098780
-5.094336360608493 -0.999997091074556
-5.091281886027836 -0.999997070909015
-5.088227411447178 -0.999997050601161
-5.085172936866522 -0.999997030149988
-5.082118462285864 -0.999997009554486
-5.079063987705208 -0.999996988813637
-5.076009513124550 -0.999996967926414
-5.072955038543894 -0.999996946891784
-5.069900563963236 -0.999996925708708
-5.066846089382580 -0.999996904376138
-5.063791614801922 -0.999996882893019
-5.060737140221265 -0.999996861258289
-5.057682665640607 -0.999996839470878
-5.054628191059951 -0.999996817529708
-5.051573716479293 -0.999996795433694
-5.048519241898637 -0.999996773181745
-5.045464767317979 -0.999996750772759
-5.042410292737323 -0.999996728205628
-5.039355818156665 -0.999996705479237
-5.036301343576008 -0.999996682592461
-5.033246868995350 -0.999996659544170
-5.030192394414694 -0.999996636333222
-5.027137919834036 -0.999996612958471
-5.024083445253380 -0.999996589418761
-5.021028970672722 -0.999996565712927
-5.017974496092066 -0.999996541839798
-5.014920021511409 -0.999996517798192
-5.011865546930752 -0.999996493586921
-5.008811072350094 -0.999996469204789
-5.005756597769437 -0.999996444650588
-5.002702123188780 -0.999996419923105
-4.999647648608123 -0.999996395021118
-4.996593174027466 -0.999996369943395
-4.993538699446809 -0.999996344688695
-4.990484224866152 -0.999996319255771
-4.987429750285495 -0.999996293643364
-4.984375275704838 -0.999996267850208
-4.981320801124181 -0.999996241875028
-4.978266326543523 -0.999996215716540
-4.975211851962866 -0.999996189373448
-4.972157377382209 -0.999996162844453
-4.969102902801552 -0.999996136128241
-4.966048428220895 -0.999996109223491
-4.962993953640238 -0.999996082128873
-4.959939479059581 -0.999996054843048
-4.956885004478924 -0.999996027364665
-4.953830529898267 -0.999995999692368
-4.950776055317609 -0.999995971824786
-4.947721580736952 -0.999995943760543
-4.944667106156295 -0.999995915498251
-4.941612631575639 -0.999995887036511
-4.938558156994981 -0.999995858373918
-4.935503682414325 -0.999995829509053
-4.932449207833667 -0.999995800440490
-4.929394733253011 -0.999995771166791
-4.926340258672353 -0.999995741686508
-4.923285784091696 -0.999995711998185
-4.920231309511038 -0.999995682100353
-4.917176834930382 -0.999995651991534
-4.914122360349724 -0.999995621670239
-4.911067885769068 -0.999995591134969
-4.908013411188410 -0.999995560384214
-4.904958936607754 -0.999995529416454
-4.901904462027096 -0.999995498230157
-4.898849987446440 -0.999995466823783
-4.895795512865782 -0.999995435195777
-4.892741038285125 -0.999995403344576
-4.889686563704467 -0.999995371268606
-4.886632089123811 -0.999995338966280
-4.883577614543153 -0.999995306436001
-4.880523139962497 -0.999995273676161
-4.877468665381839 -0.999995240685140
-4.874414190801183 -0.999995207461307
-4.871359716220526 -0.999995174003019
-4.868305241639868 -0.999995140308623
-4.865250767059211 -0.999995106376452
-4.862196292478554 -0.999995072204828
-4.859141817897897 -0.999995037792062
-4.856087343317240 -0.999995003136454
-4.853032868736583 -0.999994968236288
-4.849978394155926 -0.999994933089840
-4.846923919575269 -0.999994897695373
-4.843869444994612 -0.999994862051135
-4.840814970413954 -0.999994826155366
-4.837760495833297 -0.999994790006290
-4.834706021252640 -0.999994753602120
-4.831651546671983 -0.999994716941056
-4.828597072091326 -0.999994680021286
-4.825542597510669 -0.999994642840984
-4.822488122930012 -0.999994605398313
-4.819433648349355 -0.999994567691422
-4.816379173768698 -0.999994529718445
-4.813324699188041 -0.999994491477506
-4.810270224607383 -0.999994452966714
-4.807215750026726 -0.999994414184165
-4.804161275446069 -0.999994375127943
-4.801106800865412 -0.999994335796115
-4.798052326284756 -0.999994296186738
-4.794997851704098 -0.999994256297854
-4.791943377123442 -0.999994216127490
-4.788888902542784 -0.999994175673661
-4.785834427962127 -0.999994134934366
-4.782779953381469 -0.999994093907592
-4.779725478800813 -0.999994052591310
-4.776671004220155 -0.999994010983479
-4.773616529639499 -0.999993969082040
-4.770562055058841 -0.999993926884923
-4.767507580478185 -0.999993884390042
-4.764453105897527 -0.999993841595296
-4.761398631316871 -0.999993798498568
-4.758344156736213 -0.999993755097730
-4.755289682155556 -0.999993711390635
-4.752235207574898 -0.999993667375123
-4.749180732994242 -0.999993623049017
-4.746126258413584 -0.999993578410127
-4.743071783832928 -0.999993533456246
-4.740017309252270 -0.999993488185152
-4.736962834671614 -0.999993442594607
-4.733908360090956 -0.999993396682356
-4.730853885510300 -0.999993350446132
-4.727799410929642 -0.999993303883647
-4.724744936348985 -0.999993256992601
-4.721690461768328 -0.999993209770675
-4.718635987187671 -0.999993162215535
-4.715581512607014 -0.999993114324831
-4.712527038026357 -0.999993066096195
-4.709472563445700 -0.999993017527243
-4.706418088865043 -0.999992968615574
-4.703363614284386 -0.999992919358771
-4.700309139703728 -0.999992869754399
-4.697254665123071 -0.999992819800006
-4.694200190542414 -0.999992769493122
-4.691145715961757 -0.999992718831261
-4.688091241381100 -0.999992667811919
-4.685036766800443 -0.999992616432575
-4.681982292219786 -0.999992564690687
-4.678927817639129 -0.999992512583699
-4.675873343058472 -0.999992460109036
-4.672818868477814 -0.999992407264103
-4.669764393897157 -0.999992354046289
-4.666709919316500 -0.999992300452962
-4.663655444735843 -0.999992246481475
-4.660600970155186 -0.999992192129160
-4.657546495574529 -0.999992137393329
-4.654492020993873 -0.999992082271279
-4.651437546413215 -0.999992026760283
-4.648383071832558 -0.999991970857599
-4.645328597251901 -0.999991914560463
-4.642274122671244 -0.999991857866094
-4.639219648090586 -0.999991800771688
-4.636165173509930 -0.999991743274424
-4.633110698929272 -0.999991685371461
-4.630056224348616 -0.999991627059936
-4.627001749767958 -0.999991568336967
-4.623947275187302 -0.999991509199652
-4.620892800606644 -0.999991449645069
-4.617838326025987 -0.999991389670274
-4.614783851445329 -0.999991329272303
-4.611729376864673 -0.999991268448171
-4.608674902284015 -0.999991207194871
-4.605620427703359 -0.999991145509377
-4.602565953122701 -0.999991083388640
-4.599511478542045 -0.999991020829590
-4.596457003961387 -0.999990957829136
-4.593402529380731 -0.999990894384163
-4.590348054800073 -0.999990830491536
-4.587293580219416 -0.999990766148098
-4.584239105638758 -0.999990701350668
-4.581184631058102 -0.999990636096046
-4.578130156477445 -0.999990570381005
-4.575075681896788 -0.999990504202298
-4.572021207316131 -0.999990437556655
-4.568966732735474 -0.999990370440783
-4.565912258154817 -0.999990302851364
-4.562857783574159 -0.999990234785058
-4.559803308993502 -0.999990166238503
-4.556748834412845 -0.999990097208310
-4.553694359832188 -0.999990027691068
-4.550639885251531 -0.999989957683343
-4.547585410670874 -0.999989887181674
-4.544530936090217 -0.999989816182577
-4.541476461509560 -0.999989744682546
-4.538421986928903 -0.999989672678045
-4.535367512348246 -0.999989600165517
-4.532313037767588 -0.999989527141380
-4.529258563186931 -0.999989453602024
-4.526204088606274 -0.999989379543817
-4.523149614025617 -0.999989304963097
-4.520095139444960 -0.999989229856181
-4.517040664864303 -0.999989154219357
-4.513986190283646 -0.999989078048888
-4.510931715702989 -0.999989001341009
-4.507877241122332 -0.999988924091932
-4.504822766541675 -0.999988846297839
-4.501768291961017 -0.999988767954885
-4.498713817380361 -0.999988689059202
-4.495659342799703 -0.999988609606889
-4.492604868219047 -0.999988529594021
-4.489550393638389 -0.999988449016646
-4.486495919057733 -0.999988367870781
-4.483441444477075 -0.999988286152418
-4.480386969896418 -0.999988203857520
-4.477332495315760 -0.999988120982020
-4.474278020735104 -0.999988037521823
-4.471223546154446 -0.999987953472807
-4.468169071573790 -0.999987868830818
-4.465114596993132 -0.999987783591675
-4.462060122412476 -0.999987697751168
-4.459005647831818 -0.999987611305054
-4.455951173251162 -0.999987524249063
-4.452896698670504 -0.999987436578894
-4.449842224089847 -0.999987348290217
-4.446787749509189 -0.999987259378669
-4.443733274928533 -0.999987169839857
-4.440678800347875 -0.999987079669359
-4.437624325767219 -0.999986988862721
-4.434569851186562 -0.999986897415455
-4.431515376605905 -0.999986805323045
-4.428460902025248 -0.999986712580941
-4.425406427444591 -0.999986619184562
-4.422351952863933 -0.999986525129294
-4.419297478283276 -0.999986430410490
-4.416243003702619 -0.999986335023473
-4.413188529121962 -0.999986238963530
-4.410134054541305 -0.999986142225915
-4.407079579960648 -0.999986044805851
-4.404025105379991 -0.999985946698525
-4.400970630799334 -0.999985847899091
-4.397916156218677 -0.999985748402670
-4.394861681638019 -0.999985648204345
-4.391807207057362 -0.999985547299168
-4.388752732476705 -0.999985445682156
-4.385698257896048 -0.999985343348288
-4.382643783315391 -0.999985240292510
-4.379589308734734 -0.999985136509733
-4.376534834154077 -0.999985031994829
-4.373480359573420 -0.999984926742637
-4.370425884992763 -0.999984820747959
-4.367371410412106 -0.999984714005559
-4.364316935831448 -0.999984606510165
-4.361262461250792 -0.999984498256469
-4.358207986670134 -0.999984389239122
-4.355153512089478 -0.999984279452743
-4.352099037508820 -0.999984168891908
-4.349044562928164 -0.999984057551157
-4.345990088347506 -0.999983945424991
-4.342935613766850 -0.999983832507874
-4.339881139186192 -0.999983718794227
-4.336826664605535 -0.999983604278437
-4.333772190024877 -0.999983488954847
-4.330717715444221 -0.999983372817762
-4.327663240863563 -0.999983255861447
-4.324608766282907 -0.999983138080127
-4.321554291702249 -0.999983019467984
-4.318499817121593 -0.999982900019163
-4.315445342540935 -0.999982779727764
-4.312390867960278 -0.999982658587848
-4.309336393379620 -0.999982536593432
-4.306281918798964 -0.999982413738492
-4.303227444218306 -0.999982290016963
-4.300172969637650 -0.999982165422734
-4.297118495056992 -0.999982039949655
-4.294064020476336 -0.999981913591529
-4.291009545895679 -0.999981786342117
-4.287955071315022 -0.999981658195136
-4.284900596734365 -0.999981529144260
-4.281846122153707 -0.999981399183115
-4.278791647573050 -0.999981268305287
-4.275737172992393 -0.999981136504312
-4.272682698411736 -0.999981003773683
-4.269628223831079 -0.999980870106848
-4.266573749250422 -0.999980735497206
-4.263519274669765 -0.999980599938113
-4.260464800089108 -0.999980463422876
-4.257410325508451 -0.999980325944754
-4.254355850927793 -0.999980187496962
-4.251301376347136 -0.999980050645208
-4.248246901766479 -0.999979910266914
-4.245192427185822 -0.999979768898619
-4.242137952605165 -0.999979626533346
-4.239083478024508 -0.999979483164069
-4.236029003443851 -0.999979338783713
-4.232974528863194 -0.999979193385151
-4.229920054282537 -0.999979046961209
-4.226865579701879 -0.999978899504660
-4.223811105121222 -0.999978751008228
-4.220756630540565 -0.999978601464584
-4.217702155959909 -0.999978450866349
-4.214647681379251 -0.999978299206092
-4.211593206798595 -0.999978146476327
-4.208538732217937 -0.999977992669519
-4.205484257637281 -0.999977837778078
-4.202429783056623 -0.999977681794362
-4.199375308475966 -0.999977524710672
-4.196320833895308 -0.999977366519259
-4.193266359314652 -0.999977207212317
-4.190211884733994 -0.999977046781985
-4.187157410153338 -0.999976885220348
-4.184102935572680 -0.999976722519434
-4.181048460992024 -0.999976558671216
-4.177993986411366 -0.999976393667610
-4.174939511830710 -0.999976227500475
-4.171885037250052 -0.999976060161612
-4.168830562669395 -0.999975891642767
-4.165776088088737 -0.999975721935624
-4.162721613508081 -0.999975551031812
-4.159667138927423 -0.999975378922899
-4.156612664346767 -0.999975205600395
-4.153558189766109 -0.999975031055750
-4.150503715185453 -0.999974855280352
-4.147449240604795 -0.999974678265532
-4.144394766024138 -0.999974500002555
-4.141340291443481 -0.999974320482631
-4.138285816862824 -0.999974139696902
-4.135231342282167 -0.999973957636451
-4.132176867701510 -0.999973774292299
-4.129122393120853 -0.999973589655401
-4.126067918540196 -0.999973403716650
-4.123013443959539 -0.999973216466875
-4.119958969378882 -0.999973027896841
-4.116904494798225 -0.999972837997247
-4.113850020217567 -0.999972646758726
-4.110795545636910 -0.999972454171847
-4.107741071056253 -0.999972260227112
-4.104686596475596 -0.999972064914955
-4.101632121894939 -0.999971868225744
-4.098577647314282 -0.999971670149780
-4.095523172733625 -0.999971470677294
-4.092468698152968 -0.999971269798448
-4.089414223572311 -0.999971067503337
-4.086359748991653 -0.999970863781986
-4.083305274410996 -0.999970658624347
-4.080250799830339 -0.999970452020305
-4.077196325249682 -0.999970243959671
-4.074141850669026 -0.999970034432187
-4.071087376088368 -0.999969823427522
-4.068032901507712 -0.999969610935270
-4.064978426927054 -0.999969396944954
-4.061923952346397 -0.999969181446025
-4.058869477765739 -0.999968964427856
-4.055815003185083 -0.999968745879749
-4.052760528604425 -0.999968525790927
-4.049706054023769 -0.999968304150540
-4.046651579443111 -0.999968080947662
-4.043597104862455 -0.999967856171288
-4.040542630281797 -0.999967629810337
-4.037488155701141 -0.999967401853650
-4.034433681120483 -0.999967172289990
-4.031379206539826 -0.999966941108040
-4.028324731959168 -0.999966708296404
-4.025270257378512 -0.999966473843607
-4.022215782797854 -0.999966237738090
-4.019161308217198 -0.999965999968217
-4.016106833636540 -0.999965760522267
-4.013052359055884 -0.999965519388439
-4.009997884475226 -0.999965276554847
-4.006943409894570 -0.999965032009522
-4.003888935313912 -0.999964785740413
-4.000834460733255 -0.999964537735381
-3.997779986152598 -0.999964287982204
-3.994725511571941 -0.999964036468574
-3.991671036991284 -0.999963783182094
-3.988616562410627 -0.999963528110284
-3.985562087829970 -0.999963271240573
-3.982507613249313 -0.999963012560303
-3.979453138668656 -0.999962752056726
-3.976398664087998 -0.999962489717008
-3.973344189507341 -0.999962225528220
-3.970289714926684 -0.999961959477344
-3.967235240346027 -0.999961691551273
-3.964180765765370 -0.999961421736804
-3.961126291184713 -0.999961150020644
-3.958071816604056 -0.999960876389405
-3.955017342023399 -0.999960600829607
-3.951962867442742 -0.999960323327672
-3.948908392862085 -0.999960043869931
-3.945853918281427 -0.999959762442615
-3.942799443700770 -0.999959479031860
-3.939744969120113 -0.999959193623705
-3.936690494539456 -0.999958906204091
-3.933636019958799 -0.999958616758858
-3.930581545378142 -0.999958325273751
-3.927527070797485 -0.999958031734410
-3.924472596216828 -0.999957736126377
-3.921418121636171 -0.999957438435092
-3.918363647055514 -0.999957138645893
-3.915309172474857 -0.999956836744015
-3.912254697894200 -0.999956532714587
-3.909200223313543 -0.999956226542638
-3.906145748732885 -0.999955918213089
-3.903091274152228 -0.999955607710754
-3.900036799571571 -0.999955295020344
-3.896982324990914 -0.999954980126461
-3.893927850410257 -0.999954663013596
-3.890873375829600 -0.999954343666136
-3.887818901248943 -0.999954022068356
-3.884764426668286 -0.999953698204420
-3.881709952087629 -0.999953372058382
-3.878655477506971 -0.999953043614183
-3.875601002926314 -0.999952712855654
-3.872546528345657 -0.999952379766508
-3.869492053765000 -0.999952044330348
-3.866437579184343 -0.999951706530660
-3.863383104603686 -0.999951366350813
-3.860328630023029 -0.999951023774062
-3.857274155442372 -0.999950678783542
-3.854219680861715 -0.999950331362272
-3.851165206281058 -0.999949981493149
-3.848110731700401 -0.999949629158952
-3.845056257119744 -0.999949274342340
-3.842001782539087 -0.999948917025847
-3.838947307958430 -0.999948557191888
-3.835892833377772 -0.999948194822753
-3.832838358797115 -0.999947829900608
-3.829783884216458 -0.999947462407494
-3.826729409635801 -0.999947092325325
-3.823674935055144 -0.999946719635889
-3.820620460474487 -0.999946344320848
-3.817565985893830 -0.999945966361731
-3.814511511313173 -0.999945585739942
-3.811457036732516 -0.999945202436752
-3.808402562151858 -0.999944816433302
-3.805348087571201 -0.999944427710599
-3.802293612990544 -0.999944036249518
-3.799239138409887 -0.999943642030801
-3.796184663829230 -0.999943245035052
-3.793130189248573 -0.999942845242742
-3.790075714667916 -0.999942442634204
-3.787021240087259 -0.999942037189631
-3.783966765506602 -0.999941628889081
-3.780912290925945 -0.999941217712470
-3.777857816345288 -0.999940803639572
-3.774803341764631 -0.999940386650022
-3.771748867183974 -0.999939966723311
-3.768694392603317 -0.999939543838785
-3.765639918022659 -0.999939117975647
-3.762585443442002 -0.999938689112954
-3.759530968861345 -0.999938257229615
-3.756476494280688 -0.999937822304393
-3.753422019700031 -0.999937384315900
-3.750367545119374 -0.999936943242600
-3.747313070538717 -0.999936499062805
-3.744258595958060 -0.999936051754675
-3.741204121377403 -0.999935601296219
-3.738149646796745 -0.999935147665289
-3.735095172216088 -0.999934690839583
-3.732040697635431 -0.999934230796643
-3.728986223054774 -0.999933767513854
-3.725931748474117 -0.999933300968441
-3.722877273893460 -0.999932831137472
-3.719822799312803 -0.999932357997851
-3.716768324732146 -0.999931881526324
-3.713713850151489 -0.999931401699471
-3.710659375570831 -0.999930918493710
-3.707604900990175 -0.999930431885292
-3.704550426409518 -0.999929941850304
-3.701495951828861 -0.999929448364664
-3.698441477248203 -0.999928951404120
-3.695387002667546 -0.999928450944254
-3.692332528086889 -0.999927946960473
-3.689278053506232 -0.999927439428016
-3.686223578925575 -0.999926928321943
-3.683169104344918 -0.999926413617145
-3.680114629764261 -0.999925895288335
-3.677060155183604 -0.999925373310047
-3.674005680602947 -0.999924847656640
-3.670951206022290 -0.999924318302292
-3.667896731441632 -0.999923785220999
-3.664842256860975 -0.999923248386579
-3.661787782280318 -0.999922707772661
-3.658733307699661 -0.999922163352695
-3.655678833119004 -0.999921615099942
-3.652624358538347 -0.999921062987476
-3.649569883957690 -0.999920506988184
-3.646515409377033 -0.999919947074762
-3.643460934796376 -0.999919383219716
-3.640406460215718 -0.999918815395358
-3.637351985635062 -0.999918243573809
-3.634297511054405 -0.999917667726993
-3.631243036473748 -0.999917087826637
-3.628188561893090 -0.999916503844272
-3.625134087312433 -0.999915915751228
-3.622079612731776 -0.999915323518638
-3.619025138151119 -0.999914727117428
-3.615970663570462 -0.999914126518325
-3.612916188989805 -0.999913521691848
-3.609861714409148 -0.999912912608314
-3.606807239828491 -0.999912299237828
-3.603752765247834 -0.999911681550288
-3.600698290667177 -0.999911059515382
-3.597643816086520 -0.999910433102586
-3.594589341505863 -0.999909802281160
-3.591534866925206 -0.999909167020154
-3.588480392344549 -0.999908527288397
-3.585425917763891 -0.999907883054503
-3.582371443183234 -0.999907234286865
-3.579316968602577 -0.999906580953657
-3.576262494021920 -0.999905923022828
-3.573208019441263 -0.999905260462104
-3.570153544860606 -0.999904593238987
-3.567099070279949 -0.999903921320750
-3.564044595699292 -0.999903244674439
-3.560990121118635 -0.999902563266869
-3.557935646537977 -0.999901877064621
-3.554881171957320 -0.999901186034047
-3.551826697376663 -0.999900490141261
-3.548772222796006 -0.999899789352139
-3.545717748215349 -0.999899083632323
-3.542663273634692 -0.999898372947211
-3.539608799054035 -0.999897657261962
-3.536554324473378 -0.999896936541490
-3.533499849892721 -0.999896210750464
-3.530445375312063 -0.999895479853308
-3.527390900731406 -0.999894743814197
-3.524336426150749 -0.999894002597054
-3.521281951570092 -0.999893256165552
-3.518227476989435 -0.999892504483110
-3.515173002408778 -0.999891747512892
-3.512118527828121 -0.999890985217804
-3.509064053247464 -0.999890217560495
-3.506009578666807 -0.999889444503350
-3.502955104086150 -0.999888666008495
-3.499900629505492 -0.999887882037790
-3.496846154924835 -0.999887092552829
-3.493791680344178 -0.999886297514937
-3.490737205763521 -0.999885496885172
-3.487682731182864 -0.999884690624318
-3.484628256602207 -0.999883878692887
-3.481573782021550 -0.999883061051112
-3.478519307440893 -0.999882237658954
-3.475464832860236 -0.999881408476091
-3.472410358279578 -0.999880573461921
-3.469355883698921 -0.999879732575560
-3.466301409118264 -0.999878885775835
-3.463246934537607 -0.999878033021290
-3.460192459956950 -0.999877174270179
-3.457137985376293 -0.999876309480465
-3.454083510795637 -0.999875438609816
-3.451029036214980 -0.999874561615607
-3.447974561634322 -0.999873678454916
-3.444920087053665 -0.999872789084521
-3.441865612473008 -0.999871893460898
-3.438811137892351 -0.999870991540222
-3.435756663311694 -0.999870083278361
-3.432702188731037 -0.999869168630876
-3.429647714150380 -0.999868247553018
-3.426593239569723 -0.999867319999726
-3.423538764989066 -0.999866385925626
-3.420484290408409 -0.999865445285029
-3.417429815827751 -0.999864498031925
-3.414375341247094 -0.999863544119985
-3.411320866666437 -0.999862583502559
-3.408266392085780 -0.999861616132668
-3.405211917505123 -0.999860641963010
-3.402157442924466 -0.999859660945952
-3.399102968343809 -0.999858673033529
-3.396048493763152 -0.999857678177443
-3.392994019182495 -0.999856676329060
-3.389939544601837 -0.999855667439406
-3.386885070021180 -0.999854651459168
-3.383830595440523 -0.999853628338688
-3.380776120859866 -0.999852598027964
-3.377721646279209 -0.999851560476646
-3.374667171698552 -0.999850515634032
-3.371612697117895 -0.999849463449070
-3.368558222537238 -0.999848403870351
-3.365503747956581 -0.999847336846109
-3.362449273375923 -0.999846262324217
-3.359394798795266 -0.999845180252188
-3.356340324214609 -0.999844090577166
-3.353285849633952 -0.999842993245932
-3.350231375053295 -0.999841888204894
-3.347176900472638 -0.999840775400088
-3.344122425891981 -0.999839654777175
-3.341067951311324 -0.999838526281440
-3.338013476730667 -0.999837389857784
-3.334959002150010 -0.999836245450729
-3.331904527569352 -0.999835093004409
-3.328850052988695 -0.999833932462571
-3.325795578408038 -0.999832763768570
-3.322741103827381 -0.999831586865369
-3.319686629246724 -0.999830401695534
-3.316632154666067 -0.999829208201232
-3.313577680085410 -0.999828006324228
-3.310523205504753 -0.999826796005884
-3.307468730924096 -0.999825577187153
-3.304414256343439 -0.999824349808579
-3.301359781762782 -0.999823113810293
-3.298305307182125 -0.999821869132012
-3.295250832601468 -0.999820615713031
-3.292196358020811 -0.999819353492226
-3.289141883440154 -0.999818082408050
-3.286087408859497 -0.999816802398526
-3.283032934278840 -0.999815513401249
-3.279978459698182 -0.999814215353380
-3.276923985117525 -0.999812908191644
-3.273869510536868 -0.999811591852329
-3.270815035956211 -0.999810266271278
-3.267760561375554 -0.999808931383892
-3.264706086794897 -0.999807587125122
-3.261651612214240 -0.999806233429469
-3.258597137633583 -0.999804870230979
-3.255542663052926 -0.999803497463241
-3.252488188472269 -0.999802115059385
-3.249433713891611 -0.999800722952075
-3.246379239310954 -0.999799321073511
-3.243324764730297 -0.999797909355422
-3.240270290149640 -0.999796487729062
-3.237215815568983 -0.999795056125213
-3.234161340988326 -0.999793614474174
-3.231106866407669 -0.999792162705761
-3.228052391827012 -0.999790700749306
-3.224997917246355 -0.999789228533651
-3.221943442665697 -0.999787745987145
-3.218888968085040 -0.999786253037641
-3.215834493504383 -0.999784749612491
-3.212780018923726 -0.999783235638546
-3.209725544343069 -0.999781711042151
-3.206671069762412 -0.999780175749139
-3.203616595181755 -0.999778629684831
-3.200562120601098 -0.999777072774033
-3.197507646020441 -0.999775504941027
-3.194453171439783 -0.999773926109575
-3.191398696859126 -0.999772336202908
-3.188344222278469 -0.999770735143729
-3.185289747697812 -0.999769122854206
-3.182235273117155 -0.999767499255967
-3.179180798536498 -0.999765864270099
-3.176126323955841 -0.999764217817144
-3.173071849375184 -0.999762559817096
-3.170017374794527 -0.999760890189392
-3.166962900213870 -0.999759208852916
-3.163908425633213 -0.999757515725991
-3.160853951052556 -0.999755810726373
-3.157799476471899 -0.999754093771252
-3.154745001891242 -0.999752364777247
-3.151690527310585 -0.999750623660399
-3.148636052729928 -0.999748870336170
-3.145581578149271 -0.999747104719437
-3.142527103568614 -0.999745326724492
-3.139472628987956 -0.999743536265033
-3.136418154407299 -0.999741733254163
-3.133363679826642 -0.999739917604386
-3.130309205245985 -0.999738089227601
-3.127254730665328 -0.999736248035100
-3.124200256084671 -0.999734393937562
-3.121145781504014 -0.999732526845050
-3.118091306923357 -0.999730646667008
-3.115036832342700 -0.999728753312254
-3.111982357762042 -0.999726846688978
-3.108927883181385 -0.999724926704737
-3.105873408600728 -0.999722993266450
-3.102818934020071 -0.999721046280396
-3.099764459439414 -0.999719085652205
-3.096709984858757 -0.999717111286860
-3.093655510278100 -0.999715123088687
-3.090601035697443 -0.999713120961355
-3.087546561116786 -0.999711104807867
-3.084492086536128 -0.999709074530559
-3.081437611955471 -0.999707030031096
-3.078383137374814 -0.999704971210463
-3.075328662794157 -0.999702897968965
-3.072274188213500 -0.999700810206221
-3.069219713632843 -0.999698707821158
-3.066165239052186 -0.999696590712008
-3.063110764471529 -0.999694458776303
-3.060056289890872 -0.999692311910870
-3.057001815310215 -0.999690150011825
-3.053947340729557 -0.999687972974572
-3.050892866148900 -0.999685780693792
-3.047838391568243 -0.999683573063446
-3.044783916987586 -0.999681349976763
-3.041729442406929 -0.999679111326239
-3.038674967826272 -0.999676857003631
-3.035620493245615 -0.999674586899953
-3.032566018664958 -0.999672300905468
-3.029511544084301 -0.999669998909688
-3.026457069503643 -0.999667680801364
-3.023402594922986 -0.999665346468483
-3.020348120342329 -0.999662995798263
-3.017293645761673 -0.999660628677150
-3.014239171181016 -0.999658244990806
-3.011184696600359 -0.999655844624111
-3.008130222019702 -0.999653427461156
-3.005075747439045 -0.999650993385233
-3.002021272858387 -0.999648542278838
-2.998966798277730 -0.999646074023656
-2.995912323697073 -0.999643588500564
-2.992857849116416 -0.999641085589622
-2.989803374535759 -0.999638565170065
-2.986748899955102 -0.999636027120303
-2.983694425374445 -0.999633471317910
-2.980639950793788 -0.999630897639624
-2.977585476213131 -0.999628305961337
-2.974531001632474 -0.999625696158089
-2.971476527051816 -0.999623068104066
-2.968422052471159 -0.999620421672593
-2.965367577890502 -0.999617756736125
-2.962313103309845 -0.999615073166247
-2.959258628729188 -0.999612370833661
-2.956204154148531 -0.999609649608188
-2.953149679567874 -0.999606909358756
-2.950095204987217 -0.999604149953397
-2.947040730406560 -0.999601371259240
-2.943986255825902 -0.999598573142504
-2.940931781245245 -0.999595755468495
-2.937877306664588 -0.999592918101598
-2.934822832083931 -0.999590060905270
-2.931768357503274 -0.999587183742034
-2.928713882922617 -0.999584286473476
-2.925659408341960 -0.999581368960235
-2.922604933761303 -0.999578431061997
-2.919550459180646 -0.999575472637490
-2.916495984599988 -0.999572493544479
-2.913441510019331 -0.999569493639757
-2.910387035438674 -0.999566472779138
-2.907332560858017 -0.999563430817454
-2.904278086277360 -0.999560367608545
-2.901223611696703 -0.999557283005255
-2.898169137116046 -0.999554176859422
-2.895114662535389 -0.999551049021876
-2.892060187954732 -0.999547899342428
-2.889005713374075 -0.999544727669867
-2.885951238793417 -0.999541533851950
-2.882896764212760 -0.999538317735396
-2.879842289632103 -0.999535079165881
-2.876787815051446 -0.999531817988029
-2.873733340470790 -0.999528534045406
-2.870678865890133 -0.999525227180511
-2.867624391309476 -0.999521897234773
-2.864569916728819 -0.999518544048541
-2.861515442148161 -0.999515167461077
-2.858460967567504 -0.999511767310549
-2.855406492986847 -0.999508343434025
-2.852352018406190 -0.999504895667463
-2.849297543825533 -0.999501423845709
-2.846243069244876 -0.999497927802481
-2.843188594664219 -0.999494407370372
-2.840134120083562 -0.999490862380834
-2.837079645502905 -0.999487292664174
-2.834025170922247 -0.999483698049547
-2.830970696341590 -0.999480078364947
-2.827916221760933 -0.999476433437201
-2.824861747180276 -0.999472763091960
-2.821807272599619 -0.999469067153689
-2.818752798018962 -0.999465345445666
-2.815698323438305 -0.999461597789967
-2.812643848857648 -0.999457824007462
-2.809589374276991 -0.999454023917806
-2.806534899696334 -0.999450197339432
-2.803480425115676 -0.999446344089540
-2.800425950535019 -0.999442463984092
-2.797371475954362 -0.999438556837806
-2.794317001373705 -0.999434622464139
-2.791262526793048 -0.999430660675289
-2.788208052212391 -0.999426671282182
-2.785153577631734 -0.999422654094460
-2.782099103051077 -0.999418608920482
-2.779044628470420 -0.999414535567306
-2.775990153889762 -0.999410433840686
-2.772935679309105 -0.999406303545062
-2.769881204728448 -0.999402144483553
-2.766826730147791 -0.999397956457945
-2.763772255567134 -0.999393739268684
-2.760717780986477 -0.999389492714870
-2.757663306405820 -0.999385216594242
-2.754608831825163 -0.999380910703175
-2.751554357244506 -0.999376574836669
-2.748499882663848 -0.999372208788340
-2.745445408083191 -0.999367812350410
-2.742390933502534 -0.999363385313699
-2.739336458921877 -0.999358927467616
-2.736281984341220 -0.999354438600150
-2.733227509760563 -0.999349918497860
-2.730173035179906 -0.999345366945866
-2.727118560599250 -0.999340783727840
-2.724064086018593 -0.999336168625994
-2.721009611437935 -0.999331521421077
-2.717955136857278 -0.999326841892358
-2.714900662276621 -0.999322129817620
-2.711846187695964 -0.999317384973153
-2.708791713115307 -0.999312607133738
-2.705737238534650 -0.999307796072642
-2.702682763953993 -0.999302951561607
-2.699628289373336 -0.999298073370840
-2.696573814792679 -0.999293161269003
-2.693519340212021 -0.999288215023203
-2.690464865631364 -0.999283234398982
-2.687410391050707 -0.999278219160307
-2.684355916470050 -0.999273169069559
-2.681301441889393 -0.999268083887525
-2.678246967308736 -0.999262963373387
-2.675192492728079 -0.999257807284707
-2.672138018147422 -0.999252615377425
-2.669083543566765 -0.999247387405842
-2.666029068986107 -0.999242123122610
-2.662974594405450 -0.999236822278726
-2.659920119824793 -0.999231484623517
-2.656865645244136 -0.999226109904629
-2.653811170663479 -0.999220697868020
-2.650756696082822 -0.999215248257947
-2.647702221502165 -0.999209760816952
-2.644647746921508 -0.999204235285857
-2.641593272340851 -0.999198671403750
-2.638538797760194 -0.999193068907971
-2.635484323179536 -0.999187427534107
-2.632429848598879 -0.999181747015976
-2.629375374018222 -0.999176027085617
-2.626320899437565 -0.999170267473279
-2.623266424856908 -0.999164467907409
-2.620211950276251 -0.999158628114642
-2.617157475695594 -0.999152747819788
-2.614103001114937 -0.999146826745819
-2.611048526534280 -0.999140864613860
-2.607994051953622 -0.999134861143178
-2.604939577372965 -0.999128816051166
-2.601885102792308 -0.999122729053334
-2.598830628211651 -0.999116599863296
-2.595776153630994 -0.999110428192759
-2.592721679050337 -0.999104213751512
-2.589667204469680 -0.999097956247408
-2.586612729889023 -0.999091655386360
-2.583558255308366 -0.999085310872322
-2.580503780727709 -0.999078922407280
-2.577449306147052 -0.999072489691237
-2.574394831566395 -0.999066012422206
-2.571340356985738 -0.999059490296189
-2.568285882405081 -0.999052923007171
-2.565231407824424 -0.999046310247106
-2.562176933243767 -0.999039651705901
-2.559122458663110 -0.999032947071406
-2.556067984082453 -0.999026196029401
-2.553013509501795 -0.999019398263582
-2.549959034921138 -0.999012553455547
-2.546904560340481 -0.999005661284786
-2.543850085759824 -0.998998721428663
-2.540795611179167 -0.998991733562408
-2.537741136598510 -0.998984697359099
-2.534686662017853 -0.998977612489651
-2.531632187437196 -0.998970478622802
-2.528577712856539 -0.998963295425098
-2.525523238275881 -0.998956062560882
-2.522468763695224 -0.998948779692276
-2.519414289114567 -0.998941446479173
-2.516359814533910 -0.998934062579218
-2.513305339953253 -0.998926627647794
-2.510250865372596 -0.998919141338014
-2.507196390791939 -0.998911603300696
-2.504141916211282 -0.998904013184361
-2.501087441630625 -0.998896370635209
-2.498032967049967 -0.998888675297110
-2.494978492469310 -0.998880926811586
-2.491924017888653 -0.998873124817800
-2.488869543307996 -0.998865268952538
-2.485815068727339 -0.998857358850197
-2.482760594146682 -0.998849394142768
-2.479706119566025 -0.998841374459820
-2.476651644985368 -0.998833299428491
-2.473597170404711 -0.998825168673464
-2.470542695824054 -0.998816981816961
-2.467488221243396 -0.998808738478720
-2.464433746662739 -0.998800438275984
-2.461379272082082 -0.998792080823485
-2.458324797501425 -0.998783665733429
-2.455270322920768 -0.998775192615476
-2.452215848340111 -0.998766661076731
-2.449161373759454 -0.998758070721723
-2.446106899178797 -0.998749421152392
-2.443052424598140 -0.998740711968073
-2.439997950017482 -0.998731942765477
-2.436943475436826 -0.998723113138679
-2.433889000856169 -0.998714222679099
-2.430834526275512 -0.998705270975485
-2.427780051694855 -0.998696257613901
-2.424725577114198 -0.998687182177706
-2.421671102533541 -0.998678044247540
-2.418616627952884 -0.998668843401305
-2.415562153372226 -0.998659579214151
-2.412507678791569 -0.998650251258457
-2.409453204210912 -0.998640859103816
-2.406398729630255 -0.998631402317018
-2.403344255049598 -0.998621880462029
-2.400289780468941 -0.998612293099978
-2.397235305888284 -0.998602639789141
-2.394180831307627 -0.998592920084916
-2.391126356726970 -0.998583133539816
-2.388071882146312 -0.998573279703444
-2.385017407565655 -0.998563358122475
-2.381962932984998 -0.998553368340645
-2.378908458404341 -0.998543309898725
-2.375853983823684 -0.998533182334511
-2.372799509243027 -0.998522985182799
-2.369745034662370 -0.998512717975371
-2.366690560081713 -0.998502380240975
-2.363636085501056 -0.998491971505309
-2.360581610920399 -0.998481491290999
-2.357527136339741 -0.998470939117584
-2.354472661759084 -0.998460314501496
-2.351418187178427 -0.998449616956040
-2.348363712597770 -0.998438845991377
-2.345309238017113 -0.998428001114506
-2.342254763436456 -0.998417081829243
-2.339200288855799 -0.998406087636201
-2.336145814275142 -0.998395018032774
-2.333091339694485 -0.998383872513117
-2.330036865113827 -0.998372650568124
-2.326982390533170 -0.998361351685412
-2.323927915952513 -0.998349975349299
-2.320873441371856 -0.998338521040785
-2.317818966791199 -0.998326988237534
-2.314764492210542 -0.998315376413850
-2.311710017629885 -0.998303685040663
-2.308655543049228 -0.998291913585503
-2.305601068468571 -0.998280061512484
-2.302546593887913 -0.998268128282281
-2.299492119307256 -0.998256113352113
-2.296437644726599 -0.998244016175717
-2.293383170145942 -0.998231836203336
-2.290328695565286 -0.998219572881688
-2.287274220984629 -0.998207225653953
-2.284219746403972 -0.998194793959752
-2.281165271823315 -0.998182277235119
-2.278110797242658 -0.998169674912488
-2.275056322662000 -0.998156986420667
-2.272001848081343 -0.998144211184820
-2.268947373500686 -0.998131348626441
-2.265892898920029 -0.998118398163339
-2.262838424339372 -0.998105359209610
-2.259783949758715 -0.998092231175619
-2.256729475178058 -0.998079013467977
-2.253675000597401 -0.998065705489522
-2.250620526016744 -0.998052306639290
-2.247566051436086 -0.998038816312502
-2.244511576855429 -0.998025233900535
-2.241457102274772 -0.998011558790901
-2.238402627694115 -0.997997790367228
-2.235348153113458 -0.997983928009232
-2.232293678532801 -0.997969971092700
-2.229239203952144 -0.997955918989463
-2.226184729371487 -0.997941771067376
-2.223130254790830 -0.997927526690293
-2.220075780210172 -0.997913185218044
-2.217021305629515 -0.997898746006415
-2.213966831048858 -0.997884208407121
-2.210912356468201 -0.997869571767783
-2.207857881887544 -0.997854835431907
-2.204803407306887 -0.997839998738858
-2.201748932726230 -0.997825061023838
-2.198694458145573 -0.997810021617861
-2.195639983564916 -0.997794879847730
-2.192585508984259 -0.997779635036012
-2.189531034403601 -0.997764286501014
-2.186476559822944 -0.997748833556759
-2.183422085242287 -0.997733275512964
-2.180367610661630 -0.997717611675009
-2.177313136080973 -0.997701841343922
-2.174258661500316 -0.997685963816345
-2.171204186919659 -0.997669978384515
-2.168149712339002 -0.997653884336237
-2.165095237758345 -0.997637680954859
-2.162040763177687 -0.997621367519247
-2.158986288597030 -0.997604943303762
-2.155931814016373 -0.997588407578231
-2.152877339435716 -0.997571759607923
-2.149822864855059 -0.997554998653523
-2.146768390274402 -0.997538123971110
-2.143713915693746 -0.997521134812126
-2.140659441113089 -0.997504030423351
-2.137604966532431 -0.997486810046882
-2.134550491951774 -0.997469472920100
-2.131496017371117 -0.997452018275647
-2.128441542790460 -0.997434445341403
-2.125387068209803 -0.997416753340452
-2.122332593629146 -0.997398941491061
-2.119278119048489 -0.997381009006653
-2.116223644467832 -0.997362955095779
-2.113169169887175 -0.997344778962090
-2.110114695306518 -0.997326479804312
-2.107060220725860 -0.997308056816218
-2.104005746145203 -0.997289509186600
-2.100951271564546 -0.997270836099244
-2.097896796983889 -0.997252036732901
-2.094842322403232 -0.997233110261257
-2.091787847822575 -0.997214055852912
-2.088733373241918 -0.997194872671345
-2.085678898661261 -0.997175559874889
-2.082624424080604 -0.997156116616704
-2.079569949499946 -0.997136542044748
-2.076515474919289 -0.997116835301750
-2.073461000338632 -0.997096995525177
-2.070406525757975 -0.997077021847212
-2.067352051177318 -0.997056913394721
-2.064297576596661 -0.997036669289226
-2.061243102016004 -0.997016288646876
-2.058188627435347 -0.996995770578416
-2.055134152854690 -0.996975114189164
-2.052079678274032 -0.996954318578973
-2.049025203693375 -0.996933382842210
-2.045970729112718 -0.996912306067722
-2.042916254532061 -0.996891087338808
-2.039861779951404 -0.996869725733188
-2.036807305370747 -0.996848220322975
-2.033752830790090 -0.996826570174646
-2.030698356209433 -0.996804774349009
-2.027643881628776 -0.996782831901176
-2.024589407048119 -0.996760741880530
-2.021534932467461 -0.996738503330697
-2.018480457886804 -0.996716115289516
-2.015425983306147 -0.996693576789007
-2.012371508725490 -0.996670886855340
-2.009317034144833 -0.996648044508805
-2.006262559564176 -0.996625048763784
-2.003208084983519 -0.996601898628714
-2.000153610402863 -0.996578593106064
-1.997099135822205 -0.996555131192295
-1.994044661241548 -0.996531511877835
-1.990990186660891 -0.996507734147048
-1.987935712080234 -0.996483796978196
-1.984881237499577 -0.996459699343416
-1.981826762918920 -0.996435440208681
-1.978772288338263 -0.996411018533776
-1.975717813757606 -0.996386433272255
-1.972663339176949 -0.996361683371423
-1.969608864596291 -0.996336767772290
-1.966554390015634 -0.996311685409549
-1.963499915434977 -0.996286435211540
-1.960445440854320 -0.996261016100216
-1.957390966273663 -0.996235426991114
-1.954336491693006 -0.996209666793320
-1.951282017112349 -0.996183734409436
-1.948227542531692 -0.996157628735548
-1.945173067951035 -0.996131348661194
-1.942118593370378 -0.996104893069331
-1.939064118789720 -0.996078260836299
-1.936009644209063 -0.996051450831791
-1.932955169628406 -0.996024461918818
-1.929900695047749 -0.995997292953675
-1.926846220467092 -0.995969942785911
-1.923791745886435 -0.995942410258291
-1.920737271305778 -0.995914694206765
-1.917682796725121 -0.995886793460432
-1.914628322144464 -0.995858706841509
-1.911573847563806 -0.995830433165294
-1.908519372983149 -0.995801971240135
-1.905464898402492 -0.995773319867392
-1.902410423821835 -0.995744477841407
-1.899355949241178 -0.995715443949465
-1.896301474660521 -0.995686216971763
-1.893247000079864 -0.995656795681375
-1.890192525499207 -0.995627178844215
-1.887138050918550 -0.995597365219005
-1.884083576337892 -0.995567353557238
-1.881029101757235 -0.995537142603144
-1.877974627176578 -0.995506731093657
-1.874920152595921 -0.995476117758375
-1.871865678015264 -0.995445301319527
-1.868811203434607 -0.995414280491943
-1.865756728853950 -0.995383053983008
-1.862702254273293 -0.995351620492635
-1.859647779692636 -0.995319978713228
-1.856593305111979 -0.995288127329641
-1.853538830531322 -0.995256065019151
-1.850484355950665 -0.995223790451415
-1.847429881370008 -0.995191302288436
-1.844375406789351 -0.995158599184528
-1.841320932208694 -0.995125679786280
-1.838266457628037 -0.995092542732519
-1.835211983047380 -0.995059186654274
-1.832157508466723 -0.995025610174739
-1.829103033886065 -0.994991811909238
-1.826048559305408 -0.994957790465188
-1.822994084724751 -0.994923544442061
-1.819939610144094 -0.994889072431350
-1.816885135563437 -0.994854373016530
-1.813830660982780 -0.994819444773023
-1.810776186402123 -0.994784286268159
-1.807721711821466 -0.994748896061141
-1.804667237240809 -0.994713272703007
-1.801612762660151 -0.994677414736595
-1.798558288079494 -0.994641320696502
-1.795503813498837 -0.994604989109049
-1.792449338918180 -0.994568418492246
-1.789394864337523 -0.994531607355749
-1.786340389756866 -0.994494554200829
-1.783285915176209 -0.994457257520330
-1.780231440595552 -0.994419715798633
-1.777176966014895 -0.994381927511619
-1.774122491434238 -0.994343891126631
-1.771068016853580 -0.994305605102434
-1.768013542272923 -0.994267067889183
-1.764959067692266 -0.994228277928379
-1.761904593111609 -0.994189233652833
-1.758850118530952 -0.994149933486632
-1.755795643950295 -0.994110375845096
-1.752741169369638 -0.994070559134740
-1.749686694788981 -0.994030481753242
-1.746632220208324 -0.993990142089397
-1.743577745627666 -0.993949538523084
-1.740523271047009 -0.993908669425227
-1.737468796466352 -0.993867533157756
-1.734414321885695 -0.993826128073567
-1.731359847305038 -0.993784452516488
-1.728305372724381 -0.993742504821238
-1.725250898143724 -0.993700283313386
-1.722196423563067 -0.993657786309319
-1.719141948982410 -0.993615012116198
-1.716087474401752 -0.993571959031923
-1.713032999821095 -0.993528625345091
-1.709978525240439 -0.993485009334960
-1.706924050659782 -0.993441109271412
-1.703869576079125 -0.993396923414909
-1.700815101498468 -0.993352450016461
-1.697760626917811 -0.993307687317581
-1.694706152337154 -0.993262633550251
-1.691651677756496 -0.993217286936882
-1.688597203175839 -0.993171645690274
-1.685542728595182 -0.993125708013579
-1.682488254014525 -0.993079472100262
-1.679433779433868 -0.993032936134061
-1.676379304853211 -0.992986098288950
-1.673324830272554 -0.992938956729099
-1.670270355691897 -0.992891509608835
-1.667215881111240 -0.992843755072605
-1.664161406530583 -0.992795691254935
-1.661106931949925 -0.992747316280396
-1.658052457369268 -0.992698628263556
-1.654997982788611 -0.992649625308951
-1.651943508207954 -0.992600305511042
-1.648889033627297 -0.992550666954175
-1.645834559046640 -0.992500707712544
-1.642780084465983 -0.992450425850154
-1.639725609885326 -0.992399819420778
-1.636671135304669 -0.992348886467923
-1.633616660724011 -0.992297625024787
-1.630562186143354 -0.992246033114224
-1.627507711562697 -0.992194108748704
-1.624453236982040 -0.992141849930273
-1.621398762401383 -0.992089254650517
-1.618344287820726 -0.992036320890523
-1.615289813240069 -0.991983046620838
-1.612235338659412 -0.991929429801435
-1.609180864078755 -0.991875468381668
-1.606126389498097 -0.991821160300242
-1.603071914917440 -0.991766503485169
-1.600017440336783 -0.991711495853729
-1.596962965756126 -0.991656135312437
-1.593908491175469 -0.991600419757001
-1.590854016594812 -0.991544347072283
-1.587799542014155 -0.991487915132264
-1.584745067433498 -0.991431121800005
-1.581690592852841 -0.991373964927608
-1.578636118272184 -0.991316442356178
-1.575581643691526 -0.991258551915789
-1.572527169110869 -0.991200291425441
-1.569472694530212 -0.991141658693024
-1.566418219949555 -0.991082651515283
-1.563363745368899 -0.991023267677778
-1.560309270788242 -0.990963504954848
-1.557254796207585 -0.990903361109570
-1.554200321626928 -0.990842833893728
-1.551145847046270 -0.990781921047772
-1.548091372465613 -0.990720620300779
-1.545036897884956 -0.990658929370421
-1.541982423304299 -0.990596845962925
-1.538927948723642 -0.990534367773036
-1.535873474142985 -0.990471492483982
-1.532818999562328 -0.990408217767438
-1.529764524981671 -0.990344541283484
-1.526710050401014 -0.990280460680578
-1.523655575820356 -0.990215973595512
-1.520601101239699 -0.990151077653379
-1.517546626659042 -0.990085770467536
-1.514492152078385 -0.990020049639570
-1.511437677497728 -0.989953912759261
-1.508383202917071 -0.989887357404547
-1.505328728336414 -0.989820381141486
-1.502274253755757 -0.989752981524225
-1.499219779175100 -0.989685156094962
-1.496165304594443 -0.989616902383913
-1.493110830013785 -0.989548217909274
-1.490056355433128 -0.989479100177189
-1.487001880852471 -0.989409546681715
-1.483947406271814 -0.989339554904787
-1.480892931691157 -0.989269122316184
-1.477838457110500 -0.989198246373496
-1.474783982529843 -0.989126924522088
-1.471729507949186 -0.989055154195068
-1.468675033368529 -0.988982932813253
-1.465620558787871 -0.988910257785137
-1.462566084207214 -0.988837126506854
-1.459511609626557 -0.988763536362151
-1.456457135045900 -0.988689484722348
-1.453402660465243 -0.988614968946314
-1.450348185884586 -0.988539986380425
-1.447293711303929 -0.988464534358541
-1.444239236723272 -0.988388610201968
-1.441184762142615 -0.988312211219428
-1.438130287561957 -0.988235334707030
-1.435075812981300 -0.988157977948232
-1.432021338400643 -0.988080138213820
-1.428966863819986 -0.988001812761868
-1.425912389239329 -0.987922998837712
-1.422857914658672 -0.987843693673918
-1.419803440078015 -0.987763894490255
-1.416748965497359 -0.987683598493659
-1.413694490916702 -0.987602802878210
-1.410640016336044 -0.987521504825100
-1.407585541755387 -0.987439701502602
-1.404531067174730 -0.987357390066043
-1.401476592594073 -0.987274567657777
-1.398422118013416 -0.987191231407154
-1.395367643432759 -0.987107378430494
-1.392313168852102 -0.987023005831056
-1.389258694271445 -0.986938110699015
-1.386204219690788 -0.986852690111432
-1.383149745110130 -0.986766741132230
-1.380095270529473 -0.986680260812162
-1.377040795948816 -0.986593246188791
-1.373986321368159 -0.986505694286459
-1.370931846787502 -0.986417602116265
-1.367877372206845 -0.986328966676038
-1.364822897626188 -0.986239784950313
-1.361768423045531 -0.986150053910305
-1.358713948464874 -0.986059770513884
-1.355659473884216 -0.985968931705555
-1.352604999303559 -0.985877534416429
-1.349550524722902 -0.985785575564206
-1.346496050142245 -0.985693052053145
-1.343441575561588 -0.985599960774047
-1.340387100980931 -0.985506298604229
-1.337332626400274 -0.985412062407505
-1.334278151819617 -0.985317249034165
-1.331223677238960 -0.985221855320948
-1.328169202658303 -0.985125878091028
-1.325114728077645 -0.985029314153993
-1.322060253496988 -0.984932160305819
-1.319005778916331 -0.984834413328859
-1.315951304335674 -0.984736069991815
-1.312896829755017 -0.984637127049728
-1.309842355174360 -0.984537581243953
-1.306787880593703 -0.984437429302143
-1.303733406013046 -0.984336667938234
-1.300678931432389 -0.984235293852425
-1.297624456851731 -0.984133303731161
-1.294569982271074 -0.984030694247120
-1.291515507690417 -0.983927462059194
-1.288461033109760 -0.983823603812476
-1.285406558529103 -0.983719116138243
-1.282352083948446 -0.983613995653944
-1.279297609367789 -0.983508238963184
-1.276243134787132 -0.983401842655711
-1.273188660206475 -0.983294803307404
-1.270134185625818 -0.983187117480260
-1.267079711045161 -0.983078781722382
-1.264025236464504 -0.982969792567967
-1.260970761883847 -0.982860146537294
-1.257916287303190 -0.982749840136717
-1.254861812722533 -0.982638869858651
-1.251807338141876 -0.982527232181565
-1.248752863561219 -0.982414923569973
-1.245698388980562 -0.982301940474423
-1.242643914399904 -0.982188279331492
-1.239589439819247 -0.982073936563778
-1.236534965238590 -0.981958908579892
-1.233480490657933 -0.981843191774451
-1.230426016077276 -0.981726782528076
-1.227371541496619 -0.981609677207383
-1.224317066915962 -0.981491872164980
-1.221262592335305 -0.981373363739464
-1.218208117754648 -0.981254148255413
-1.215153643173990 -0.981134222023390
-1.212099168593333 -0.981013581339936
-1.209044694012676 -0.980892222487567
-1.205990219432019 -0.980770141734779
-1.202935744851362 -0.980647335336042
-1.199881270270705 -0.980523799531801
-1.196826795690048 -0.980399530548480
-1.193772321109391 -0.980274524598479
-1.190717846528734 -0.980148777880178
-1.187663371948076 -0.980022286577941
-1.184608897367419 -0.979895046862118
-1.181554422786762 -0.979767054889047
-1.178499948206105 -0.979638306801062
-1.175445473625448 -0.979508798726496
-1.172390999044791 -0.979378526779688
-1.169336524464134 -0.979247487060988
-1.166282049883477 -0.979115675656767
-1.163227575302820 -0.978983088639423
-1.160173100722163 -0.978849722067388
-1.157118626141505 -0.978715571985142
-1.154064151560848 -0.978580634423219
-1.151009676980191 -0.978444905398219
-1.147955202399534 -0.978308380912819
-1.144900727818877 -0.978171056955787
-1.141846253238220 -0.978032929501993
-1.138791778657563 -0.977893994512424
-1.135737304076906 -0.977754247934195
-1.132682829496249 -0.977613685700571
-1.129628354915591 -0.977472303730974
-1.126573880334935 -0.977330097931007
-1.123519405754278 -0.977187064192470
-1.120464931173621 -0.977043198393373
-1.117410456592964 -0.976898496397962
-1.114355982012307 -0.976752954056735
-1.111301507431650 -0.976606567206461
-1.108247032850993 -0.976459331670206
-1.105192558270335 -0.976311243257351
-1.102138083689678 -0.976162297763618
-1.099083609109021 -0.976012490971090
-1.096029134528364 -0.975861818648239
-1.092974659947707 -0.975710276549951
-1.089920185367050 -0.975557860417551
-1.086865710786393 -0.975404565978829
-1.083811236205736 -0.975250388948070
-1.080756761625079 -0.975095325026085
-1.077702287044422 -0.974939369900233
-1.074647812463764 -0.974782519244460
-1.071593337883107 -0.974624768719326
-1.068538863302450 -0.974466113972036
-1.065484388721793 -0.974306550636477
-1.062429914141136 -0.974146074333250
-1.059375439560479 -0.973984680669703
-1.056320964979822 -0.973822365239972
-1.053266490399165 -0.973659123625011
-1.050212015818508 -0.973494951392635
-1.047157541237850 -0.973329844097556
-1.044103066657193 -0.973163797281424
-1.041048592076536 -0.972996806472866
-1.037994117495879 -0.972828867187528
-1.034939642915222 -0.972659974928116
-1.031885168334565 -0.972490125184441
-1.028830693753908 -0.972319313433465
-1.025776219173251 -0.972147535139339
-1.022721744592594 -0.971974785753459
-1.019667270011936 -0.971801060714504
-1.016612795431279 -0.971626355448491
-1.013558320850622 -0.971450665368817
-1.010503846269965 -0.971273985876318
-1.007449371689308 -0.971096312359313
-1.004394897108651 -0.970917640193658
-1.001340422527994 -0.970737964742799
-0.998285947947337 -0.970557281357828
-0.995231473366680 -0.970375585377536
-0.992176998786023 -0.970192872128468
-0.989122524205365 -0.970009136924985
-0.986068049624708 -0.969824375069316
-0.983013575044051 -0.969638581851623
-0.979959100463395 -0.969451752550055
-0.976904625882738 -0.969263882430816
-0.973850151302081 -0.969074966748225
-0.970795676721424 -0.968885000744776
-0.967741202140767 -0.968693979651207
-0.964686727560109 -0.968501898686563
-0.961632252979452 -0.968308753058266
-0.958577778398795 -0.968114537962178
-0.955523303818138 -0.967919248582675
-0.952468829237481 -0.967722880092711
-0.949414354656824 -0.967525427653896
-0.946359880076167 -0.967326886416564
-0.943305405495510 -0.967127251519844
-0.940250930914853 -0.966926518091742
-0.937196456334195 -0.966724681249211
-0.934141981753538 -0.966521736098225
-0.931087507172881 -0.966317677733866
-0.928033032592224 -0.966112501240395
-0.924978558011567 -0.965906201691334
-0.921924083430910 -0.965698774149551
-0.918869608850253 -0.965490213667336
-0.915815134269596 -0.965280515286491
-0.912760659688939 -0.965069674038409
-0.909706185108281 -0.964857684944167
-0.906651710527624 -0.964644543014605
-0.903597235946967 -0.964430243250420
-0.900542761366310 -0.964214780642253
-0.897488286785653 -0.963998150170781
-0.894433812204996 -0.963780346806808
-0.891379337624339 -0.963561365511358
-0.888324863043682 -0.963341201235769
-0.885270388463025 -0.963119848921792
-0.882215913882368 -0.962897303501680
-0.879161439301710 -0.962673559898293
-0.876106964721053 -0.962448613025196
-0.873052490140396 -0.962222457786757
-0.869998015559739 -0.961995089078247
-0.866943540979082 -0.961766501785949
-0.863889066398425 -0.961536690787257
-0.860834591817768 -0.961305650950782
-0.857780117237111 -0.961073377136460
-0.854725642656454 -0.960839864195659
-0.851671168075796 -0.960605106971287
-0.848616693495139 -0.960369100297905
-0.845562218914482 -0.960131839001835
-0.842507744333825 -0.959893317901275
-0.839453269753168 -0.959653531806413
-0.836398795172512 -0.959412475519542
-0.833344320591855 -0.959170143835175
-0.830289846011198 -0.958926531540166
-0.827235371430540 -0.958681633413826
-0.824180896849883 -0.958435444228047
-0.821126422269226 -0.958187958747419
-0.818071947688569 -0.957939171729358
-0.815017473107912 -0.957689077924226
-0.811962998527255 -0.957437672075458
-0.808908523946598 -0.957184948919693
-0.805854049365941 -0.956930903186893
-0.802799574785284 -0.956675529600482
-0.799745100204627 -0.956418822877470
-0.796690625623969 -0.956160777728590
-0.793636151043312 -0.955901388858428
-0.790581676462655 -0.955640650965557
-0.787527201881998 -0.955378558742678
-0.784472727301341 -0.955115106876751
-0.781418252720684 -0.954850290049138
-0.778363778140027 -0.954584102935740
-0.775309303559370 -0.954316540207144
-0.772254828978713 -0.954047596528755
-0.769200354398055 -0.953777266560951
-0.766145879817398 -0.953505544959222
-0.763091405236741 -0.953232426374315
-0.760036930656084 -0.952957905452390
-0.756982456075427 -0.952681976835159
-0.753927981494770 -0.952404635160043
-0.750873506914113 -0.952125875060324
-0.747819032333456 -0.951845691165293
-0.744764557752799 -0.951564078100410
-0.741710083172141 -0.951281030487455
-0.738655608591484 -0.950996542944691
-0.735601134010827 -0.950710610087017
-0.732546659430170 -0.950423226526129
-0.729492184849513 -0.950134386870682
-0.726437710268856 -0.949844085726456
-0.723383235688199 -0.949552317696510
-0.720328761107542 -0.949259077381358
-0.717274286526885 -0.948964359379128
-0.714219811946228 -0.948668158285734
-0.711165337365570 -0.948370468695040
-0.708110862784913 -0.948071285199038
-0.705056388204256 -0.947770602388012
-0.702001913623599 -0.947468414850715
-0.698947439042942 -0.947164717174545
-0.695892964462285 -0.946859503945715
-0.692838489881628 -0.946552769749435
-0.689784015300972 -0.946244509170090
-0.686729540720314 -0.945934716791416
-0.683675066139657 -0.945623387196684
-0.680620591559000 -0.945310514968881
-0.677566116978343 -0.944996094690896
-0.674511642397686 -0.944680120945699
-0.671457167817029 -0.944362588316535
-0.668402693236372 -0.944043491387106
-0.665348218655715 -0.943722824741759
-0.662293744075058 -0.943400582965682
-0.659239269494400 -0.943076760645090
-0.656184794913743 -0.942751352367418
-0.653130320333086 -0.942424352721518
-0.650075845752429 -0.942095756297852
-0.647021371171772 -0.941765557688689
-0.643966896591115 -0.941433751488302
-0.640912422010458 -0.941100332293169
-0.637857947429801 -0.940765294702172
-0.634803472849144 -0.940428633316798
-0.631748998268487 -0.940090342741343
-0.628694523687829 -0.939750417583116
-0.625640049107172 -0.939408852452644
-0.622585574526515 -0.939065641963878
-0.619531099945858 -0.938720780734403
-0.616476625365201 -0.938374263385646
-0.613422150784544 -0.938026084543083
-0.610367676203887 -0.937676238836458
-0.607313201623230 -0.937324720899988
-0.604258727042573 -0.936971525372584
-0.601204252461915 -0.936616646898060
-0.598149777881258 -0.936260080125353
-0.595095303300601 -0.935901819708740
-0.592040828719944 -0.935541860308058
-0.588986354139287 -0.935180196588922
-0.585931879558630 -0.934816823222946
-0.582877404977973 -0.934451734887969
-0.579822930397316 -0.934084926268273
-0.576768455816659 -0.933716392054815
-0.573713981236001 -0.933346126945445
-0.570659506655344 -0.932974125645139
-0.567605032074687 -0.932600382866225
-0.564550557494030 -0.932224893328612
-0.561496082913373 -0.931847651760022
-0.558441608332716 -0.931468652896220
-0.555387133752059 -0.931087891481246
-0.552332659171402 -0.930705362267653
-0.549278184590745 -0.930321060016737
-0.546223710010088 -0.929934979498777
-0.543169235429431 -0.929547115493268
-0.540114760848774 -0.929157462789164
-0.537060286268117 -0.928766016185113
-0.534005811687460 -0.928372770489701
-0.530951337106803 -0.927977720521688
-0.527896862526146 -0.927580861110259
-0.524842387945489 -0.927182187095258
-0.521787913364832 -0.926781693327439
-0.518733438784174 -0.926379374668708
-0.515678964203517 -0.925975225992372
-0.512624489622860 -0.925569242183384
-0.509570015042203 -0.925161418138594
-0.506515540461546 -0.924751748766996
-0.503461065880889 -0.924340228989980
-0.500406591300232 -0.923926853741583
-0.497352116719575 -0.923511617968740
-0.494297642138918 -0.923094516631540
-0.491243167558260 -0.922675544703476
-0.488188692977603 -0.922254697171705
-0.485134218396946 -0.921831969037299
-0.482079743816289 -0.921407355315507
-0.479025269235632 -0.920980851036006
-0.475970794654975 -0.920552451243167
-0.472916320074318 -0.920122150996309
-0.469861845493661 -0.919689945369960
-0.466807370913004 -0.919255829454121
-0.463752896332347 -0.918819798354526
-0.460698421751689 -0.918381847192901
-0.457643947171032 -0.917941971107235
-0.454589472590375 -0.917500165252038
-0.451534998009718 -0.917056424798610
-0.448480523429061 -0.916610744935302
-0.445426048848404 -0.916163120867788
-0.442371574267747 -0.915713547819329
-0.439317099687090 -0.915262021031039
-0.436262625106433 -0.914808535762160
-0.433208150525775 -0.914353087290323
-0.430153675945118 -0.913895670911826
-0.427099201364461 -0.913436281941897
-0.424044726783804 -0.912974915714973
-0.420990252203147 -0.912511567584963
-0.417935777622490 -0.912046232925530
-0.414881303041833 -0.911578907130356
-0.411826828461176 -0.911109585613420
-0.408772353880519 -0.910638263809270
-0.405717879299861 -0.910164937173300
-0.402663404719204 -0.909689601182022
-0.399608930138548 -0.909212251333347
-0.396554455557891 -0.908732883146853
-0.393499980977234 -0.908251492164071
-0.390445506396577 -0.907768073948756
-0.387391031815920 -0.907282624087166
-0.384336557235263 -0.906795138188341
-0.381282082654606 -0.906305611884382
-0.378227608073948 -0.905814040830728
-0.375173133493291 -0.905320420706435
-0.372118658912634 -0.904824747214460
-0.369064184331977 -0.904327016081934
-0.366009709751320 -0.903827223060450
-0.362955235170663 -0.903325363926337
-0.359900760590006 -0.902821434480944
-0.356846286009349 -0.902315430550923
-0.353791811428692 -0.901807347988507
-0.350737336848034 -0.901297182671793
-0.347682862267377 -0.900784930505025
-0.344628387686720 -0.900270587418873
-0.341573913106063 -0.899754149370722
-0.338519438525406 -0.899235612344946
-0.335464963944749 -0.898714972353197
-0.332410489364092 -0.898192225434685
-0.329356014783435 -0.897667367656460
-0.326301540202778 -0.897140395113701
-0.323247065622120 -0.896611303929989
-0.320192591041463 -0.896080090257600
-0.317138116460806 -0.895546750277782
-0.314083641880149 -0.895011280201040
-0.311029167299492 -0.894473676267422
-0.307974692718835 -0.893933934746795
-0.304920218138178 -0.893392051939136
-0.301865743557521 -0.892848024174811
-0.298811268976864 -0.892301847814859
-0.295756794396207 -0.891753519251273
-0.292702319815549 -0.891203034907287
-0.289647845234892 -0.890650391237652
-0.286593370654235 -0.890095584728928
-0.283538896073578 -0.889538611899755
-0.280484421492921 -0.888979469301145
-0.277429946912264 -0.888418153516758
-0.274375472331607 -0.887854661163185
-0.271320997750950 -0.887288988890231
-0.268266523170293 -0.886721133381192
-0.265212048589635 -0.886151091353140
-0.262157574008978 -0.885578859557204
-0.259103099428321 -0.885004434778843
-0.256048624847664 -0.884427813838134
-0.252994150267008 -0.883848993590048
-0.249939675686351 -0.883267970924727
-0.246885201105694 -0.882684742767764
-0.243830726525037 -0.882099306080483
-0.240776251944379 -0.881511657860212
-0.237721777363722 -0.880921795140565
-0.234667302783065 -0.880329714991715
-0.231612828202408 -0.879735414520670
-0.228558353621751 -0.879138890871552
-0.225503879041094 -0.878540141225865
-0.222449404460437 -0.877939162802777
-0.219394929879780 -0.877335952859387
-0.216340455299123 -0.876730508691002
-0.213285980718465 -0.876122827631407
-0.210231506137808 -0.875512907053137
-0.207177031557151 -0.874900744367749
-0.204122556976494 -0.874286337026088
-0.201068082395837 -0.873669682518563
-0.198013607815180 -0.873050778375407
-0.194959133234523 -0.872429622166952
-0.191904658653866 -0.871806211503891
-0.188850184073209 -0.871180544037547
-0.185795709492552 -0.870552617460136
-0.182741234911894 -0.869922429505031
-0.179686760331237 -0.869289977947026
-0.176632285750580 -0.868655260602599
-0.173577811169923 -0.868018275330170
-0.170523336589266 -0.867379020030365
-0.167468862008609 -0.866737492646274
-0.164414387427952 -0.866093691163707
-0.161359912847295 -0.865447613611453
-0.158305438266638 -0.864799258061537
-0.155250963685980 -0.864148622629473
-0.152196489105323 -0.863495705474516
-0.149142014524666 -0.862840504799920
-0.146087539944009 -0.862183018853184
-0.143033065363352 -0.861523245926304
-0.139978590782695 -0.860861184356024
-0.136924116202038 -0.860196832524080
-0.133869641621381 -0.859530188857448
-0.130815167040724 -0.858861251828591
-0.127760692460067 -0.858190019955697
-0.124706217879409 -0.857516491802929
-0.121651743298752 -0.856840665980661
-0.118597268718095 -0.856162541145717
-0.115542794137438 -0.855482116001613
-0.112488319556781 -0.854799389298792
-0.109433844976125 -0.854114359834856
-0.106379370395468 -0.853427026454805
-0.103324895814810 -0.852737388051265
-0.100270421234153 -0.852045443564724
-0.097215946653496 -0.851351191983755
-0.094161472072839 -0.850654632345246
-0.091106997492182 -0.849955763734627
-0.088052522911525 -0.849254585286094
-0.084998048330868 -0.848551096182830
-0.081943573750211 -0.847845295657230
-0.078889099169554 -0.847137182991113
-0.075834624588897 -0.846426757515949
-0.072780150008239 -0.845714018613065
-0.069725675427582 -0.844998965713869
-0.066671200846925 -0.844281598300054
-0.063616726266268 -0.843561915903812
-0.060562251685611 -0.842839918108043
-0.057507777104954 -0.842115604546562
-0.054453302524297 -0.841388974904301
-0.051398827943640 -0.840660028917515
-0.048344353362983 -0.839928766373984
-0.045289878782325 -0.839195187113206
-0.042235404201668 -0.838459291026602
-0.039180929621011 -0.837721078057707
-0.036126455040354 -0.836980548202362
-0.033071980459697 -0.836237701508907
-0.030017505879040 -0.835492538078373
-0.026963031298383 -0.834745058064661
-0.023908556717726 -0.833995261674736
-0.020854082137069 -0.833243149168804
-0.017799607556412 -0.832488720860494
-0.014745132975754 -0.831731977117036
-0.011690658395097 -0.830972918359439
-0.008636183814440 -0.830211545062664
-0.005581709233783 -0.829447857755796
-0.002527234653126 -0.828681857022212
0.000527239927531 -0.827913543499753
0.003581714508188 -0.827142917880883
0.006636189088845 -0.826369980912856
0.009690663669502 -0.825594733397875
0.012745138250160 -0.824817176193250
0.015799612830817 -0.824037310211555
0.018854087411474 -0.823255136420780
0.021908561992131 -0.822470655844482
0.024963036572788 -0.821683869561934
0.028017511153445 -0.820894778708269
0.031071985734102 -0.820103384474630
0.034126460314759 -0.819309688108302
0.037180934895415 -0.818513690912859
0.040235409476073 -0.817715394248293
0.043289884056730 -0.816914799531153
0.046344358637387 -0.816111908234675
0.049398833218044 -0.815306721888908
0.052453307798701 -0.814499242080840
0.055507782379358 -0.813689470454526
0.058562256960015 -0.812877408711201
0.061616731540672 -0.812063058609407
0.064671206121329 -0.811246421965099
0.067725680701987 -0.810427500651765
0.070780155282644 -0.809606296600532
0.073834629863301 -0.808782811800275
0.076889104443958 -0.807957048297719
0.079943579024615 -0.807129008197545
0.082998053605272 -0.806298693662485
0.086052528185929 -0.805466106913419
0.089107002766586 -0.804631250229473
0.092161477347243 -0.803794125948101
0.095215951927901 -0.802954736465181
0.098270426508558 -0.802113084235096
0.101324901089215 -0.801269171770815
0.104379375669872 -0.800423001643976
0.107433850250529 -0.799574576484959
0.110488324831186 -0.798723898982961
0.113542799411843 -0.797870971886067
0.116597273992500 -0.797015798001317
0.119651748573157 -0.796158380194768
0.122706223153815 -0.795298721391563
0.125760697734472 -0.794436824575982
0.128815172315129 -0.793572692791500
0.131869646895786 -0.792706329140844
0.134924121476443 -0.791837736786038
0.137978596057100 -0.790966918948449
0.141033070637757 -0.790093878908838
0.144087545218414 -0.789218620007391
0.147142019799071 -0.788341145643764
0.150196494379728 -0.787461459277116
0.153250968960386 -0.786579564426138
0.156305443541043 -0.785695464669083
0.159359918121700 -0.784809163643792
0.162414392702357 -0.783920665047717
0.165468867283014 -0.783029972637937
0.168523341863671 -0.782137090231178
0.171577816444328 -0.781242021703822
0.174632291024985 -0.780344770991919
0.177686765605642 -0.779445342091195
0.180741240186300 -0.778543739057051
0.183795714766956 -0.777639966004570
0.186850189347613 -0.776734027108505
0.189904663928270 -0.775825926603283
0.192959138508927 -0.774915668782989
0.196013613089584 -0.774003258001353
0.199068087670241 -0.773088698671741
0.202122562250898 -0.772171995267129
0.205177036831555 -0.771253152320085
0.208231511412213 -0.770332174422743
0.211285985992870 -0.769409066226772
0.214340460573527 -0.768483832443349
0.217394935154184 -0.767556477843118
0.220449409734841 -0.766627007256159
0.223503884315498 -0.765695425571939
0.226558358896155 -0.764761737739273
0.229612833476812 -0.763825948766272
0.232667308057469 -0.762888063720295
0.235721782638127 -0.761948087727893
0.238776257218784 -0.761006025974751
0.241830731799441 -0.760061883705625
0.244885206380098 -0.759115666224283
0.247939680960755 -0.758167378893433
0.250994155541412 -0.757217027134652
0.254048630122069 -0.756264616428315
0.257103104702726 -0.755310152313514
0.260157579283383 -0.754353640387980
0.263212053864041 -0.753395086307998
0.266266528444698 -0.752434495788319
0.269321003025355 -0.751471874602069
0.272375477606012 -0.750507228580659
0.275429952186669 -0.749540563613682
0.278484426767326 -0.748571885648817
0.281538901347983 -0.747601200691724
0.284593375928640 -0.746628514805935
0.287647850509297 -0.745653834112747
0.290702325089955 -0.744677164791107
0.293756799670612 -0.743698513077495
0.296811274251269 -0.742717885265803
0.299865748831926 -0.741735287707214
0.302920223412583 -0.740750726810073
0.305974697993240 -0.739764209039757
0.309029172573897 -0.738775740918545
0.312083647154554 -0.737785329025478
0.315138121735211 -0.736792979996222
0.318192596315868 -0.735798700522922
0.321247070896526 -0.734802497354059
0.324301545477183 -0.733804377294298
0.327356020057839 -0.732804347204339
0.330410494638496 -0.731802414000754
0.333464969219153 -0.730798584655837
0.336519443799810 -0.729792866197435
0.339573918380467 -0.728785265708787
0.342628392961124 -0.727775790328349
0.345682867541782 -0.726764447249631
0.348737342122439 -0.725751243721012
0.351791816703096 -0.724736187045571
0.354846291283753 -0.723719284580899
0.357900765864410 -0.722700543738917
0.360955240445067 -0.721679971985688
0.364009715025724 -0.720657576841226
0.367064189606381 -0.719633365879302
0.370118664187038 -0.718607346727248
0.373173138767696 -0.717579527065752
0.376227613348353 -0.716549914628663
0.379282087929010 -0.715518517202776
0.382336562509667 -0.714485342627627
0.385391037090324 -0.713450398795281
0.388445511670981 -0.712413693650112
0.391499986251638 -0.711375235188590
0.394554460832295 -0.710335031459055
0.397608935412952 -0.709293090561492
0.400663409993609 -0.708249420647308
0.403717884574267 -0.707204029919095
0.406772359154923 -0.706156926630400
0.409826833735581 -0.705108119085487
0.412881308316237 -0.704057615639100
0.415935782896895 -0.703005424696214
0.418990257477551 -0.701951554711797
0.422044732058209 -0.700896014190554
0.425099206638865 -0.699838811686683
0.428153681219523 -0.698779955803615
0.431208155800180 -0.697719455193761
0.434262630380838 -0.696657318558246
0.437317104961494 -0.695593554646655
0.440371579542152 -0.694528172256758
0.443426054122808 -0.693461180234249
0.446480528703466 -0.692392587472470
0.449535003284122 -0.691322402912140
0.452589477864780 -0.690250635541073
0.455643952445437 -0.689177294393908
0.458698427026095 -0.688102388551815
0.461752901606751 -0.687025927142222
0.464807376187409 -0.685947919338515
0.467861850768065 -0.684868374359760
0.470916325348723 -0.683787301470400
0.473970799929379 -0.682704709979965
0.477025274510037 -0.681620609242771
0.480079749090693 -0.680535008657624
0.483134223671351 -0.679447917667508
0.486188698252008 -0.678359345759289
0.489243172832666 -0.677269302463399
0.492297647413322 -0.676177797353530
0.495352121993980 -0.675084840046316
0.498406596574636 -0.673990440201022
0.501461071155294 -0.672894607519222
0.504515545735950 -0.671797351744480
0.507570020316608 -0.670698682662027
0.510624494897264 -0.669598610098433
0.513678969477922 -0.668497143921284
0.516733444058579 -0.667394294038845
0.519787918639237 -0.666290070399735
0.522842393219893 -0.665184482992586
0.525896867800551 -0.664077541845710
0.528951342381207 -0.662969257026756
0.532005816961865 -0.661859638642372
0.535060291542521 -0.660748696837860
0.538114766123179 -0.659636441796828
0.541169240703836 -0.658522883740847
0.544223715284494 -0.657408032929092
0.547278189865150 -0.656291899658002
0.550332664445806 -0.655174494260913
0.553387139026464 -0.654055827107712
0.556441613607120 -0.652935908604470
0.559496088187778 -0.651814749193088
0.562550562768434 -0.650692359350933
0.565605037349092 -0.649568749590469
0.568659511929749 -0.648443930458899
0.571713986510407 -0.647317912537787
0.574768461091063 -0.646190706442699
0.577822935671721 -0.645062322822820
0.580877410252377 -0.643932772360589
0.583931884833035 -0.642802065771318
0.586986359413691 -0.641670213802817
0.590040833994349 -0.640537227235015
0.593095308575005 -0.639403116879580
0.596149783155663 -0.638267893579531
0.599204257736320 -0.637131568208863
0.602258732316978 -0.635994151672153
0.605313206897634 -0.634855654904180
0.608367681478292 -0.633716088869528
0.611422156058948 -0.632575464562202
0.614476630639606 -0.631433793005233
0.617531105220262 -0.630291085250285
0.620585579800920 -0.629147352377261
0.623640054381577 -0.628002605493906
0.626694528962235 -0.626856855735406
0.629749003542891 -0.625710114263995
0.632803478123549 -0.624562392268551
0.635857952704205 -0.623413700964192
0.638912427284863 -0.622264051591878
0.641966901865519 -0.621113455418001
0.645021376446177 -0.619961923733983
0.648075851026833 -0.618809467855869
0.651130325607491 -0.617656099123917
0.654184800188148 -0.616501828902189
0.657239274768806 -0.615346668578143
0.660293749349462 -0.614190629562219
0.663348223930120 -0.613033723287427
0.666402698510776 -0.611875961208935
0.669457173091434 -0.610717354803651
0.672511647672090 -0.609557915569813
0.675566122252748 -0.608397655026567
0.678620596833404 -0.607236584713552
0.681675071414062 -0.606074716190481
0.684729545994719 -0.604912061036724
0.687784020575377 -0.603748630850886
0.690838495156033 -0.602584437250385
0.693892969736689 -0.601419491871034
0.696947444317347 -0.600253806366615
0.700001918898003 -0.599087392408458
0.703056393478661 -0.597920261685020
0.706110868059318 -0.596752425901453
0.709165342639976 -0.595583896779187
0.712219817220632 -0.594414686055502
0.715274291801290 -0.593244805483096
0.718328766381946 -0.592074266829671
0.721383240962604 -0.590903081877491
0.724437715543260 -0.589731262422967
0.727492190123918 -0.588558820276222
0.730546664704574 -0.587385767260665
0.733601139285232 -0.586212115212558
0.736655613865889 -0.585037875980596
0.739710088446547 -0.583863061425468
0.742764563027203 -0.582687683419431
0.745819037607861 -0.581511753845881
0.748873512188517 -0.580335284598923
0.751927986769175 -0.579158287582936
0.754982461349831 -0.577980774712149
0.758036935930489 -0.576802757910203
0.761091410511145 -0.575624249109728
0.764145885091803 -0.574445260251905
0.767200359672460 -0.573265803286040
0.770254834253118 -0.572085890169128
0.773309308833774 -0.570905532865428
0.776363783414432 -0.569724743346025
0.779418257995088 -0.568543533588408
0.782472732575746 -0.567361915576030
0.785527207156402 -0.566179901297883
0.788581681737060 -0.564997502748064
0.791636156317717 -0.563814731925349
0.794690630898375 -0.562631600832758
0.797745105479031 -0.561448121477129
0.800799580059689 -0.560264305868686
0.803854054640345 -0.559080166020610
0.806908529221003 -0.557895713948610
0.809963003801659 -0.556710961670497
0.813017478382317 -0.555525921205750
0.816071952962973 -0.554340604575096
0.819126427543631 -0.553155023800073
0.822180902124288 -0.551969190902612
0.825235376704946 -0.550783117904606
0.828289851285602 -0.549596816827484
0.831344325866260 -0.548410299691788
0.834398800446916 -0.547223578516747
0.837453275027572 -0.546036665319851
0.840507749608230 -0.544849572116429
0.843562224188886 -0.543662310919230
0.846616698769544 -0.542474893737994
0.849671173350201 -0.541287332579036
0.852725647930859 -0.540099639444821
0.855780122511515 -0.538911826333548
0.858834597092173 -0.537723905238729
0.861889071672829 -0.536535888148772
0.864943546253487 -0.535347787046561
0.867998020834143 -0.534159613909043
0.871052495414801 -0.532971380706809
0.874106969995458 -0.531783099403684
0.877161444576116 -0.530594781956306
0.880215919156772 -0.529406440313723
0.883270393737430 -0.528218086416971
0.886324868318086 -0.527029732198673
0.889379342898744 -0.525841389582622
0.892433817479400 -0.524653070483378
0.895488292060058 -0.523464786805855
0.898542766640714 -0.522276550444921
0.901597241221372 -0.521088373284988
0.904651715802029 -0.519900267199614
0.907706190382687 -0.518712244051092
0.910760664963343 -0.517524315690056
0.913815139544001 -0.516336493955078
0.916869614124657 -0.515148790672270
0.919924088705315 -0.513961217654883
0.922978563285971 -0.512773786702919
0.926033037866629 -0.511586509602728
0.929087512447285 -0.510399398126618
0.932141987027943 -0.509212464032463
0.935196461608600 -0.508025719063315
0.938250936189258 -0.506839174947007
0.941305410769914 -0.505652843395776
0.944359885350572 -0.504466736105869
0.947414359931228 -0.503280864757163
0.950468834511886 -0.502095241012777
0.953523309092542 -0.500909876518696
0.956577783673200 -0.499724782903390
0.959632258253857 -0.498539971777433
0.962686732834515 -0.497355454733126
0.965741207415171 -0.496171243344129
0.968795681995829 -0.494987349165079
0.971850156576485 -0.493803783731225
0.974904631157143 -0.492620558558052
0.977959105737799 -0.491437685140921
0.981013580318457 -0.490255174954692
0.984068054899113 -0.489073039453372
0.987122529479770 -0.487891290069742
0.990177004060428 -0.486709938215000
0.993231478641084 -0.485528995278401
0.996285953221742 -0.484348472626902
0.999340427802398 -0.483168381604805
1.002394902383056 -0.481988733533400
1.005449376963712 -0.480809539710623
1.008503851544370 -0.479630811410693
1.011558326125026 -0.478452559883779
1.014612800705684 -0.477274796355639
1.017667275286341 -0.476097532027291
1.020721749866999 -0.474920778074658
1.023776224447655 -0.473744545648240
1.026830699028313 -0.472568845872767
1.029885173608969 -0.471393689846869
1.032939648189627 -0.470219088642739
1.035994122770283 -0.469045053305805
1.039048597350941 -0.467871594854395
1.042103071931598 -0.466698724279418
1.045157546512256 -0.465526452544030
1.048212021092912 -0.464354790583318
1.051266495673570 -0.463183749303972
1.054320970254226 -0.462013339583977
1.057375444834884 -0.460843572272284
1.060429919415540 -0.459674458188504
1.063484393996198 -0.458506008122593
1.066538868576854 -0.457338232834545
1.069593343157512 -0.456171143054079
1.072647817738169 -0.455004749480338
1.075702292318827 -0.453839062781585
1.078756766899483 -0.452674093594902
1.081811241480141 -0.451509852525889
1.084865716060797 -0.450346350148375
1.087920190641455 -0.449183597004114
1.090974665222111 -0.448021603602502
1.094029139802769 -0.446860380420283
1.097083614383425 -0.445699937901265
1.100138088964083 -0.444540286456033
1.103192563544740 -0.443381436461670
1.106247038125398 -0.442223398261473
1.109301512706054 -0.441066182164679
1.112355987286712 -0.439909798446189
1.115410461867368 -0.438754257346297
1.118464936448026 -0.437599569070418
1.121519411028682 -0.436445743788820
1.124573885609340 -0.435292791636360
1.127628360189997 -0.434140722712223
1.130682834770653 -0.432989547079658
1.133737309351311 -0.431839274765722
1.136791783931967 -0.430689915761027
1.139846258512625 -0.429541480019482
1.142900733093281 -0.428393977458048
1.145955207673939 -0.427247417956487
1.149009682254595 -0.426101811357117
1.152064156835253 -0.424957167464572
1.155118631415910 -0.423813496045556
1.158173105996568 -0.422670806828612
1.161227580577224 -0.421529109503882
1.164282055157882 -0.420388413722877
1.167336529738538 -0.419248729098246
1.170391004319196 -0.418110065203546
1.173445478899852 -0.416972431573023
1.176499953480510 -0.415835837701384
1.179554428061167 -0.414700293043580
1.182608902641824 -0.413565807014587
1.185663377222481 -0.412432388989193
1.188717851803139 -0.411300048301786
1.191772326383795 -0.410168794246143
1.194826800964453 -0.409038636075224
1.197881275545109 -0.407909583000967
1.200935750125767 -0.406781644194087
1.203990224706423 -0.405654828783878
1.207044699287081 -0.404529145858014
1.210099173867738 -0.403404604462357
1.213153648448396 -0.402281213600765
1.216208123029052 -0.401158982234904
1.219262597609710 -0.400037919284060
1.222317072190366 -0.398918033624959
1.225371546771024 -0.397799334091581
1.228426021351680 -0.396681829474990
1.231480495932338 -0.395565528523150
1.234534970512994 -0.394450439940755
1.237589445093652 -0.393336572389061
1.240643919674309 -0.392223934485717
1.243698394254967 -0.391112534804597
1.246752868835623 -0.390002381875643
1.249807343416281 -0.388893484184700
1.252861817996937 -0.387785850173361
1.255916292577595 -0.386679488238814
1.258970767158251 -0.385574406733687
1.262025241738909 -0.384470613965901
1.265079716319566 -0.383368118198522
1.268134190900224 -0.382266927649618
1.271188665480880 -0.381167050492115
1.274243140061536 -0.380068494853662
1.277297614642194 -0.378971268816491
1.280352089222850 -0.377875380417287
1.283406563803508 -0.376780837647052
1.286461038384164 -0.375687648450984
1.289515512964822 -0.374595820728343
1.292569987545479 -0.373505362332332
1.295624462126137 -0.372416281069978
1.298678936706793 -0.371328584702009
1.301733411287451 -0.370242280942744
1.304787885868107 -0.369157377459975
1.307842360448765 -0.368073881874862
1.310896835029421 -0.366991801761819
1.313951309610079 -0.365911144648415
1.317005784190735 -0.364831918015269
1.320060258771393 -0.363754129295946
1.323114733352050 -0.362677785876869
1.326169207932708 -0.361602895097214
1.329223682513364 -0.360529464248823
1.332278157094022 -0.359457500576113
1.335332631674678 -0.358387011275990
1.338387106255336 -0.357318003497763
1.341441580835992 -0.356250484343062
1.344496055416650 -0.355184460865755
1.347550529997307 -0.354119940071880
1.350605004577965 -0.353056928919559
1.353659479158621 -0.351995434318934
1.356713953739279 -0.350935463132093
1.359768428319935 -0.349877022173006
1.362822902900593 -0.348820118207457
1.365877377481249 -0.347764757952983
1.368931852061907 -0.346710948078814
1.371986326642563 -0.345658695205820
1.375040801223221 -0.344608005906447
1.378095275803878 -0.343558886704673
1.381149750384536 -0.342511344075953
1.384204224965192 -0.341465384447175
1.387258699545850 -0.340421014196610
1.390313174126506 -0.339378239653874
1.393367648707164 -0.338337067099886
1.396422123287820 -0.337297502766830
1.399476597868478 -0.336259552838116
1.402531072449134 -0.335223223448355
1.405585547029792 -0.334188520683317
1.408640021610449 -0.333155450579914
1.411694496191107 -0.332124019126163
1.414748970771763 -0.331094232261173
1.417803445352419 -0.330066095875114
1.420857919933077 -0.329039615809202
1.423912394513733 -0.328014797855683
1.426966869094391 -0.326991647757816
1.430021343675048 -0.325970171209862
1.433075818255706 -0.324950373857074
1.436130292836362 -0.323932261295690
1.439184767417020 -0.322915839072924
1.442239241997676 -0.321901112686966
1.445293716578334 -0.320888087586981
1.448348191158990 -0.319876769173108
1.451402665739648 -0.318867162796464
1.454457140320304 -0.317859273759151
1.457511614900962 -0.316853107314263
1.460566089481619 -0.315848668665895
1.463620564062277 -0.314845962969154
1.466675038642933 -0.313844995330180
1.469729513223591 -0.312845770806151
1.472783987804247 -0.311848294405312
1.475838462384905 -0.310852571086990
1.478892936965561 -0.309858605761619
1.481947411546219 -0.308866403290761
1.485001886126875 -0.307875968487141
1.488056360707533 -0.306887306114665
1.491110835288190 -0.305900420888461
1.494165309868848 -0.304915317474905
1.497219784449504 -0.303932000491662
1.500274259030162 -0.302950474507716
1.503328733610818 -0.301970744043416
1.506383208191476 -0.300992813570513
1.509437682772132 -0.300016687512206
1.512492157352790 -0.299042370243182
1.515546631933447 -0.298069866089670
1.518601106514105 -0.297099179329483
1.521655581094761 -0.296130314192074
1.524710055675419 -0.295163274858585
1.527764530256075 -0.294198065461908
1.530819004836733 -0.293234690086731
1.533873479417389 -0.292273152769608
1.536927953998047 -0.291313457499010
1.539982428578703 -0.290355608215394
1.543036903159361 -0.289399608811261
1.546091377740018 -0.288445463131228
1.549145852320676 -0.287493174972090
1.552200326901332 -0.286542748082894
1.555254801481990 -0.285594186165006
1.558309276062646 -0.284647492872188
1.561363750643304 -0.283702671810668
1.564418225223960 -0.282759726539222
1.567472699804616 -0.281818660569249
1.570527174385274 -0.280879477364849
1.573581648965931 -0.279942180342911
1.576636123546589 -0.279006772873186
1.579690598127245 -0.278073258278384
1.582745072707903 -0.277141639834251
1.585799547288559 -0.276211920769664
1.588854021869217 -0.275284104266712
1.591908496449873 -0.274358193460801
1.594962971030531 -0.273434191440731
1.598017445611188 -0.272512101248806
1.601071920191846 -0.271591925880919
1.604126394772502 -0.270673668286654
1.607180869353160 -0.269757331369386
1.610235343933816 -0.268842917986382
1.613289818514474 -0.267930430948900
1.616344293095130 -0.267019873022297
1.619398767675788 -0.266111246926131
1.622453242256444 -0.265204555334271
1.625507716837102 -0.264299800875001
1.628562191417759 -0.263396986131135
1.631616665998417 -0.262496113640123
1.634671140579073 -0.261597185894167
1.637725615159731 -0.260700205340333
1.640780089740387 -0.259805174380668
1.643834564321045 -0.258912095372314
1.646889038901701 -0.258020970627630
1.649943513482359 -0.257131802414305
1.652997988063015 -0.256244592955488
1.656052462643673 -0.255359344429900
1.659106937224330 -0.254476058971964
1.662161411804988 -0.253594738671927
1.665215886385644 -0.252715385575986
1.668270360966302 -0.251838001686417
1.671324835546958 -0.250962588961698
1.674379310127616 -0.250089149316646
1.677433784708272 -0.249217684622541
1.680488259288930 -0.248348196707262
1.683542733869587 -0.247480687355419
1.686597208450245 -0.246615158308485
1.689651683030901 -0.245751611264938
1.692706157611559 -0.244890047880386
1.695760632192215 -0.244030469767720
1.698815106772873 -0.243172878497236
1.701869581353529 -0.242317275596790
1.704924055934187 -0.241463662551928
1.707978530514843 -0.240612040806034
1.711033005095500 -0.239762411760471
1.714087479676158 -0.238914776774724
1.717141954256814 -0.238069137166547
1.720196428837472 -0.237225494212109
1.723250903418128 -0.236383849146141
1.726305377998786 -0.235544203162080
1.729359852579442 -0.234706557412226
1.732414327160100 -0.233870913007884
1.735468801740756 -0.233037271019521
1.738523276321414 -0.232205632476912
1.741577750902071 -0.231375998369299
1.744632225482729 -0.230548369645540
1.747686700063385 -0.229722747214265
1.750741174644043 -0.228899131944030
1.753795649224699 -0.228077524663477
1.756850123805357 -0.227257926161487
1.759904598386013 -0.226440337187339
1.762959072966671 -0.225624758450870
1.766013547547328 -0.224811190622633
1.769068022127986 -0.223999634334056
1.772122496708642 -0.223190090177608
1.775176971289300 -0.222382558706954
1.778231445869956 -0.221577040437123
1.781285920450614 -0.220773535844668
1.784340395031270 -0.219972045367832
1.787394869611928 -0.219172569406709
1.790449344192584 -0.218375108323416
1.793503818773242 -0.217579662442250
1.796558293353899 -0.216786232049864
1.799612767934557 -0.215994817395425
1.802667242515213 -0.215205418690792
1.805721717095871 -0.214418036110674
1.808776191676527 -0.213632669792808
1.811830666257185 -0.212849319838123
1.814885140837841 -0.212067986310912
1.817939615418499 -0.211288669239003
1.820994089999155 -0.210511368613933
1.824048564579813 -0.209736084391115
1.827103039160470 -0.208962816490013
1.830157513741128 -0.208191564794315
1.833211988321784 -0.207422329152108
1.836266462902442 -0.206655109376048
1.839320937483098 -0.205889905243539
1.842375412063756 -0.205126716496902
1.845429886644412 -0.204365542843559
1.848484361225070 -0.203606383956201
1.851538835805727 -0.202849239472966
1.854593310386383 -0.202094108997620
1.857647784967041 -0.201340992099728
1.860702259547697 -0.200589888314835
1.863756734128355 -0.199840797144644
1.866811208709011 -0.199093718057191
1.869865683289669 -0.198348650487028
1.872920157870325 -0.197605593835399
1.875974632450983 -0.196864547470418
1.879029107031640 -0.196125510727252
1.882083581612298 -0.195388482908299
1.885138056192954 -0.194653463283368
1.888192530773612 -0.193920451089858
1.891247005354268 -0.193189445532943
1.894301479934926 -0.192460445785748
1.897355954515582 -0.191733450989534
1.900410429096240 -0.191008460253876
1.903464903676896 -0.190285472656848
1.906519378257554 -0.189564487245201
1.909573852838211 -0.188845503034551
1.912628327418869 -0.188128519009552
1.915682801999525 -0.187413534124090
1.918737276580183 -0.186700547301456
1.921791751160839 -0.185989557434531
1.924846225741497 -0.185280563385974
1.927900700322153 -0.184573563988399
1.930955174902811 -0.183868558044560
1.934009649483468 -0.183165544327535
1.937064124064126 -0.182464521580910
1.940118598644782 -0.181765488518960
1.943173073225440 -0.181068443826835
1.946227547806096 -0.180373386160743
1.949282022386754 -0.179680314148132
1.952336496967410 -0.178989226387876
1.955390971548068 -0.178300121450459
1.958445446128724 -0.177612997878156
1.961499920709382 -0.176927854185219
1.964554395290039 -0.176244688858062
1.967608869870697 -0.175563500355441
1.970663344451353 -0.174884287108644
1.973717819032011 -0.174207047521666
1.976772293612667 -0.173531779971403
1.979826768193325 -0.172858482807827
1.982881242773981 -0.172187154354176
1.985935717354639 -0.171517792907134
1.988990191935295 -0.170850396737017
1.992044666515953 -0.170184964087952
1.995099141096610 -0.169521493178072
1.998153615677268 -0.168859982199682
2.001208090257924 -0.168200429319459
2.004262564838580 -0.167542832678622
2.007317039419238 -0.166887190393125
2.010371513999894 -0.166233500553835
2.013425988580552 -0.165581761226716
2.016480463161209 -0.164931970453010
2.019534937741867 -0.164284126249423
2.022589412322523 -0.163638226608305
2.025643886903181 -0.162994269497831
2.028698361483837 -0.162352252862188
2.031752836064495 -0.161712174621750
2.034807310645151 -0.161074032673265
2.037861785225809 -0.160437824890036
2.040916259806465 -0.159803549122098
2.043970734387123 -0.159171203196403
2.047025208967780 -0.158540784917003
2.050079683548438 -0.157912292065224
2.053134158129094 -0.157285722399850
2.056188632709752 -0.156661073657305
2.059243107290408 -0.156038343551829
2.062297581871066 -0.155417529775660
2.065352056451722 -0.154798629999214
2.068406531032380 -0.154181641871261
2.071461005613036 -0.153566563019106
2.074515480193694 -0.152953391048769
2.077569954774351 -0.152342123545159
2.080624429355009 -0.151732758072254
2.083678903935665 -0.151125292173283
2.086733378516323 -0.150519723370894
2.089787853096979 -0.149916049167338
2.092842327677637 -0.149314267044645
2.095896802258293 -0.148714374464798
2.098951276838951 -0.148116368869908
2.102005751419608 -0.147520247682395
2.105060226000266 -0.146926008305157
2.108114700580922 -0.146333648121748
2.111169175161580 -0.145743164496554
2.114223649742236 -0.145154554774964
2.117278124322894 -0.144567816283543
2.120332598903550 -0.143982946330212
2.123387073484208 -0.143399942204411
2.126441548064864 -0.142818801177280
2.129496022645522 -0.142239520501829
2.132550497226179 -0.141662097413106
2.135604971806837 -0.141086529128374
2.138659446387493 -0.140512812847276
2.141713920968151 -0.139940945752012
2.144768395548807 -0.139370925007503
2.147822870129463 -0.138802747761565
2.150877344710121 -0.138236411145075
2.153931819290777 -0.137671912272144
2.156986293871435 -0.137109248240279
2.160040768452092 -0.136548416130557
2.163095243032750 -0.135989413007788
2.166149717613406 -0.135432235920686
2.169204192194064 -0.134876881902031
2.172258666774720 -0.134323347968838
2.175313141355378 -0.133771631122521
2.178367615936034 -0.133221728349059
2.181422090516692 -0.132673636619160
2.184476565097349 -0.132127352888425
2.187531039678007 -0.131582874097511
2.190585514258663 -0.131040197172296
2.193639988839321 -0.130499319024038
2.196694463419977 -0.129960236549542
2.199748938000635 -0.129422946631314
2.202803412581291 -0.128887446137731
2.205857887161949 -0.128353731923194
2.208912361742605 -0.127821800828292
2.211966836323263 -0.127291649679959
2.215021310903920 -0.126763275291636
2.218075785484578 -0.126236674463424
2.221130260065234 -0.125711843982249
2.224184734645892 -0.125188780622012
2.227239209226548 -0.124667481143749
2.230293683807206 -0.124147942295789
2.233348158387862 -0.123630160813905
2.236402632968520 -0.123114133421472
2.239457107549176 -0.122599856829623
2.242511582129834 -0.122087327737396
2.245566056710491 -0.121576542831897
2.248620531291149 -0.121067498788444
2.251675005871805 -0.120560192270724
2.254729480452463 -0.120054619930943
2.257783955033119 -0.119550778409977
2.260838429613777 -0.119048664337523
2.263892904194433 -0.118548274332248
2.266947378775091 -0.118049605001939
2.270001853355748 -0.117552652943649
2.273056327936406 -0.117057414743850
2.276110802517062 -0.116563886978576
2.279165277097720 -0.116072066213570
2.282219751678376 -0.115581949004435
2.285274226259034 -0.115093531896771
2.288328700839690 -0.114606811426331
2.291383175420346 -0.114121784119153
2.294437650001004 -0.113638446491716
2.297492124581661 -0.113156795051072
2.300546599162319 -0.112676826294998
2.303601073742975 -0.112198536712132
2.306655548323633 -0.111721922782114
2.309710022904289 -0.111246980975733
2.312764497484947 -0.110773707755057
2.315818972065603 -0.110302099573584
2.318873446646261 -0.109832152876370
2.321927921226917 -0.109363864100173
2.324982395807575 -0.108897229673592
2.328036870388232 -0.108432246017198
2.331091344968890 -0.107968909543675
2.334145819549546 -0.107507216657954
2.337200294130204 -0.107047163757348
2.340254768710860 -0.106588747231686
2.343309243291518 -0.106131963463447
2.346363717872174 -0.105676808827894
2.349418192452832 -0.105223279693204
2.352472667033489 -0.104771372420603
2.355527141614147 -0.104321083364494
2.358581616194803 -0.103872408872588
2.361636090775461 -0.103425345286037
2.364690565356117 -0.102979888939557
2.367745039936775 -0.102536036161564
2.370799514517431 -0.102093783274297
2.373853989098089 -0.101653126593943
2.376908463678745 -0.101214062430771
2.379962938259403 -0.100776587089251
2.383017412840060 -0.100340696868183
2.386071887420718 -0.099906388060820
2.389126362001374 -0.099473656954992
2.392180836582032 -0.099042499833229
2.395235311162688 -0.098612912972888
2.398289785743346 -0.098184892646265
2.401344260324002 -0.097758435120726
2.404398734904660 -0.097333536658825
2.407453209485316 -0.096910193518420
2.410507684065974 -0.096488401952798
2.413562158646631 -0.096068158210788
2.416616633227289 -0.095649458536884
2.419671107807945 -0.095232299171361
2.422725582388603 -0.094816676350387
2.425780056969259 -0.094402586306148
2.428834531549917 -0.093990025266953
2.431889006130573 -0.093578989457358
2.434943480711231 -0.093169475098274
2.437997955291888 -0.092761478407082
2.441052429872544 -0.092354995597746
2.444106904453202 -0.091950022880926
2.447161379033858 -0.091546556464087
2.450215853614516 -0.091144592551611
2.453270328195172 -0.090744127344909
2.456324802775830 -0.090345157042526
2.459379277356486 -0.089947677840253
2.462433751937144 -0.089551685931234
2.465488226517801 -0.089157177506075
2.468542701098459 -0.088764148752946
2.471597175679115 -0.088372595857695
2.474651650259773 -0.087982515003944
2.477706124840429 -0.087593902373203
2.480760599421087 -0.087206754144967
2.483815074001743 -0.086821066496822
2.486869548582401 -0.086436835604550
2.489924023163057 -0.086054057642227
2.492978497743715 -0.085672728782328
2.496032972324372 -0.085292845195825
2.499087446905030 -0.084914403052290
2.502141921485686 -0.084537398519992
2.505196396066344 -0.084161827765998
2.508250870647000 -0.083787686956269
2.511305345227658 -0.083414972255758
2.514359819808314 -0.083043679828512
2.517414294388972 -0.082673805837757
2.520468768969629 -0.082305346446007
2.523523243550287 -0.081938297815148
2.526577718130943 -0.081572656106540
2.529632192711601 -0.081208417481104
2.532686667292257 -0.080845578099422
2.535741141872915 -0.080484134121824
2.538795616453571 -0.080124081708481
2.541850091034229 -0.079765417019499
2.544904565614885 -0.079408136215005
2.547959040195543 -0.079052235455239
2.551013514776200 -0.078697710900646
2.554067989356858 -0.078344558711959
2.557122463937514 -0.077992775050290
2.560176938518172 -0.077642356077217
2.563231413098828 -0.077293297954872
2.566285887679486 -0.076945596846025
2.569340362260142 -0.076599248914167
2.572394836840800 -0.076254250323603
2.575449311421456 -0.075910597239527
2.578503786002114 -0.075568285828110
2.581558260582771 -0.075227312256583
2.584612735163427 -0.074887672693319
2.587667209744085 -0.074549363307912
2.590721684324741 -0.074212380271262
2.593776158905399 -0.073876719755653
2.596830633486055 -0.073542377934833
2.599885108066713 -0.073209350984094
2.602939582647370 -0.072877635080350
2.605994057228028 -0.072547226402214
2.609048531808684 -0.072218121130077
2.612103006389342 -0.071890315446183
2.615157480969998 -0.071563805534708
2.618211955550656 -0.071238587581831
2.621266430131312 -0.070914657775814
2.624320904711970 -0.070592012307072
2.627375379292626 -0.070270647368248
2.630429853873284 -0.069950559154288
2.633484328453941 -0.069631743862512
2.636538803034599 -0.069314197692684
2.639593277615255 -0.068997916847087
2.642647752195913 -0.068682897530590
2.645702226776569 -0.068369135950723
2.648756701357227 -0.068056628317740
2.651811175937883 -0.067745370844693
2.654865650518541 -0.067435359747500
2.657920125099198 -0.067126591245009
2.660974599679856 -0.066819061559069
2.664029074260512 -0.066512766914597
2.667083548841170 -0.066207703539640
2.670138023421826 -0.065903867665442
2.673192498002484 -0.065601255526514
2.676246972583140 -0.065299863360689
2.679301447163798 -0.064999687409193
2.682355921744454 -0.064700723916708
2.685410396325112 -0.064402969131429
2.688464870905769 -0.064106419305130
2.691519345486427 -0.063811070693228
2.694573820067083 -0.063516919554838
2.697628294647741 -0.063223962152836
2.700682769228397 -0.062932194753922
2.703737243809055 -0.062641613628675
2.706791718389711 -0.062352215051610
2.709846192970369 -0.062063995301245
2.712900667551025 -0.061776950660147
2.715955142131683 -0.061491077414999
2.719009616712340 -0.061206371856651
2.722064091292998 -0.060922830280176
2.725118565873654 -0.060640448984929
2.728173040454310 -0.060359224274598
2.731227515034968 -0.060079152457260
2.734281989615624 -0.059800229845436
2.737336464196282 -0.059522452756142
2.740390938776939 -0.059245817510943
2.743445413357597 -0.058970320436006
2.746499887938253 -0.058695957862150
2.749554362518911 -0.058422726124897
2.752608837099567 -0.058150621564527
2.755663311680225 -0.057879640526120
2.758717786260881 -0.057609779359616
2.761772260841539 -0.057341034419853
2.764826735422195 -0.057073402066626
2.767881210002853 -0.056806878664727
2.770935684583510 -0.056541460583997
2.773990159164168 -0.056277144199373
2.777044633744824 -0.056013925890931
2.780099108325482 -0.055751802043938
2.783153582906138 -0.055490769048892
2.786208057486796 -0.055230823301570
2.789262532067452 -0.054971961203072
2.792317006648110 -0.054714179159864
2.795371481228766 -0.054457473583825
2.798425955809424 -0.054201840892286
2.801480430390081 -0.053947277508076
2.804534904970739 -0.053693779859560
2.807589379551395 -0.053441344380685
2.810643854132053 -0.053189967511022
2.813698328712709 -0.052939645695800
2.816752803293367 -0.052690375385953
2.819807277874023 -0.052442153038157
2.822861752454681 -0.052194975114869
2.825916227035338 -0.051948838084369
2.828970701615996 -0.051703738420793
2.832025176196652 -0.051459672604175
2.835079650777310 -0.051216637120484
2.838134125357966 -0.050974628461660
2.841188599938624 -0.050733643125651
2.844243074519280 -0.050493677616449
2.847297549099938 -0.050254728444126
2.850352023680594 -0.050016792124869
2.853406498261252 -0.049779865181015
2.856460972841909 -0.049543944141084
2.859515447422567 -0.049309025539815
2.862569922003223 -0.049075105918199
2.865624396583881 -0.048842181823510
2.868678871164537 -0.048610249809341
2.871733345745195 -0.048379306435630
2.874787820325851 -0.048149348268704
2.877842294906507 -0.047920371881294
2.880896769487165 -0.047692373852579
2.883951244067822 -0.047465350768210
2.887005718648480 -0.047239299220341
2.890060193229136 -0.047014215807660
2.893114667809794 -0.046790097135418
2.896169142390450 -0.046566939815456
2.899223616971108 -0.046344740466236
2.902278091551764 -0.046123495712867
2.905332566132422 -0.045903202187132
2.908387040713079 -0.045683856527520
2.911441515293737 -0.045465455379243
2.914495989874393 -0.045247995394276
2.917550464455051 -0.045031473231368
2.920604939035707 -0.044815885556081
2.923659413616365 -0.044601229040805
2.926713888197021 -0.044387500364789
2.929768362777679 -0.044174696214165
2.932822837358335 -0.043962813281966
2.935877311938993 -0.043751848268158
2.938931786519650 -0.043541797879658
2.941986261100308 -0.043332658830358
2.945040735680964 -0.043124427841148
2.948095210261622 -0.042917101639937
2.951149684842278 -0.042710676961678
2.954204159422936 -0.042505150548383
2.957258634003592 -0.042300519149153
2.960313108584250 -0.042096779520189
2.963367583164906 -0.041893928424821
2.966422057745564 -0.041691962633520
2.969476532326221 -0.041490878923926
2.972531006906879 -0.041290674080859
2.975585481487535 -0.041091344896343
2.978639956068193 -0.040892888169624
2.981694430648849 -0.040695300707185
2.984748905229507 -0.040498579322770
2.987803379810163 -0.040302720837394
2.990857854390821 -0.040107722079365
2.993912328971478 -0.039913579884300
2.996966803552136 -0.039720291095142
3.000021278132792 -0.039527852562172
3.003075752713450 -0.039336261143032
3.006130227294106 -0.039145513702735
3.009184701874764 -0.038955607113679
3.012239176455420 -0.038766538255669
3.015293651036078 -0.038578304015923
3.018348125616734 -0.038390901289092
3.021402600197391 -0.038204326977273
3.024457074778049 -0.038018577990020
3.027511549358705 -0.037833651244357
3.030566023939363 -0.037649543664797
3.033620498520019 -0.037466252183346
3.036674973100677 -0.037283773739522
3.039729447681333 -0.037102105280364
3.042783922261991 -0.036921243760443
3.045838396842647 -0.036741186141877
3.048892871423305 -0.036561929394336
3.051947346003962 -0.036383470495060
3.055001820584620 -0.036205806428862
3.058056295165276 -0.036028934188147
3.061110769745934 -0.035852850772912
3.064165244326590 -0.035677553190764
3.067219718907248 -0.035503038456924
3.070274193487904 -0.035329303594237
3.073328668068562 -0.035156345633185
3.076383142649219 -0.034984161611888
3.079437617229877 -0.034812748576120
3.082492091810533 -0.034642103579310
3.085546566391191 -0.034472223682555
3.088601040971847 -0.034303105954623
3.091655515552505 -0.034134747471965
3.094709990133161 -0.033967145318717
3.097764464713819 -0.033800296586708
3.100818939294475 -0.033634198375470
3.103873413875133 -0.033468847792237
3.106927888455790 -0.033304241951959
3.109982363036448 -0.033140377977298
3.113036837617104 -0.032977252998643
3.116091312197762 -0.032814864154107
3.119145786778418 -0.032653208589539
3.122200261359076 -0.032492283458521
3.125254735939732 -0.032332085922377
3.128309210520390 -0.032172613150176
3.131363685101046 -0.032013862318737
3.134418159681704 -0.031855830612629
3.137472634262361 -0.031698515224177
3.140527108843019 -0.031541913353465
3.143581583423675 -0.031386022208338
3.146636058004333 -0.031230839004403
3.149690532584989 -0.031076360965037
3.152745007165647 -0.030922585321381
3.155799481746303 -0.030769509312348
3.158853956326961 -0.030617130184622
3.161908430907618 -0.030465445192662
3.164962905488274 -0.030314451598698
3.168017380068932 -0.030164146672736
3.171071854649588 -0.030014527692561
3.174126329230246 -0.029865591943730
3.177180803810902 -0.029717336719579
3.180235278391560 -0.029569759321221
3.183289752972216 -0.029422857057544
3.186344227552874 -0.029276627245215
3.189398702133531 -0.029131067208674
3.192453176714189 -0.028986174280137
3.195507651294845 -0.028841945799595
3.198562125875503 -0.028698379114811
3.201616600456159 -0.028555471581319
3.204671075036817 -0.028413220562425
3.207725549617473 -0.028271623429200
3.210780024198131 -0.028130677560483
3.213834498778787 -0.027990380342878
3.216888973359445 -0.027850729170750
3.219943447940102 -0.027711721446221
3.222997922520760 -0.027573354579173
3.226052397101416 -0.027435625987239
3.229106871682074 -0.027298533095803
3.232161346262730 -0.027162073337996
3.235215820843388 -0.027026244154694
3.238270295424044 -0.026891042994510
3.241324770004702 -0.026756467313796
3.244379244585359 -0.026622514576635
3.247433719166017 -0.026489182254837
3.250488193746673 -0.026356467827937
3.253542668327331 -0.026224368783188
3.256597142907987 -0.026092882615558
3.259651617488645 -0.025962006827724
3.262706092069301 -0.025831738930067
3.265760566649959 -0.025702076440668
3.268815041230615 -0.025573016885301
3.271869515811273 -0.025444557797429
3.274923990391930 -0.025316696718196
3.277978464972588 -0.025189431196424
3.281032939553244 -0.025062758788605
3.284087414133902 -0.024936677058896
3.287141888714558 -0.024811183579111
3.290196363295216 -0.024686275928716
3.293250837875872 -0.024561951694824
3.296305312456530 -0.024438208472183
3.299359787037186 -0.024315043863173
3.302414261617844 -0.024192455477799
3.305468736198501 -0.024070440933683
3.308523210779159 -0.023948997856055
3.311577685359815 -0.023828123877749
3.314632159940471 -0.023707816639191
3.317686634521129 -0.023588073788395
3.320741109101785 -0.023468892980954
3.323795583682443 -0.023350271880029
3.326850058263100 -0.023232208156347
3.329904532843758 -0.023114699488184
3.332959007424414 -0.022997743561366
3.336013482005072 -0.022881338069253
3.339067956585728 -0.022765480712733
3.342122431166386 -0.022650169200215
3.345176905747042 -0.022535401247617
3.348231380327700 -0.022421174578357
3.351285854908356 -0.022307486923346
3.354340329489014 -0.022194336020977
3.357394804069671 -0.022081719617116
3.360449278650329 -0.021969635465092
3.363503753230985 -0.021858081325687
3.366558227811643 -0.021747054967127
3.369612702392299 -0.021636554165072
3.372667176972957 -0.021526576702605
3.375721651553613 -0.021417120370222
3.378776126134271 -0.021308182965824
3.381830600714927 -0.021199762294701
3.384885075295585 -0.021091856169529
3.387939549876242 -0.020984462410352
3.390994024456900 -0.020877578844577
3.394048499037556 -0.020771203306959
3.397102973618214 -0.020665333639594
3.400157448198870 -0.020559967691903
3.403211922779528 -0.020455103320626
3.406266397360184 -0.020350738389807
3.409320871940842 -0.020246870770784
3.412375346521499 -0.020143498342178
3.415429821102157 -0.020040618989880
3.418484295682813 -0.019938230607041
3.421538770263471 -0.019836331094059
3.424593244844127 -0.019734918358568
3.427647719424785 -0.019633990315425
3.430702194005441 -0.019533544886700
3.433756668586099 -0.019433580001661
3.436811143166755 -0.019334093596764
3.439865617747413 -0.019235083615640
3.442920092328070 -0.019136548009082
3.445974566908728 -0.019038484735035
3.449029041489384 -0.018940891758578
3.452083516070042 -0.018843767051919
3.455137990650698 -0.018747108594376
3.458192465231354 -0.018650914372367
3.461246939812012 -0.018555182379395
3.464301414392668 -0.018459910616038
3.467355888973326 -0.018365097089936
3.470410363553983 -0.018270739815773
3.473464838134641 -0.018176836815271
3.476519312715297 -0.018083386117169
3.479573787295955 -0.017990385757217
3.482628261876611 -0.017897833778157
3.485682736457269 -0.017805728229713
3.488737211037925 -0.017714067168575
3.491791685618583 -0.017622848658389
3.494846160199240 -0.017532070769738
3.497900634779898 -0.017441731580132
3.500955109360554 -0.017351829173995
3.504009583941212 -0.017262361642646
3.507064058521868 -0.017173327084293
3.510118533102526 -0.017084723604011
3.513173007683182 -0.016996549313732
3.516227482263840 -0.016908802332231
3.519281956844496 -0.016821480785111
3.522336431425154 -0.016734582804789
3.525390906005811 -0.016648106530480
3.528445380586469 -0.016562050108186
3.531499855167125 -0.016476411690679
3.534554329747783 -0.016391189437487
3.537608804328439 -0.016306381514880
3.540663278909097 -0.016221986095855
3.543717753489753 -0.016138001360123
3.546772228070411 -0.016054425494089
3.549826702651067 -0.015971256690846
3.552881177231725 -0.015888493150151
3.555935651812382 -0.015806133078418
3.558990126393040 -0.015724174688696
3.562044600973696 -0.015642616200660
3.565099075554354 -0.015561455840594
3.568153550135010 -0.015480691841374
3.571208024715668 -0.015400322442456
3.574262499296324 -0.015320345889858
3.577316973876982 -0.015240760436149
3.580371448457639 -0.015161564340427
3.583425923038297 -0.015082755868311
3.586480397618953 -0.015004333291923
3.589534872199611 -0.014926294889870
3.592589346780267 -0.014848638947233
3.595643821360925 -0.014771363755548
3.598698295941581 -0.014694467612794
3.601752770522237 -0.014617948823373
3.604807245102895 -0.014541805698100
3.607861719683552 -0.014466036554183
3.610916194264210 -0.014390639715210
3.613970668844866 -0.014315613511132
3.617025143425524 -0.014240956278247
3.620079618006180 -0.014166666359188
3.623134092586838 -0.014092742102902
3.626188567167494 -0.014019181864638
3.629243041748152 -0.013945984005930
3.632297516328808 -0.013873146894579
3.635351990909466 -0.013800668904644
3.638406465490123 -0.013728548416419
3.641460940070781 -0.013656783816418
3.644515414651437 -0.013585373497366
3.647569889232095 -0.013514315858172
3.650624363812751 -0.013443609303925
3.653678838393409 -0.013373252245868
3.656733312974065 -0.013303243101387
3.659787787554723 -0.013233580293996
3.662842262135380 -0.013164262253317
3.665896736716038 -0.013095287415068
3.668951211296694 -0.013026654221043
3.672005685877352 -0.012958361119100
3.675060160458008 -0.012890406563143
3.678114635038666 -0.012822789013103
3.681169109619322 -0.012755506934928
3.684223584199980 -0.012688558800562
3.687278058780636 -0.012621943087930
3.690332533361294 -0.012555658280923
3.693387007941951 -0.012489702869381
3.696441482522609 -0.012424075349077
3.699495957103265 -0.012358774221699
3.702550431683923 -0.012293797994838
3.705604906264579 -0.012229145181967
3.708659380845237 -0.012164814302427
3.711713855425893 -0.012100803881413
3.714768330006551 -0.012037112449952
3.717822804587207 -0.011973738544891
3.720877279167865 -0.011910680708883
3.723931753748522 -0.011847937490362
3.726986228329180 -0.011785507443537
3.730040702909836 -0.011723389128368
3.733095177490494 -0.011661581110553
3.736149652071150 -0.011600081961513
3.739204126651808 -0.011538890258371
3.742258601232464 -0.011478004583941
3.745313075813121 -0.011417423526707
3.748367550393779 -0.011357145680810
3.751422024974435 -0.011297169646032
3.754476499555093 -0.011237494027775
3.757530974135749 -0.011178117437050
3.760585448716407 -0.011119038490458
3.763639923297063 -0.011060255810173
3.766694397877721 -0.011001768023927
3.769748872458377 -0.010943573764995
3.772803347039035 -0.010885671672176
3.775857821619692 -0.010828060389776
3.778912296200350 -0.010770738567595
3.781966770781006 -0.010713704860909
3.785021245361664 -0.010656957930452
3.788075719942320 -0.010600496442403
3.791130194522978 -0.010544319068367
3.794184669103634 -0.010488424485359
3.797239143684292 -0.010432811375789
3.800293618264948 -0.010377478427443
3.803348092845606 -0.010322424333472
3.806402567426263 -0.010267647792368
3.809457042006921 -0.010213147507954
3.812511516587577 -0.010158922189367
3.815565991168235 -0.010104970551036
3.818620465748891 -0.010051291312673
3.821674940329549 -0.009997883199254
3.824729414910205 -0.009944744941000
3.827783889490863 -0.009891875273363
3.830838364071520 -0.009839272937013
3.833892838652178 -0.009786936677815
3.836947313232834 -0.009734865246818
3.840001787813492 -0.009683057400236
3.843056262394148 -0.009631511899433
3.846110736974806 -0.009580227510908
3.849165211555462 -0.009529203006274
3.852219686136120 -0.009478437162248
3.855274160716776 -0.009427928760631
3.858328635297434 -0.009377676588293
3.861383109878091 -0.009327679437155
3.864437584458749 -0.009277936104177
3.867492059039405 -0.009228445391338
3.870546533620063 -0.009179206105619
3.873601008200719 -0.009130217058994
3.876655482781377 -0.009081477068404
3.879709957362033 -0.009032984955749
3.882764431942691 -0.008984739547866
3.885818906523347 -0.008936739676520
3.888873381104005 -0.008888984178379
3.891927855684662 -0.008841471895006
3.894982330265318 -0.008794201672837
3.898036804845976 -0.008747172363171
3.901091279426632 -0.008700382822148
3.904145754007290 -0.008653831910737
3.907200228587946 -0.008607518494718
3.910254703168604 -0.008561441444668
3.913309177749261 -0.008515599635943
3.916363652329919 -0.008469991948663
3.919418126910575 -0.008424617267698
3.922472601491233 -0.008379474482649
3.925527076071889 -0.008334562487833
3.928581550652547 -0.008289880182270
3.931636025233203 -0.008245426469663
3.934690499813861 -0.008201200258384
3.937744974394517 -0.008157200461461
3.940799448975175 -0.008113425996558
3.943853923555832 -0.008069875785960
3.946908398136490 -0.008026548756561
3.949962872717146 -0.007983443839845
3.953017347297804 -0.007940559971869
3.956071821878460 -0.007897896093253
3.959126296459118 -0.007855451149157
3.962180771039774 -0.007813224089272
3.965235245620432 -0.007771213867803
3.968289720201088 -0.007729419443448
3.971344194781746 -0.007687839779390
3.974398669362403 -0.007646473843278
3.977453143943061 -0.007605320607211
3.980507618523717 -0.007564379047723
3.983562093104375 -0.007523648145771
3.986616567685031 -0.007483126886712
3.989671042265689 -0.007442814260295
3.992725516846345 -0.007402709260644
3.995779991427003 -0.007362810886239
3.998834466007660 -0.007323118139906
4.001888940588318 -0.007283630028796
4.004943415168974 -0.007244345564375
4.007997889749632 -0.007205263762407
4.011052364330288 -0.007166383642938
4.014106838910946 -0.007127704230280
4.017161313491602 -0.007089224553000
4.020215788072260 -0.007050943643898
4.023270262652916 -0.007012860540002
4.026324737233574 -0.006974974282540
4.029379211814231 -0.006937283916938
4.032433686394889 -0.006899788492797
4.035488160975545 -0.006862487063877
4.038542635556201 -0.006825378688091
4.041597110136859 -0.006788462427479
4.044651584717515 -0.006751737348202
4.047706059298173 -0.006715202520521
4.050760533878830 -0.006678857018785
4.053815008459488 -0.006642699921418
4.056869483040144 -0.006606730310900
4.059923957620802 -0.006570947273756
4.062978432201458 -0.006535349900538
4.066032906782116 -0.006499937285813
4.069087381362772 -0.006464708528147
4.072141855943430 -0.006429662730092
4.075196330524086 -0.006394798998170
4.078250805104744 -0.006360116442856
4.081305279685401 -0.006325614178569
4.084359754266059 -0.006291291323655
4.087414228846715 -0.006257147000369
4.090468703427373 -0.006223180334867
4.093523178008029 -0.006189390457187
4.096577652588687 -0.006155776501236
4.099632127169343 -0.006122337604775
4.102686601750001 -0.006089072909407
4.105741076330657 -0.006055981560560
4.108795550911315 -0.006023062707474
4.111850025491972 -0.005990315503185
4.114904500072630 -0.005957739104516
4.117958974653286 -0.005925332672057
4.121013449233944 -0.005893095370152
4.124067923814600 -0.005861026366889
4.127122398395258 -0.005829124834081
4.130176872975914 -0.005797389947255
4.133231347556572 -0.005765820885635
4.136285822137229 -0.005734416832132
4.139340296717887 -0.005703176973329
4.142394771298543 -0.005672100499464
4.145449245879201 -0.005641186604419
4.148503720459857 -0.005610434485707
4.151558195040515 -0.005579843344454
4.154612669621171 -0.005549412385391
4.157667144201829 -0.005519140816835
4.160721618782485 -0.005489027850678
4.163776093363143 -0.005459072702374
4.166830567943800 -0.005429274590924
4.169885042524458 -0.005399632738861
4.172939517105114 -0.005370146372241
4.175993991685772 -0.005340814720624
4.179048466266428 -0.005311637017064
4.182102940847084 -0.005282612498094
4.185157415427742 -0.005253740403716
4.188211890008398 -0.005225019977381
4.191266364589056 -0.005196450465982
4.194320839169713 -0.005168031119837
4.197375313750371 -0.005139761192678
4.200429788331027 -0.005111639941634
4.203484262911685 -0.005083666627224
4.206538737492341 -0.005055840513337
4.209593212072999 -0.005028160867224
4.212647686653655 -0.005000626959482
4.215702161234313 -0.004973238064041
4.218756635814970 -0.004945993458155
4.221811110395628 -0.004918892422381
4.224865584976284 -0.004891934240575
4.227920059556942 -0.004865118199872
4.230974534137598 -0.004838443590678
4.234029008718256 -0.004811909706653
4.237083483298912 -0.004785515844702
4.240137957879570 -0.004759261304958
4.243192432460226 -0.004733145390775
4.246246907040884 -0.004707167408708
4.249301381621541 -0.004681326668507
4.252355856202199 -0.004655622483101
4.255410330782855 -0.004630054168585
4.258464805363513 -0.004604621044208
4.261519279944169 -0.004579322432361
4.264573754524827 -0.004554157658566
4.267628229105483 -0.004529126051459
4.270682703686141 -0.004504226942780
4.273737178266797 -0.004479459667364
4.276791652847455 -0.004454823563122
4.279846127428112 -0.004430317971034
4.282900602008770 -0.004405942235134
4.285955076589426 -0.004381695702498
4.289009551170084 -0.004357577723232
4.292064025750740 -0.004333587650462
4.295118500331398 -0.004309724840317
4.298172974912054 -0.004285988651921
4.301227449492712 -0.004262378447380
4.304281924073369 -0.004238893591768
4.307336398654027 -0.004215533453118
4.310390873234683 -0.004192297402406
4.313445347815341 -0.004169184813545
4.316499822395997 -0.004146195063367
4.319554296976655 -0.004123327531613
4.322608771557311 -0.004100581600923
4.325663246137969 -0.004077956656824
4.328717720718625 -0.004055452087714
4.331772195299282 -0.004033067284857
4.334826669879940 -0.004010801642364
4.337881144460596 -0.003988654557188
4.340935619041254 -0.003966625429108
4.343990093621910 -0.003944713660718
4.347044568202568 -0.003922918657418
4.350099042783224 -0.003901239827398
4.353153517363882 -0.003879676581631
4.356207991944538 -0.003858228333860
4.359262466525196 -0.003836894500583
4.362316941105853 -0.003815674501049
4.365371415686511 -0.003794567757240
4.368425890267167 -0.003773573693861
4.371480364847825 -0.003752691738333
4.374534839428481 -0.003731921320774
4.377589314009139 -0.003711261873997
4.380643788589795 -0.003690712833491
4.383698263170453 -0.003670273637414
4.386752737751110 -0.003649943726580
4.389807212331768 -0.003629722544450
4.392861686912424 -0.003609609537119
4.395916161493082 -0.003589604153304
4.398970636073738 -0.003569705844338
4.402025110654396 -0.003549914064152
4.405079585235052 -0.003530228269271
4.408134059815710 -0.003510647918799
4.411188534396366 -0.003491172474407
4.414243008977024 -0.003471801400328
4.417297483557681 -0.003452534163338
4.420351958138339 -0.003433370232754
4.423406432718995 -0.003414309080417
4.426460907299653 -0.003395350180683
4.429515381880309 -0.003376493010413
4.432569856460967 -0.003357737048964
4.435624331041623 -0.003339081778174
4.438678805622281 -0.003320526682356
4.441733280202937 -0.003302071248285
4.444787754783595 -0.003283714965187
4.447842229364252 -0.003265457324731
4.450896703944910 -0.003247297821018
4.453951178525566 -0.003229235950567
4.457005653106224 -0.003211271212311
4.460060127686880 -0.003193403107582
4.463114602267538 -0.003175631140102
4.466169076848194 -0.003157954815972
4.469223551428852 -0.003140373643664
4.472278026009509 -0.003122887134010
4.475332500590165 -0.003105494800190
4.478386975170823 -0.003088196157725
4.481441449751479 -0.003070990724463
4.484495924332137 -0.003053878020573
4.487550398912793 -0.003036857568533
4.490604873493451 -0.003019928893122
4.493659348074107 -0.003003091521404
4.496713822654765 -0.002986344982728
4.499768297235422 -0.002969688808709
4.502822771816080 -0.002953122533223
4.505877246396736 -0.002936645692397
4.508931720977394 -0.002920257824599
4.511986195558050 -0.002903958470424
4.515040670138708 -0.002887747172692
4.518095144719364 -0.002871623476434
4.521149619300022 -0.002855586928881
4.524204093880678 -0.002839637079457
4.527258568461336 -0.002823773479769
4.530313043041993 -0.002807995683598
4.533367517622651 -0.002792303246886
4.536421992203307 -0.002776695727734
4.539476466783965 -0.002761172686382
4.542530941364621 -0.002745733685211
4.545585415945279 -0.002730378288725
4.548639890525935 -0.002715106063545
4.551694365106593 -0.002699916578402
4.554748839687250 -0.002684809404122
4.557803314267908 -0.002669784113623
4.560857788848564 -0.002654840281901
4.563912263429222 -0.002639977486024
4.566966738009878 -0.002625195305122
4.570021212590536 -0.002610493320377
4.573075687171192 -0.002595871115015
4.576130161751850 -0.002581328274295
4.579184636332506 -0.002566864385505
4.582239110913164 -0.002552479037947
4.585293585493821 -0.002538171822931
4.588348060074479 -0.002523942333767
4.591402534655135 -0.002509790165755
4.594457009235793 -0.002495714916175
4.597511483816449 -0.002481716184281
4.600565958397107 -0.002467793571289
4.603620432977763 -0.002453946680372
4.606674907558421 -0.002440175116648
4.609729382139077 -0.002426478487173
4.612783856719735 -0.002412856400932
