#### log(omega_b) integral_value
-7.602059991327963 -8.002198525530861
-7.599005516747305 -7.998681953429029
-7.595951042166648 -7.995165381461588
-7.592896567585991 -7.991648809629353
-7.589842093005334 -7.988132237933153
-7.586787618424677 -7.984615666373823
-7.583733143844020 -7.981099094952190
-7.580678669263363 -7.977582523669103
-7.577624194682706 -7.974065952525405
-7.574569720102049 -7.970549381521947
-7.571515245521391 -7.967032810659585
-7.568460770940734 -7.963516239939183
-7.565406296360077 -7.959999669361606
-7.562351821779420 -7.956483098927725
-7.559297347198763 -7.952966528638418
-7.556242872618106 -7.949449958494569
-7.553188398037449 -7.945933388497062
-7.550133923456792 -7.942416818646793
-7.547079448876135 -7.938900248944661
-7.544024974295477 -7.935383679391567
-7.540970499714820 -7.931867109988422
-7.537916025134163 -7.928350540736142
-7.534861550553506 -7.924833971635646
-7.531807075972849 -7.921317402687861
-7.528752601392192 -7.917800833893715
-7.525698126811536 -7.914284265254151
-7.522643652230879 -7.910767696770104
-7.519589177650222 -7.907251128442530
-7.516534703069564 -7.903734560272378
-7.513480228488907 -7.900217992260607
-7.510425753908250 -7.896701424408187
-7.507371279327593 -7.893184856716086
-7.504316804746936 -7.889668289185284
-7.501262330166279 -7.886151721816761
-7.498207855585622 -7.882635154611509
-7.495153381004965 -7.879118587570520
-7.492098906424308 -7.875602020694797
-7.489044431843650 -7.872085453985346
-7.485989957262993 -7.868568887443181
-7.482935482682336 -7.865052321069319
-7.479881008101679 -7.861535754864788
-7.476826533521022 -7.858019188830616
-7.473772058940365 -7.854502622967843
-7.470717584359708 -7.850986057277511
-7.467663109779051 -7.847469491760674
-7.464608635198394 -7.843952926418384
-7.461554160617736 -7.840436361251706
-7.458499686037079 -7.836919796261709
-7.455445211456422 -7.833403231449466
-7.452390736875765 -7.829886666816064
-7.449336262295108 -7.826370102362585
-7.446281787714451 -7.822853538090131
-7.443227313133794 -7.819336973999798
-7.440172838553137 -7.815820410092696
-7.437118363972480 -7.812303846369941
-7.434063889391822 -7.808787282832654
-7.431009414811165 -7.805270719481962
-7.427954940230508 -7.801754156319001
-7.424900465649851 -7.798237593344915
-7.421845991069194 -7.794721030560849
-7.418791516488537 -7.791204467967960
-7.415737041907880 -7.787687905567410
-7.412682567327223 -7.784171343360372
-7.409628092746566 -7.780654781348018
-7.406573618165909 -7.777138219531532
-7.403519143585251 -7.773621657912108
-7.400464669004594 -7.770105096490942
-7.397410194423937 -7.766588535269237
-7.394355719843280 -7.763071974248209
-7.391301245262623 -7.759555413429076
-7.388246770681966 -7.756038852813063
-7.385192296101309 -7.752522292401406
-7.382137821520653 -7.749005732195347
-7.379083346939995 -7.745489172196134
-7.376028872359338 -7.741972612405023
-7.372974397778681 -7.738456052823279
-7.369919923198024 -7.734939493452173
-7.366865448617367 -7.731422934292985
-7.363810974036710 -7.727906375347000
-7.360756499456053 -7.724389816615517
-7.357702024875396 -7.720873258099832
-7.354647550294739 -7.717356699801258
-7.351593075714081 -7.713840141721116
-7.348538601133424 -7.710323583860728
-7.345484126552767 -7.706807026221428
-7.342429651972110 -7.703290468804560
-7.339375177391453 -7.699773911611472
-7.336320702810796 -7.696257354643524
-7.333266228230139 -7.692740797902079
-7.330211753649482 -7.689224241388515
-7.327157279068825 -7.685707685104209
-7.324102804488168 -7.682191129050556
-7.321048329907510 -7.678674573228957
-7.317993855326853 -7.675158017640815
-7.314939380746196 -7.671641462287544
-7.311884906165539 -7.668124907170576
-7.308830431584882 -7.664608352291335
-7.305775957004225 -7.661091797651268
-7.302721482423568 -7.657575243251825
-7.299667007842911 -7.654058689094464
-7.296612533262254 -7.650542135180649
-7.293558058681596 -7.647025581511860
-7.290503584100939 -7.643509028089580
-7.287449109520282 -7.639992474915305
-7.284394634939625 -7.636475921990534
-7.281340160358968 -7.632959369316785
-7.278285685778311 -7.629442816895573
-7.275231211197654 -7.625926264728429
-7.272176736616997 -7.622409712816895
-7.269122262036340 -7.618893161162516
-7.266067787455682 -7.615376609766851
-7.263013312875025 -7.611860058631464
-7.259958838294368 -7.608343507757936
-7.256904363713711 -7.604826957147850
-7.253849889133054 -7.601310406802799
-7.250795414552397 -7.597793856724392
-7.247740939971740 -7.594277306914240
-7.244686465391083 -7.590760757373966
-7.241631990810426 -7.587244208105208
-7.238577516229769 -7.583727659109604
-7.235523041649111 -7.580211110388809
-7.232468567068455 -7.576694561944485
-7.229414092487798 -7.573178013778308
-7.226359617907141 -7.569661465891958
-7.223305143326484 -7.566144918287128
-7.220250668745827 -7.562628370965519
-7.217196194165170 -7.559111823928848
-7.214141719584513 -7.555595277178837
-7.211087245003855 -7.552078730717218
-7.208032770423198 -7.548562184545737
-7.204978295842541 -7.545045638666148
-7.201923821261884 -7.541529093080213
-7.198869346681227 -7.538012547789710
-7.195814872100570 -7.534496002796424
-7.192760397519913 -7.530979458102152
-7.189705922939256 -7.527462913708700
-7.186651448358599 -7.523946369617889
-7.183596973777941 -7.520429825831544
-7.180542499197284 -7.516913282351505
-7.177488024616627 -7.513396739179626
-7.174433550035970 -7.509880196317765
-7.171379075455313 -7.506363653767798
-7.168324600874656 -7.502847111531607
-7.165270126293999 -7.499330569611088
-7.162215651713342 -7.495814028008146
-7.159161177132685 -7.492297486724700
-7.156106702552028 -7.488780945762679
-7.153052227971370 -7.485264405124024
-7.149997753390713 -7.481747864810687
-7.146943278810056 -7.478231324824630
-7.143888804229399 -7.474714785167833
-7.140834329648742 -7.471198245842279
-7.137779855068085 -7.467681706849969
-7.134725380487428 -7.464165168192915
-7.131670905906771 -7.460648629873138
-7.128616431326114 -7.457132091892673
-7.125561956745456 -7.453615554253568
-7.122507482164799 -7.450099016957884
-7.119453007584142 -7.446582480007689
-7.116398533003485 -7.443065943405070
-7.113344058422828 -7.439549407152121
-7.110289583842171 -7.436032871250951
-7.107235109261514 -7.432516335703684
-7.104180634680857 -7.428999800512452
-7.101126160100200 -7.425483265679399
-7.098071685519542 -7.421966731206688
-7.095017210938886 -7.418450197096491
-7.091962736358228 -7.414933663350990
-7.088908261777572 -7.411417129972387
-7.085853787196914 -7.407900596962889
-7.082799312616258 -7.404384064324724
-7.079744838035601 -7.400867532060126
-7.076690363454944 -7.397351000171348
-7.073635888874287 -7.393834468660653
-7.070581414293629 -7.390317937530321
-7.067526939712972 -7.386801406782640
-7.064472465132315 -7.383284876419914
-7.061417990551658 -7.379768346444465
-7.058363515971001 -7.376251816858623
-7.055309041390344 -7.372735287664734
-7.052254566809687 -7.369218758865157
-7.049200092229030 -7.365702230462269
-7.046145617648373 -7.362185702458455
-7.043091143067715 -7.358669174856118
-7.040036668487058 -7.355152647657674
-7.036982193906401 -7.351636120865555
-7.033927719325744 -7.348119594482204
-7.030873244745087 -7.344603068510080
-7.027818770164430 -7.341086542951663
-7.024764295583773 -7.337570017809436
-7.021709821003116 -7.334053493085905
-7.018655346422459 -7.330536968783587
-7.015600871841801 -7.327020444905016
-7.012546397261144 -7.323503921452742
-7.009491922680487 -7.319987398429327
-7.006437448099830 -7.316470875837350
-7.003382973519173 -7.312954353679403
-7.000328498938516 -7.309437831958100
-6.997274024357859 -7.305921310676062
-6.994219549777202 -7.302404789835931
-6.991165075196545 -7.298888269440362
-6.988110600615888 -7.295371749492028
-6.985056126035230 -7.291855229993615
-6.982001651454573 -7.288338710947826
-6.978947176873916 -7.284822192357383
-6.975892702293259 -7.281305674225021
-6.972838227712602 -7.277789156553491
-6.969783753131945 -7.274272639345559
-6.966729278551288 -7.270756122604014
-6.963674803970631 -7.267239606331653
-6.960620329389974 -7.263723090531295
-6.957565854809316 -7.260206575205773
-6.954511380228659 -7.256690060357940
-6.951456905648003 -7.253173545990665
-6.948402431067345 -7.249657032106825
-6.945347956486689 -7.246140518709331
-6.942293481906031 -7.242624005801096
-6.939239007325375 -7.239107493385059
-6.936184532744718 -7.235590981464173
-6.933130058164060 -7.232074470041409
-6.930075583583403 -7.228557959119756
-6.927021109002746 -7.225041448702219
-6.923966634422089 -7.221524938791822
-6.920912159841432 -7.218008429391609
-6.917857685260775 -7.214491920504638
-6.914803210680118 -7.210975412133985
-6.911748736099461 -7.207458904282750
-6.908694261518804 -7.203942396954046
-6.905639786938147 -7.200425890151006
-6.902585312357489 -7.196909383876779
-6.899530837776832 -7.193392878134539
-6.896476363196175 -7.189876372927471
-6.893421888615518 -7.186359868258783
-6.890367414034861 -7.182843364131704
-6.887312939454204 -7.179326860549477
-6.884258464873547 -7.175810357515367
-6.881203990292890 -7.172293855032658
-6.878149515712233 -7.168777353104652
-6.875095041131575 -7.165260851734672
-6.872040566550918 -7.161744350926064
-6.868986091970261 -7.158227850682184
-6.865931617389604 -7.154711351006418
-6.862877142808947 -7.151194851902167
-6.859822668228290 -7.147678353372852
-6.856768193647633 -7.144161855421914
-6.853713719066976 -7.140645358052818
-6.850659244486319 -7.137128861269045
-6.847604769905661 -7.133612365074099
-6.844550295325004 -7.130095869471504
-6.841495820744347 -7.126579374464802
-6.838441346163690 -7.123062880057560
-6.835386871583033 -7.119546386253367
-6.832332397002376 -7.116029893055828
-6.829277922421719 -7.112513400468572
-6.826223447841062 -7.108996908495250
-6.823168973260405 -7.105480417139532
-6.820114498679748 -7.101963926405116
-6.817060024099090 -7.098447436295711
-6.814005549518433 -7.094930946815058
-6.810951074937776 -7.091414457966915
-6.807896600357120 -7.087897969755064
-6.804842125776462 -7.084381482183305
-6.801787651195806 -7.080864995255468
-6.798733176615148 -7.077348508975399
-6.795678702034492 -7.073832023346970
-6.792624227453834 -7.070315538374072
-6.789569752873177 -7.066799054060624
-6.786515278292520 -7.063282570410566
-6.783460803711863 -7.059766087427858
-6.780406329131206 -7.056249605116490
-6.777351854550549 -7.052733123480468
-6.774297379969892 -7.049216642523826
-6.771242905389235 -7.045700162250620
-6.768188430808578 -7.042183682664934
-6.765133956227920 -7.038667203770869
-6.762079481647263 -7.035150725572555
-6.759025007066606 -7.031634248074145
-6.755970532485949 -7.028117771279815
-6.752916057905292 -7.024601295193770
-6.749861583324635 -7.021084819820234
-6.746807108743978 -7.017568345163459
-6.743752634163321 -7.014051871227720
-6.740698159582664 -7.010535398017321
-6.737643685002006 -7.007018925536588
-6.734589210421349 -7.003502453789872
-6.731534735840692 -6.999985982781549
-6.728480261260035 -6.996469512516028
-6.725425786679378 -6.992953042997733
-6.722371312098721 -6.989436574231120
-6.719316837518064 -6.985920106220672
-6.716262362937407 -6.982403638970895
-6.713207888356750 -6.978887172486324
-6.710153413776093 -6.975370706771519
-6.707098939195435 -6.971854241831069
-6.704044464614778 -6.968337777669586
-6.700989990034121 -6.964821314291711
-6.697935515453464 -6.961304851702114
-6.694881040872807 -6.957788389905493
-6.691826566292150 -6.954271928906565
-6.688772091711493 -6.950755468710087
-6.685717617130836 -6.947239009320835
-6.682663142550179 -6.943722550743615
-6.679608667969521 -6.940206092983267
-6.676554193388864 -6.936689636044648
-6.673499718808207 -6.933173179932655
-6.670445244227550 -6.929656724652205
-6.667390769646893 -6.926140270208248
-6.664336295066237 -6.922623816605765
-6.661281820485579 -6.919107363849759
-6.658227345904923 -6.915590911945269
-6.655172871324265 -6.912074460897362
-6.652118396743608 -6.908558010711134
-6.649063922162950 -6.905041561391705
-6.646009447582294 -6.901525112944240
-6.642954973001637 -6.898008665373917
-6.639900498420980 -6.894492218685957
-6.636846023840323 -6.890975772885604
-6.633791549259666 -6.887459327978135
-6.630737074679009 -6.883942883968861
-6.627682600098352 -6.880426440863116
-6.624628125517694 -6.876909998666276
-6.621573650937037 -6.873393557383739
-6.618519176356380 -6.869877117020942
-6.615464701775723 -6.866360677583346
-6.612410227195066 -6.862844239076450
-6.609355752614409 -6.859327801505783
-6.606301278033752 -6.855811364876907
-6.603246803453095 -6.852294929195414
-6.600192328872438 -6.848778494466933
-6.597137854291780 -6.845262060697122
-6.594083379711123 -6.841745627891673
-6.591028905130466 -6.838229196056313
-6.587974430549809 -6.834712765196800
-6.584919955969152 -6.831196335318928
-6.581865481388495 -6.827679906428522
-6.578811006807838 -6.824163478531443
-6.575756532227181 -6.820647051633587
-6.572702057646524 -6.817130625740882
-6.569647583065866 -6.813614200859291
-6.566593108485209 -6.810097776994814
-6.563538633904552 -6.806581354153481
-6.560484159323895 -6.803064932341366
-6.557429684743238 -6.799548511564568
-6.554375210162581 -6.796032091829232
-6.551320735581924 -6.792515673141527
-6.548266261001267 -6.788999255507669
-6.545211786420610 -6.785482838933904
-6.542157311839953 -6.781966423426515
-6.539102837259295 -6.778450008991823
-6.536048362678638 -6.774933595636187
-6.532993888097981 -6.771417183365998
-6.529939413517324 -6.767900772187691
-6.526884938936668 -6.764384362107736
-6.523830464356010 -6.760867953132634
-6.520775989775354 -6.757351545268936
-6.517721515194696 -6.753835138523218
-6.514667040614039 -6.750318732902108
-6.511612566033381 -6.746802328412259
-6.508558091452725 -6.743285925060377
-6.505503616872067 -6.739769522853190
-6.502449142291411 -6.736253121797481
-6.499394667710753 -6.732736721900064
-6.496340193130097 -6.729220323167794
-6.493285718549439 -6.725703925607566
-6.490231243968783 -6.722187529226319
-6.487176769388125 -6.718671134031022
-6.484122294807468 -6.715154740028697
-6.481067820226811 -6.711638347226398
-6.478013345646154 -6.708121955631224
-6.474958871065497 -6.704605565250314
-6.471904396484840 -6.701089176090852
-6.468849921904183 -6.697572788160056
-6.465795447323526 -6.694056401465191
-6.462740972742869 -6.690540016013564
-6.459686498162212 -6.687023631812526
-6.456632023581554 -6.683507248869466
-6.453577549000897 -6.679990867191821
-6.450523074420240 -6.676474486787066
-6.447468599839583 -6.672958107662726
-6.444414125258926 -6.669441729826362
-6.441359650678269 -6.665925353285584
-6.438305176097612 -6.662408978048045
-6.435250701516955 -6.658892604121443
-6.432196226936298 -6.655376231513518
-6.429141752355640 -6.651859860232058
-6.426087277774983 -6.648343490284894
-6.423032803194326 -6.644827121679904
-6.419978328613669 -6.641310754425010
-6.416923854033012 -6.637794388528183
-6.413869379452355 -6.634278023997436
-6.410814904871698 -6.630761660840831
-6.407760430291041 -6.627245299066477
-6.404705955710384 -6.623728938682527
-6.401651481129726 -6.620212579697185
-6.398597006549069 -6.616696222118701
-6.395542531968412 -6.613179865955372
-6.392488057387755 -6.609663511215545
-6.389433582807098 -6.606147157907612
-6.386379108226441 -6.602630806040015
-6.383324633645785 -6.599114455621250
-6.380270159065127 -6.595598106659851
-6.377215684484471 -6.592081759164414
-6.374161209903813 -6.588565413143574
-6.371106735323156 -6.585049068606026
-6.368052260742498 -6.581532725560503
-6.364997786161842 -6.578016384015804
-6.361943311581184 -6.574500043980761
-6.358888837000528 -6.570983705464273
-6.355834362419870 -6.567467368475279
-6.352779887839214 -6.563951033022780
-6.349725413258556 -6.560434699115820
-6.346670938677899 -6.556918366763501
-6.343616464097242 -6.553402035974972
-6.340561989516585 -6.549885706759438
-6.337507514935928 -6.546369379126161
-6.334453040355271 -6.542853053084452
-6.331398565774614 -6.539336728643672
-6.328344091193957 -6.535820405813247
-6.325289616613300 -6.532304084602647
-6.322235142032643 -6.528787765021404
-6.319180667451985 -6.525271447079098
-6.316126192871328 -6.521755130785370
-6.313071718290671 -6.518238816149914
-6.310017243710014 -6.514722503182480
-6.306962769129357 -6.511206191892876
-6.303908294548700 -6.507689882290967
-6.300853819968043 -6.504173574386669
-6.297799345387386 -6.500657268189962
-6.294744870806729 -6.497140963710879
-6.291690396226072 -6.493624660959515
-6.288635921645414 -6.490108359946021
-6.285581447064757 -6.486592060680604
-6.282526972484100 -6.483075763173535
-6.279472497903443 -6.479559467435138
-6.276418023322786 -6.476043173475802
-6.273363548742129 -6.472526881305976
-6.270309074161472 -6.469010590936163
-6.267254599580815 -6.465494302376931
-6.264200125000158 -6.461978015638910
-6.261145650419500 -6.458461730732788
-6.258091175838843 -6.454945447669316
-6.255036701258186 -6.451429166459307
-6.251982226677529 -6.447912887113635
-6.248927752096872 -6.444396609643237
-6.245873277516215 -6.440880334059116
-6.242818802935558 -6.437364060372333
-6.239764328354901 -6.433847788594020
-6.236709853774244 -6.430331518735361
-6.233655379193587 -6.426815250807618
-6.230600904612929 -6.423298984822106
-6.227546430032273 -6.419782720790213
-6.224491955451615 -6.416266458723390
-6.221437480870959 -6.412750198633155
-6.218383006290301 -6.409233940531085
-6.215328531709645 -6.405717684428837
-6.212274057128987 -6.402201430338119
-6.209219582548331 -6.398685178270723
-6.206165107967673 -6.395168928238491
-6.203110633387016 -6.391652680253349
-6.200056158806359 -6.388136434327284
-6.197001684225702 -6.384620190472348
-6.193947209645045 -6.381103948700668
-6.190892735064388 -6.377587709024439
-6.187838260483731 -6.374071471455929
-6.184783785903074 -6.370555236007470
-6.181729311322417 -6.367039002691468
-6.178674836741759 -6.363522771520405
-6.175620362161102 -6.360006542506822
-6.172565887580445 -6.356490315663344
-6.169511412999788 -6.352974091002666
-6.166456938419131 -6.349457868537547
-6.163402463838474 -6.345941648280832
-6.160347989257817 -6.342425430245432
-6.157293514677160 -6.338909214444332
-6.154239040096503 -6.335393000890594
-6.151184565515845 -6.331876789597350
-6.148130090935188 -6.328360580577818
-6.145075616354531 -6.324844373845277
-6.142021141773874 -6.321328169413092
-6.138966667193217 -6.317811967294702
-6.135912192612560 -6.314295767503624
-6.132857718031903 -6.310779570053449
-6.129803243451246 -6.307263374957849
-6.126748768870589 -6.303747182230572
-6.123694294289932 -6.300230991885446
-6.120639819709274 -6.296714803936379
-6.117585345128617 -6.293198618397355
-6.114530870547960 -6.289682435282441
-6.111476395967303 -6.286166254605786
-6.108421921386646 -6.282650076381612
-6.105367446805989 -6.279133900624232
-6.102312972225332 -6.275617727348035
-6.099258497644675 -6.272101556567494
-6.096204023064018 -6.268585388297163
-6.093149548483360 -6.265069222551682
-6.090095073902704 -6.261553059345773
-6.087040599322046 -6.258036898694238
-6.083986124741390 -6.254520740611971
-6.080931650160732 -6.251004585113948
-6.077877175580076 -6.247488432215228
-6.074822700999418 -6.243972281930958
-6.071768226418762 -6.240456134276372
-6.068713751838104 -6.236939989266788
-6.065659277257447 -6.233423846917618
-6.062604802676789 -6.229907707244349
-6.059550328096133 -6.226391570262575
-6.056495853515475 -6.222875435987960
-6.053441378934819 -6.219359304436271
-6.050386904354162 -6.215843175623355
-6.047332429773505 -6.212327049565157
-6.044277955192848 -6.208810926277708
-6.041223480612190 -6.205294805777132
-6.038169006031533 -6.201778688079646
-6.035114531450876 -6.198262573201555
-6.032060056870219 -6.194746461159263
-6.029005582289562 -6.191230351969264
-6.025951107708905 -6.187714245648145
-6.022896633128248 -6.184198142212590
-6.019842158547591 -6.180682041679372
-6.016787683966934 -6.177165944065369
-6.013733209386277 -6.173649849387547
-6.010678734805619 -6.170133757662971
-6.007624260224962 -6.166617668908804
-6.004569785644305 -6.163101583142307
-6.001515311063648 -6.159585500380837
-5.998460836482991 -6.156069420641849
-5.995406361902334 -6.152553343942899
-5.992351887321677 -6.149037270301647
-5.989297412741020 -6.145521199735842
-5.986242938160363 -6.142005132263344
-5.983188463579705 -6.138489067902110
-5.980133988999048 -6.134973006670204
-5.977079514418391 -6.131456948585782
-5.974025039837734 -6.127940893667112
-5.970970565257077 -6.124424841932565
-5.967916090676420 -6.120908793400614
-5.964861616095763 -6.117392748089834
-5.961807141515106 -6.113876706018912
-5.958752666934449 -6.110360667206635
-5.955698192353791 -6.106844631671901
-5.952643717773134 -6.103328599433712
-5.949589243192477 -6.099812570511180
-5.946534768611821 -6.096296544923523
-5.943480294031163 -6.092780522690068
-5.940425819450507 -6.089264503830256
-5.937371344869849 -6.085748488363629
-5.934316870289193 -6.082232476309853
-5.931262395708535 -6.078716467688691
-5.928207921127878 -6.075200462520030
-5.925153446547220 -6.071684460823858
-5.922098971966564 -6.068168462620290
-5.919044497385906 -6.064652467929539
-5.915990022805250 -6.061136476771946
-5.912935548224592 -6.057620489167959
-5.909881073643936 -6.054104505138147
-5.906826599063279 -6.050588524703190
-5.903772124482622 -6.047072547883888
-5.900717649901964 -6.043556574701157
-5.897663175321307 -6.040040605176035
-5.894608700740650 -6.036524639329675
-5.891554226159993 -6.033008677183350
-5.888499751579336 -6.029492718758455
-5.885445276998679 -6.025976764076503
-5.882390802418022 -6.022460813159132
-5.879336327837365 -6.018944866028099
-5.876281853256708 -6.015428922705287
-5.873227378676050 -6.011912983212700
-5.870172904095393 -6.008397047572466
-5.867118429514736 -6.004881115806842
-5.864063954934079 -6.001365187938203
-5.861009480353422 -5.997849263989058
-5.857955005772765 -5.994333343982039
-5.854900531192108 -5.990817427939902
-5.851846056611451 -5.987301515885544
-5.848791582030794 -5.983785607841976
-5.845737107450137 -5.980269703832346
-5.842682632869479 -5.976753803879934
-5.839628158288822 -5.973237908008149
-5.836573683708165 -5.969722016240530
-5.833519209127508 -5.966206128600750
-5.830464734546851 -5.962690245112617
-5.827410259966194 -5.959174365800072
-5.824355785385537 -5.955658490687190
-5.821301310804880 -5.952142619798183
-5.818246836224223 -5.948626753157397
-5.815192361643565 -5.945110890789317
-5.812137887062908 -5.941595032718563
-5.809083412482251 -5.938079178969899
-5.806028937901594 -5.934563329568224
-5.802974463320937 -5.931047484538576
-5.799919988740280 -5.927531643906137
-5.796865514159624 -5.924015807696229
-5.793811039578966 -5.920499975934314
-5.790756564998309 -5.916984148646005
-5.787702090417651 -5.913468325857046
-5.784647615836995 -5.909952507593340
-5.781593141256337 -5.906436693880924
-5.778538666675681 -5.902920884745988
-5.775484192095023 -5.899405080214864
-5.772429717514367 -5.895889280314038
-5.769375242933709 -5.892373485070139
-5.766320768353053 -5.888857694509948
-5.763266293772396 -5.885341908660396
-5.760211819191738 -5.881826127548564
-5.757157344611081 -5.878310351201686
-5.754102870030424 -5.874794579647150
-5.751048395449767 -5.871278812912495
-5.747993920869110 -5.867763051025415
-5.744939446288453 -5.864247294013760
-5.741884971707796 -5.860731541905534
-5.738830497127139 -5.857215794728901
-5.735776022546482 -5.853700052512182
-5.732721547965824 -5.850184315283855
-5.729667073385167 -5.846668583072558
-5.726612598804510 -5.843152855907089
-5.723558124223853 -5.839637133816410
-5.720503649643196 -5.836121416829641
-5.717449175062539 -5.832605704976067
-5.714394700481882 -5.829089998285138
-5.711340225901225 -5.825574296786465
-5.708285751320568 -5.822058600509829
-5.705231276739910 -5.818542909485175
-5.702176802159253 -5.815027223742614
-5.699122327578596 -5.811511543312431
-5.696067852997939 -5.807995868225074
-5.693013378417282 -5.804480198511165
-5.689958903836625 -5.800964534201491
-5.686904429255968 -5.797448875327020
-5.683849954675311 -5.793933221918889
-5.680795480094654 -5.790417574008405
-5.677741005513997 -5.786901931627054
-5.674686530933339 -5.783386294806498
-5.671632056352682 -5.779870663578572
-5.668577581772025 -5.776355037975296
-5.665523107191368 -5.772839418028857
-5.662468632610711 -5.769323803771634
-5.659414158030054 -5.765808195236177
-5.656359683449397 -5.762292592455223
-5.653305208868741 -5.758776995461690
-5.650250734288083 -5.755261404288674
-5.647196259707426 -5.751745818969470
-5.644141785126768 -5.748230239537540
-5.641087310546112 -5.744714666026544
-5.638032835965454 -5.741199098470328
-5.634978361384798 -5.737683536902924
-5.631923886804140 -5.734167981358556
-5.628869412223484 -5.730652431871638
-5.625814937642826 -5.727136888476770
-5.622760463062169 -5.723621351208753
-5.619705988481512 -5.720105820102576
-5.616651513900855 -5.716590295193425
-5.613597039320198 -5.713074776516681
-5.610542564739541 -5.709559264107921
-5.607488090158884 -5.706043758002921
-5.604433615578227 -5.702528258237653
-5.601379140997570 -5.699012764848294
-5.598324666416913 -5.695497277871215
-5.595270191836256 -5.691981797342997
-5.592215717255598 -5.688466323300418
-5.589161242674941 -5.684950855780464
-5.586106768094284 -5.681435394820321
-5.583052293513627 -5.677919940457389
-5.579997818932970 -5.674404492729267
-5.576943344352313 -5.670889051673772
-5.573888869771656 -5.667373617328922
-5.570834395190999 -5.663858189732949
-5.567779920610342 -5.660342768924301
-5.564725446029684 -5.656827354941634
-5.561670971449027 -5.653311947823820
-5.558616496868370 -5.649796547609944
-5.555562022287713 -5.646281154339313
-5.552507547707056 -5.642765768051448
-5.549453073126399 -5.639250388786088
-5.546398598545742 -5.635735016583195
-5.543344123965085 -5.632219651482949
-5.540289649384428 -5.628704293525755
-5.537235174803770 -5.625188942752240
-5.534180700223113 -5.621673599203257
-5.531126225642456 -5.618158262919883
-5.528071751061800 -5.614642933943427
-5.525017276481142 -5.611127612315417
-5.521962801900486 -5.607612298077622
-5.518908327319828 -5.604096991272032
-5.515853852739172 -5.600581691940876
-5.512799378158514 -5.597066400126613
-5.509744903577857 -5.593551115871939
-5.506690428997199 -5.590035839219780
-5.503635954416543 -5.586520570213306
-5.500581479835885 -5.583005308895921
-5.497527005255229 -5.579490055311272
-5.494472530674571 -5.575974809503239
-5.491418056093915 -5.572459571515957
-5.488363581513257 -5.568944341393790
-5.485309106932601 -5.565429119181362
-5.482254632351943 -5.561913904923526
-5.479200157771286 -5.558398698665400
-5.476145683190628 -5.554883500452332
-5.473091208609972 -5.551368310329940
-5.470036734029314 -5.547853128344075
-5.466982259448658 -5.544337954540853
-5.463927784868000 -5.540822788966636
-5.460873310287344 -5.537307631668050
-5.457818835706686 -5.533792482691967
-5.454764361126029 -5.530277342085527
-5.451709886545372 -5.526762209896122
-5.448655411964715 -5.523247086171406
-5.445600937384058 -5.519731970959300
-5.442546462803401 -5.516216864307982
-5.439491988222744 -5.512701766265902
-5.436437513642087 -5.509186676881768
-5.433383039061430 -5.505671596204564
-5.430328564480773 -5.502156524283535
-5.427274089900116 -5.498641461168204
-5.424219615319458 -5.495126406908361
-5.421165140738801 -5.491611361554073
-5.418110666158144 -5.488096325155676
-5.415056191577487 -5.484581297763789
-5.412001716996830 -5.481066279429307
-5.408947242416173 -5.477551270203401
-5.405892767835516 -5.474036270137525
-5.402838293254859 -5.470521279283416
-5.399783818674202 -5.467006297693093
-5.396729344093544 -5.463491325418862
-5.393674869512887 -5.459976362513314
-5.390620394932230 -5.456461409029329
-5.387565920351573 -5.452946465020074
-5.384511445770916 -5.449431530539012
-5.381456971190259 -5.445916605639898
-5.378402496609603 -5.442401690376778
-5.375348022028945 -5.438886784803993
-5.372293547448288 -5.435371888976190
-5.369239072867630 -5.431857002948300
-5.366184598286974 -5.428342126775573
-5.363130123706316 -5.424827260513545
-5.360075649125660 -5.421312404218066
-5.357021174545002 -5.417797557945285
-5.353966699964346 -5.414282721751663
-5.350912225383688 -5.410767895693963
-5.347857750803032 -5.407253079829267
-5.344803276222374 -5.403738274214957
-5.341748801641717 -5.400223478908744
-5.338694327061059 -5.396708693968638
-5.335639852480403 -5.393193919452978
-5.332585377899745 -5.389679155420410
-5.329530903319089 -5.386164401929914
-5.326476428738431 -5.382649659040776
-5.323421954157775 -5.379134926812622
-5.320367479577117 -5.375620205305387
-5.317313004996461 -5.372105494579344
-5.314258530415803 -5.368590794695087
-5.311204055835146 -5.365076105713549
-5.308149581254489 -5.361561427695986
-5.305095106673832 -5.358046760703992
-5.302040632093175 -5.354532104799496
-5.298986157512518 -5.351017460044764
-5.295931682931861 -5.347502826502399
-5.292877208351204 -5.343988204235349
-5.289822733770547 -5.340473593306901
-5.286768259189889 -5.336958993780686
-5.283713784609232 -5.333444405720684
-5.280659310028575 -5.329929829191220
-5.277604835447918 -5.326415264256967
-5.274550360867261 -5.322900710982957
-5.271495886286604 -5.319386169434568
-5.268441411705947 -5.315871639677535
-5.265386937125290 -5.312357121777951
-5.262332462544633 -5.308842615802266
-5.259277987963975 -5.305328121817295
-5.256223513383318 -5.301813639890209
-5.253169038802661 -5.298299170088550
-5.250114564222004 -5.294784712480222
-5.247060089641347 -5.291270267133498
-5.244005615060690 -5.287755834117025
-5.240951140480033 -5.284241413499815
-5.237896665899376 -5.280727005351260
-5.234842191318720 -5.277212609741126
-5.231787716738062 -5.273698226739556
-5.228733242157405 -5.270183856417075
-5.225678767576747 -5.266669498844585
-5.222624292996091 -5.263155154093384
-5.219569818415433 -5.259640822235137
-5.216515343834777 -5.256126503341913
-5.213460869254119 -5.252612197486162
-5.210406394673463 -5.249097904740733
-5.207351920092805 -5.245583625178859
-5.204297445512148 -5.242069358874179
-5.201242970931490 -5.238555105900721
-5.198188496350834 -5.235040866332923
-5.195134021770176 -5.231526640245615
-5.192079547189520 -5.228012427714038
-5.189025072608862 -5.224498228813836
-5.185970598028206 -5.220984043621064
-5.182916123447548 -5.217469872212180
-5.179861648866892 -5.213955714664068
-5.176807174286234 -5.210441571054013
-5.173752699705577 -5.206927441459727
-5.170698225124919 -5.203413325959333
-5.167643750544263 -5.199899224631381
-5.164589275963606 -5.196385137554843
-5.161534801382949 -5.192871064809113
-5.158480326802292 -5.189357006474017
-5.155425852221635 -5.185842962629809
-5.152371377640978 -5.182328933357175
-5.149316903060321 -5.178814918737237
-5.146262428479663 -5.175300918851548
-5.143207953899006 -5.171786933782109
-5.140153479318349 -5.168272963611354
-5.137099004737692 -5.164759008422164
-5.134044530157035 -5.161245068297864
-5.130990055576378 -5.157731143322228
-5.127935580995721 -5.154217233579481
-5.124881106415064 -5.150703339154299
-5.121826631834407 -5.147189460131812
-5.118772157253749 -5.143675596597609
-5.115717682673092 -5.140161748637736
-5.112663208092435 -5.136647916338704
-5.109608733511778 -5.133134099787488
-5.106554258931121 -5.129620299071526
-5.103499784350464 -5.126106514278727
-5.100445309769807 -5.122592745497473
-5.097390835189150 -5.119078992816616
-5.094336360608493 -5.115565256325491
-5.091281886027836 -5.112051536113903
-5.088227411447178 -5.108537832272141
-5.085172936866522 -5.105024144890982
-5.082118462285864 -5.101510474061683
-5.079063987705208 -5.097996819875995
-5.076009513124550 -5.094483182426152
-5.072955038543894 -5.090969561804892
-5.069900563963236 -5.087455958105438
-5.066846089382580 -5.083942371421522
-5.063791614801922 -5.080428801847368
-5.060737140221265 -5.076915249477709
-5.057682665640607 -5.073401714407780
-5.054628191059951 -5.069888196733332
-5.051573716479293 -5.066374696550620
-5.048519241898637 -5.062861213956415
-5.045464767317979 -5.059347749048005
-5.042410292737323 -5.055834301923200
-5.039355818156665 -5.052320872680323
-5.036301343576008 -5.048807461418235
-5.033246868995350 -5.045294068236309
-5.030192394414694 -5.041780693234461
-5.027137919834036 -5.038267336513128
-5.024083445253380 -5.034753998173294
-5.021028970672722 -5.031240678316470
-5.017974496092066 -5.027727377044716
-5.014920021511409 -5.024214094460628
-5.011865546930752 -5.020700830667354
-5.008811072350094 -5.017187585768587
-5.005756597769437 -5.013674359868574
-5.002702123188780 -5.010161153072114
-4.999647648608123 -5.006647965484566
-4.996593174027466 -5.003134797211849
-4.993538699446809 -4.999621648360442
-4.990484224866152 -4.996108519037390
-4.987429750285495 -4.992595409350310
-4.984375275704838 -4.989082319407387
-4.981320801124181 -4.985569249317384
-4.978266326543523 -4.982056199189635
-4.975211851962866 -4.978543169134060
-4.972157377382209 -4.975030159261160
-4.969102902801552 -4.971517169682020
-4.966048428220895 -4.968004200508319
-4.962993953640238 -4.964491251852321
-4.959939479059581 -4.960978323826891
-4.956885004478924 -4.957465416545490
-4.953830529898267 -4.953952530122177
-4.950776055317609 -4.950439664671617
-4.947721580736952 -4.946926820309082
-4.944667106156295 -4.943413997150458
-4.941612631575639 -4.939901195312236
-4.938558156994981 -4.936388414911526
-4.935503682414325 -4.932875656066063
-4.932449207833667 -4.929362918894194
-4.929394733253011 -4.925850203514901
-4.926340258672353 -4.922337510047789
-4.923285784091696 -4.918824838613097
-4.920231309511038 -4.915312189331696
-4.917176834930382 -4.911799562325101
-4.914122360349724 -4.908286957715459
-4.911067885769068 -4.904774375625572
-4.908013411188410 -4.901261816178880
-4.904958936607754 -4.897749279499482
-4.901904462027096 -4.894236765712123
-4.898849987446440 -4.890724274942215
-4.895795512865782 -4.887211807315822
-4.892741038285125 -4.883699362959677
-4.889686563704467 -4.880186942001176
-4.886632089123811 -4.876674544568393
-4.883577614543153 -4.873162170790066
-4.880523139962497 -4.869649820795622
-4.877468665381839 -4.866137494715156
-4.874414190801183 -4.862625192679459
-4.871359716220526 -4.859112914820000
-4.868305241639868 -4.855600661268944
-4.865250767059211 -4.852088432159150
-4.862196292478554 -4.848576227624172
-4.859141817897897 -4.845064047798267
-4.856087343317240 -4.841551892816401
-4.853032868736583 -4.838039762814240
-4.849978394155926 -4.834527657928168
-4.846923919575269 -4.831015578295280
-4.843869444994612 -4.827503524053395
-4.840814970413954 -4.823991495341049
-4.837760495833297 -4.820479492297508
-4.834706021252640 -4.816967515062764
-4.831651546671983 -4.813455563777546
-4.828597072091326 -4.809943638583317
-4.825542597510669 -4.806431739622280
-4.822488122930012 -4.802919867037385
-4.819433648349355 -4.799408020972328
-4.816379173768698 -4.795896201571557
-4.813324699188041 -4.792384408980273
-4.810270224607383 -4.788872643344439
-4.807215750026726 -4.785360904810779
-4.804161275446069 -4.781849193526785
-4.801106800865412 -4.778337509640716
-4.798052326284756 -4.774825853301609
-4.794997851704098 -4.771314224659273
-4.791943377123442 -4.767802623864307
-4.788888902542784 -4.764291051068087
-4.785834427962127 -4.760779506422785
-4.782779953381469 -4.757267990081360
-4.779725478800813 -4.753756502197575
-4.776671004220155 -4.750245042925988
-4.773616529639499 -4.746733612421965
-4.770562055058841 -4.743222210841680
-4.767507580478185 -4.739710838342122
-4.764453105897527 -4.736199495081093
-4.761398631316871 -4.732688181217218
-4.758344156736213 -4.729176896909947
-4.755289682155556 -4.725665642319560
-4.752235207574898 -4.722154417607166
-4.749180732994242 -4.718643222934717
-4.746126258413584 -4.715132058465000
-4.743071783832928 -4.711620924361652
-4.740017309252270 -4.708109820789156
-4.736962834671614 -4.704598747912853
-4.733908360090956 -4.701087705898935
-4.730853885510300 -4.697576694914463
-4.727799410929642 -4.694065715127358
-4.724744936348985 -4.690554766706415
-4.721690461768328 -4.687043849821304
-4.718635987187671 -4.683532964642571
-4.715581512607014 -4.680022111341647
-4.712527038026357 -4.676511290090851
-4.709472563445700 -4.673000501063390
-4.706418088865043 -4.669489744433372
-4.703363614284386 -4.665979020375804
-4.700309139703728 -4.662468329066595
-4.697254665123071 -4.658957670682566
-4.694200190542414 -4.655447045401451
-4.691145715961757 -4.651936453401901
-4.688091241381100 -4.648425894863491
-4.685036766800443 -4.644915369966721
-4.681982292219786 -4.641404878893026
-4.678927817639129 -4.637894421824773
-4.675873343058472 -4.634383998945271
-4.672818868477814 -4.630873610438774
-4.669764393897157 -4.627363256490487
-4.666709919316500 -4.623852937286566
-4.663655444735843 -4.620342653014129
-4.660600970155186 -4.616832403861256
-4.657546495574529 -4.613322190016994
-4.654492020993873 -4.609812011671368
-4.651437546413215 -4.606301869015371
-4.648383071832558 -4.602791762240988
-4.645328597251901 -4.599281691541182
-4.642274122671244 -4.595771657109918
-4.639219648090586 -4.592261659142146
-4.636165173509930 -4.588751697833826
-4.633110698929272 -4.585241773381919
-4.630056224348616 -4.581731885984402
-4.627001749767958 -4.578222035840260
-4.623947275187302 -4.574712223149508
-4.620892800606644 -4.571202448113175
-4.617838326025987 -4.567692710933333
-4.614783851445329 -4.564183011813078
-4.611729376864673 -4.560673350956558
-4.608674902284015 -4.557163728568954
-4.605620427703359 -4.553654144856506
-4.602565953122701 -4.550144600026505
-4.599511478542045 -4.546635094287309
-4.596457003961387 -4.543125627848328
-4.593402529380731 -4.539616200920059
-4.590348054800073 -4.536106813714061
-4.587293580219416 -4.532597466442982
-4.584239105638758 -4.529088159320553
-4.581184631058102 -4.525578892561597
-4.578130156477445 -4.522069666382032
-4.575075681896788 -4.518560480998880
-4.572021207316131 -4.515051336630266
-4.568966732735474 -4.511542233495430
-4.565912258154817 -4.508033171814730
-4.562857783574159 -4.504524151809644
-4.559803308993502 -4.501015173702779
-4.556748834412845 -4.497506237717879
-4.553694359832188 -4.493997344079819
-4.550639885251531 -4.490488493014626
-4.547585410670874 -4.486979684749472
-4.544530936090217 -4.483470919512687
-4.541476461509560 -4.479962197533757
-4.538421986928903 -4.476453519043338
-4.535367512348246 -4.472944884273258
-4.532313037767588 -4.469436293456519
-4.529258563186931 -4.465927746827308
-4.526204088606274 -4.462419244621000
-4.523149614025617 -4.458910787074160
-4.520095139444960 -4.455402374424559
-4.517040664864303 -4.451894006911170
-4.513986190283646 -4.448385684774173
-4.510931715702989 -4.444877408254973
-4.507877241122332 -4.441369177596189
-4.504822766541675 -4.437860993041674
-4.501768291961017 -4.434352854836510
-4.498713817380361 -4.430844763227024
-4.495659342799703 -4.427336718460782
-4.492604868219047 -4.423828720786608
-4.489550393638389 -4.420320770454575
-4.486495919057733 -4.416812867716031
-4.483441444477075 -4.413305012823579
-4.480386969896418 -4.409797206031110
-4.477332495315760 -4.406289447593783
-4.474278020735104 -4.402781737768059
-4.471223546154446 -4.399274076811675
-4.468169071573790 -4.395766464983685
-4.465114596993132 -4.392258902544430
-4.462060122412476 -4.388751389755577
-4.459005647831818 -4.385243926880102
-4.455951173251162 -4.381736514182307
-4.452896698670504 -4.378229151927822
-4.449842224089847 -4.374721840383619
-4.446787749509189 -4.371214579818000
-4.443733274928533 -4.367707370500630
-4.440678800347875 -4.364200212702515
-4.437624325767219 -4.360693106696033
-4.434569851186562 -4.357186052754921
-4.431515376605905 -4.353679051154295
-4.428460902025248 -4.350172102170647
-4.425406427444591 -4.346665206081859
-4.422351952863933 -4.343158363167202
-4.419297478283276 -4.339651573707351
-4.416243003702619 -4.336144837984382
-4.413188529121962 -4.332638156281787
-4.410134054541305 -4.329131528884473
-4.407079579960648 -4.325624956078777
-4.404025105379991 -4.322118438152464
-4.400970630799334 -4.318611975394741
-4.397916156218677 -4.315105568096254
-4.394861681638019 -4.311599216549110
-4.391807207057362 -4.308092921046867
-4.388752732476705 -4.304586681884555
-4.385698257896048 -4.301080499358665
-4.382643783315391 -4.297574373767182
-4.379589308734734 -4.294068305409564
-4.376534834154077 -4.290562294586767
-4.373480359573420 -4.287056341601248
-4.370425884992763 -4.283550446756967
-4.367371410412106 -4.280044610359397
-4.364316935831448 -4.276538832715532
-4.361262461250792 -4.273033114133895
-4.358207986670134 -4.269527454924541
-4.355153512089478 -4.266021855399068
-4.352099037508820 -4.262516315870617
-4.349044562928164 -4.259010836653895
-4.345990088347506 -4.255505418065155
-4.342935613766850 -4.252000060422239
-4.339881139186192 -4.248494764044548
-4.336826664605535 -4.244989529253081
-4.333772190024877 -4.241484356370417
-4.330717715444221 -4.237979245720741
-4.327663240863563 -4.234474197629839
-4.324608766282907 -4.230969212425116
-4.321554291702249 -4.227464290435588
-4.318499817121593 -4.223959431991909
-4.315445342540935 -4.220454637426359
-4.312390867960278 -4.216949907072867
-4.309336393379620 -4.213445241267008
-4.306281918798964 -4.209940640346019
-4.303227444218306 -4.206436104648796
-4.300172969637650 -4.202931634515914
-4.297118495056992 -4.199427230289621
-4.294064020476336 -4.195922892313861
-4.291009545895679 -4.192418620934266
-4.287955071315022 -4.188914416498174
-4.284900596734365 -4.185410279354635
-4.281846122153707 -4.181906209854416
-4.278791647573050 -4.178402208350009
-4.275737172992393 -4.174898275195643
-4.272682698411736 -4.171394410747288
-4.269628223831079 -4.167890615362660
-4.266573749250422 -4.164386889401238
-4.263519274669765 -4.160883233224263
-4.260464800089108 -4.157379647194750
-4.257410325508451 -4.153876131677496
-4.254355850927793 -4.150372687039087
-4.251301376347136 -4.146869313647905
-4.248246901766479 -4.143366011874139
-4.245192427185822 -4.139862782089795
-4.242137952605165 -4.136359624668692
-4.239083478024508 -4.132856539986486
-4.236029003443851 -4.129353528420667
-4.232974528863194 -4.125850590350575
-4.229920054282537 -4.122347726157402
-4.226865579701879 -4.118844936224201
-4.223811105121222 -4.115342220935901
-4.220756630540565 -4.111839580679304
-4.217702155959909 -4.108337015843107
-4.214647681379251 -4.104834526817895
-4.211593206798595 -4.101332113996165
-4.208538732217937 -4.097829777772322
-4.205484257637281 -4.094327518542696
-4.202429783056623 -4.090825336705542
-4.199375308475966 -4.087323232661062
-4.196320833895308 -4.083821206811397
-4.193266359314652 -4.080319259560648
-4.190211884733994 -4.076817391314879
-4.187157410153338 -4.073315602482129
-4.184102935572680 -4.069813893472418
-4.181048460992024 -4.066312264697755
-4.177993986411366 -4.062810716572150
-4.174939511830710 -4.059309249511623
-4.171885037250052 -4.055807863934207
-4.168830562669395 -4.052306560259965
-4.165776088088737 -4.048805338910991
-4.162721613508081 -4.045304200311430
-4.159667138927423 -4.041803144887470
-4.156612664346767 -4.038302173067370
-4.153558189766109 -4.034801285281452
-4.150503715185453 -4.031300481962127
-4.147449240604795 -4.027799763543884
-4.144394766024138 -4.024299130463323
-4.141340291443481 -4.020798583159141
-4.138285816862824 -4.017298122072157
-4.135231342282167 -4.013797747645313
-4.132176867701510 -4.010297460323691
-4.129122393120853 -4.006797260554513
-4.126067918540196 -4.003297148787156
-4.123013443959539 -3.999797125473162
-4.119958969378882 -3.996297191066244
-4.116904494798225 -3.992797346022298
-4.113850020217567 -3.989297590799413
-4.110795545636910 -3.985797925857875
-4.107741071056253 -3.982298351660184
-4.104686596475596 -3.978798868671062
-4.101632121894939 -3.975299477357458
-4.098577647314282 -3.971800178188561
-4.095523172733625 -3.968300971635811
-4.092468698152968 -3.964801858172905
-4.089414223572311 -3.961302838275810
-4.086359748991653 -3.957803912422773
-4.083305274410996 -3.954305081094327
-4.080250799830339 -3.950806344773305
-4.077196325249682 -3.947307703944848
-4.074141850669026 -3.943809159096415
-4.071087376088368 -3.940310710717791
-4.068032901507712 -3.936812359301106
-4.064978426927054 -3.933314105340829
-4.061923952346397 -3.929815949333797
-4.058869477765739 -3.926317891779205
-4.055815003185083 -3.922819933178638
-4.052760528604425 -3.919322074036059
-4.049706054023769 -3.915824314857839
-4.046651579443111 -3.912326656152751
-4.043597104862455 -3.908829098431994
-4.040542630281797 -3.905331642209191
-4.037488155701141 -3.901834288000411
-4.034433681120483 -3.898337036324168
-4.031379206539826 -3.894839887701444
-4.028324731959168 -3.891342842655684
-4.025270257378512 -3.887845901712824
-4.022215782797854 -3.884349065401285
-4.019161308217198 -3.880852334251998
-4.016106833636540 -3.877355708798400
-4.013052359055884 -3.873859189576463
-4.009997884475226 -3.870362777124683
-4.006943409894570 -3.866866471984112
-4.003888935313912 -3.863370274698351
-4.000834460733255 -3.859874185813575
-3.997779986152598 -3.856378205878530
-3.994725511571941 -3.852882335444558
-3.991671036991284 -3.849386575065597
-3.988616562410627 -3.845890925298200
-3.985562087829970 -3.842395386701537
-3.982507613249313 -3.838899959837416
-3.979453138668656 -3.835404645270286
-3.976398664087998 -3.831909443567254
-3.973344189507341 -3.828414355298091
-3.970289714926684 -3.824919381035246
-3.967235240346027 -3.821424521353858
-3.964180765765370 -3.817929776831766
-3.961126291184713 -3.814435148049520
-3.958071816604056 -3.810940635590391
-3.955017342023399 -3.807446240040386
-3.951962867442742 -3.803951961988259
-3.948908392862085 -3.800457802025518
-3.945853918281427 -3.796963760746439
-3.942799443700770 -3.793469838748082
-3.939744969120113 -3.789976036630293
-3.936690494539456 -3.786482354995725
-3.933636019958799 -3.782988794449845
-3.930581545378142 -3.779495355600945
-3.927527070797485 -3.776002039060156
-3.924472596216828 -3.772508845441457
-3.921418121636171 -3.769015775361693
-3.918363647055514 -3.765522829440576
-3.915309172474857 -3.762030008300711
-3.912254697894200 -3.758537312567590
-3.909200223313543 -3.755044742869624
-3.906145748732885 -3.751552299838140
-3.903091274152228 -3.748059984107398
-3.900036799571571 -3.744567796314604
-3.896982324990914 -3.741075737099921
-3.893927850410257 -3.737583807106481
-3.890873375829600 -3.734092006980397
-3.887818901248943 -3.730600337370778
-3.884764426668286 -3.727108798929737
-3.881709952087629 -3.723617392312404
-3.878655477506971 -3.720126118176940
-3.875601002926314 -3.716634977184552
-3.872546528345657 -3.713143969999499
-3.869492053765000 -3.709653097289107
-3.866437579184343 -3.706162359723784
-3.863383104603686 -3.702671757977033
-3.860328630023029 -3.699181292725456
-3.857274155442372 -3.695690964648776
-3.854219680861715 -3.692200774429849
-3.851165206281058 -3.688710722754669
-3.848110731700401 -3.685220810312390
-3.845056257119744 -3.681731037795332
-3.842001782539087 -3.678241405898998
-3.838947307958430 -3.674751915322082
-3.835892833377772 -3.671262566766489
-3.832838358797115 -3.667773360937343
-3.829783884216458 -3.664284298542997
-3.826729409635801 -3.660795380295054
-3.823674935055144 -3.657306606908377
-3.820620460474487 -3.653817979101095
-3.817565985893830 -3.650329497594625
-3.814511511313173 -3.646841163113685
-3.811457036732516 -3.643352976386301
-3.808402562151858 -3.639864938143823
-3.805348087571201 -3.636377049120941
-3.802293612990544 -3.632889310055695
-3.799239138409887 -3.629401721689489
-3.796184663829230 -3.625914284767105
-3.793130189248573 -3.622427000036716
-3.790075714667916 -3.618939868249902
-3.787021240087259 -3.615452890161657
-3.783966765506602 -3.611966066530409
-3.780912290925945 -3.608479398118033
-3.777857816345288 -3.604992885689858
-3.774803341764631 -3.601506530014689
-3.771748867183974 -3.598020331864817
-3.768694392603317 -3.594534292016031
-3.765639918022659 -3.591048411247637
-3.762585443442002 -3.587562690342465
-3.759530968861345 -3.584077130086888
-3.756476494280688 -3.580591731270833
-3.753422019700031 -3.577106494687799
-3.750367545119374 -3.573621421134866
-3.747313070538717 -3.570136511412709
-3.744258595958060 -3.566651766325619
-3.741204121377403 -3.563167186681509
-3.738149646796745 -3.559682773291931
-3.735095172216088 -3.556198526972093
-3.732040697635431 -3.552714448540869
-3.728986223054774 -3.549230538820814
-3.725931748474117 -3.545746798638183
-3.722877273893460 -3.542263228822936
-3.719822799312803 -3.538779830208765
-3.716768324732146 -3.535296603633093
-3.713713850151489 -3.531813549937105
-3.710659375570831 -3.528330669965749
-3.707604900990175 -3.524847964567758
-3.704550426409518 -3.521365434595661
-3.701495951828861 -3.517883080905799
-3.698441477248203 -3.514400904358342
-3.695387002667546 -3.510918905817298
-3.692332528086889 -3.507437086150533
-3.689278053506232 -3.503955446229785
-3.686223578925575 -3.500473986930673
-3.683169104344918 -3.496992709132721
-3.680114629764261 -3.493511613719366
-3.677060155183604 -3.490030701577976
-3.674005680602947 -3.486549973599863
-3.670951206022290 -3.483069430680302
-3.667896731441632 -3.479589073718538
-3.664842256860975 -3.476108903617813
-3.661787782280318 -3.472628921285367
-3.658733307699661 -3.469149127632467
-3.655678833119004 -3.465669523574412
-3.652624358538347 -3.462190110030553
-3.649569883957690 -3.458710887924307
-3.646515409377033 -3.455231858183173
-3.643460934796376 -3.451753021738745
-3.640406460215718 -3.448274379526732
-3.637351985635062 -3.444795932486969
-3.634297511054405 -3.441317681563435
-3.631243036473748 -3.437839627704266
-3.628188561893090 -3.434361771861773
-3.625134087312433 -3.430884114992458
-3.622079612731776 -3.427406658057027
-3.619025138151119 -3.423929402020408
-3.615970663570462 -3.420452347851764
-3.612916188989805 -3.416975496524512
-3.609861714409148 -3.413498849016337
-3.606807239828491 -3.410022406309208
-3.603752765247834 -3.406546169389393
-3.600698290667177 -3.403070139247478
-3.597643816086520 -3.399594316878376
-3.594589341505863 -3.396118703281356
-3.591534866925206 -3.392643299460041
-3.588480392344549 -3.389168106422440
-3.585425917763891 -3.385693125180956
-3.582371443183234 -3.382218356752405
-3.579316968602577 -3.378743802158029
-3.576262494021920 -3.375269462423514
-3.573208019441263 -3.371795338579012
-3.570153544860606 -3.368321431659143
-3.567099070279949 -3.364847742703028
-3.564044595699292 -3.361374272754293
-3.560990121118635 -3.357901022861089
-3.557935646537977 -3.354427994076114
-3.554881171957320 -3.350955187456620
-3.551826697376663 -3.347482604064437
-3.548772222796006 -3.344010244965984
-3.545717748215349 -3.340538111232292
-3.542663273634692 -3.337066203939014
-3.539608799054035 -3.333594524166444
-3.536554324473378 -3.330123072999537
-3.533499849892721 -3.326651851527920
-3.530445375312063 -3.323180860845914
-3.527390900731406 -3.319710102052547
-3.524336426150749 -3.316239576251574
-3.521281951570092 -3.312769284551487
-3.518227476989435 -3.309299228065544
-3.515173002408778 -3.305829407911775
-3.512118527828121 -3.302359825213003
-3.509064053247464 -3.298890481096862
-3.506009578666807 -3.295421376695812
-3.502955104086150 -3.291952513147160
-3.499900629505492 -3.288483891593068
-3.496846154924835 -3.285015513180580
-3.493791680344178 -3.281547379061638
-3.490737205763521 -3.278079490393094
-3.487682731182864 -3.274611848336727
-3.484628256602207 -3.271144454059269
-3.481573782021550 -3.267677308732413
-3.478519307440893 -3.264210413532833
-3.475464832860236 -3.260743769642206
-3.472410358279578 -3.257277378247223
-3.469355883698921 -3.253811240539610
-3.466301409118264 -3.250345357716144
-3.463246934537607 -3.246879730978671
-3.460192459956950 -3.243414361534125
-3.457137985376293 -3.239949250594544
-3.454083510795637 -3.236484399377089
-3.451029036214980 -3.233019809104056
-3.447974561634322 -3.229555481002904
-3.444920087053665 -3.226091416306263
-3.441865612473008 -3.222627616251959
-3.438811137892351 -3.219164082083027
-3.435756663311694 -3.215700815047729
-3.432702188731037 -3.212237816399575
-3.429647714150380 -3.208775087397341
-3.426593239569723 -3.205312629305081
-3.423538764989066 -3.201850443392153
-3.420484290408409 -3.198388530933229
-3.417429815827751 -3.194926893208320
-3.414375341247094 -3.191465531502790
-3.411320866666437 -3.188004447107377
-3.408266392085780 -3.184543641318206
-3.405211917505123 -3.181083115436812
-3.402157442924466 -3.177622870770159
-3.399102968343809 -3.174162908630651
-3.396048493763152 -3.170703230336160
-3.392994019182495 -3.167243837210035
-3.389939544601837 -3.163784730581128
-3.386885070021180 -3.160325911783807
-3.383830595440523 -3.156867382157976
-3.380776120859866 -3.153409143049096
-3.377721646279209 -3.149951195808200
-3.374667171698552 -3.146493541791910
-3.371612697117895 -3.143036182362460
-3.368558222537238 -3.139579118887714
-3.365503747956581 -3.136122352741183
-3.362449273375923 -3.132665885302039
-3.359394798795266 -3.129209717955142
-3.356340324214609 -3.125753852091056
-3.353285849633952 -3.122298289106062
-3.350231375053295 -3.118843030402186
-3.347176900472638 -3.115388077387208
-3.344122425891981 -3.111933431474690
-3.341067951311324 -3.108479094083986
-3.338013476730667 -3.105025066640268
-3.334959002150010 -3.101571350574542
-3.331904527569352 -3.098117947323663
-3.328850052988695 -3.094664858330362
-3.325795578408038 -3.091212085043257
-3.322741103827381 -3.087759628916876
-3.319686629246724 -3.084307491411679
-3.316632154666067 -3.080855673994066
-3.313577680085410 -3.077404178136409
-3.310523205504753 -3.073953005317062
-3.307468730924096 -3.070502157020386
-3.304414256343439 -3.067051634736761
-3.301359781762782 -3.063601439962613
-3.298305307182125 -3.060151574200427
-3.295250832601468 -3.056702038958770
-3.292196358020811 -3.053252835752307
-3.289141883440154 -3.049803966101824
-3.286087408859497 -3.046355431534243
-3.283032934278840 -3.042907233582643
-3.279978459698182 -3.039459373786281
-3.276923985117525 -3.036011853690609
-3.273869510536868 -3.032564674847293
-3.270815035956211 -3.029117838814233
-3.267760561375554 -3.025671347155583
-3.264706086794897 -3.022225201441772
-3.261651612214240 -3.018779403249518
-3.258597137633583 -3.015333954161851
-3.255542663052926 -3.011888855768132
-3.252488188472269 -3.008444109664075
-3.249433713891611 -3.004999717451759
-3.246379239310954 -3.001555680739657
-3.243324764730297 -2.998112001142647
-3.240270290149640 -2.994668680282037
-3.237215815568983 -2.991225719785580
-3.234161340988326 -2.987783121287501
-3.231106866407669 -2.984340886428507
-3.228052391827012 -2.980899016855814
-3.224997917246355 -2.977457514223160
-3.221943442665697 -2.974016380190834
-3.218888968085040 -2.970575616425685
-3.215834493504383 -2.967135224601149
-3.212780018923726 -2.963695206397265
-3.209725544343069 -2.960255563500696
-3.206671069762412 -2.956816297604750
-3.203616595181755 -2.953377410409394
-3.200562120601098 -2.949938903621282
-3.197507646020441 -2.946500778953769
-3.194453171439783 -2.943063038126931
-3.191398696859126 -2.939625682867586
-3.188344222278469 -2.936188714909316
-3.185289747697812 -2.932752135992482
-3.182235273117155 -2.929315947864245
-3.179180798536498 -2.925880152278589
-3.176126323955841 -2.922444750996338
-3.173071849375184 -2.919009745785175
-3.170017374794527 -2.915575138419665
-3.166962900213870 -2.912140930681272
-3.163908425633213 -2.908707124358381
-3.160853951052556 -2.905273721246312
-3.157799476471899 -2.901840723147348
-3.154745001891242 -2.898408131870752
-3.151690527310585 -2.894975949232783
-3.148636052729928 -2.891544177056721
-3.145581578149271 -2.888112817172883
-3.142527103568614 -2.884681871418645
-3.139472628987956 -2.881251341638463
-3.136418154407299 -2.877821229683887
-3.133363679826642 -2.874391537413590
-3.130309205245985 -2.870962266693379
-3.127254730665328 -2.867533419396222
-3.124200256084671 -2.864104997402260
-3.121145781504014 -2.860677002598837
-3.118091306923357 -2.857249436880510
-3.115036832342700 -2.853822302149075
-3.111982357762042 -2.850395600313585
-3.108927883181385 -2.846969333290370
-3.105873408600728 -2.843543503003057
-3.102818934020071 -2.840118111382590
-3.099764459439414 -2.836693160367247
-3.096709984858757 -2.833268651902666
-3.093655510278100 -2.829844587941858
-3.090601035697443 -2.826420970445235
-3.087546561116786 -2.822997801380620
-3.084492086536128 -2.819575082723274
-3.081437611955471 -2.816152816455914
-3.078383137374814 -2.812731004568733
-3.075328662794157 -2.809309649059418
-3.072274188213500 -2.805888751933172
-3.069219713632843 -2.802468315202735
-3.066165239052186 -2.799048340888398
-3.063110764471529 -2.795628831018031
-3.060056289890872 -2.792209787627095
-3.057001815310215 -2.788791212758669
-3.053947340729557 -2.785373108463463
-3.050892866148900 -2.781955476799844
-3.047838391568243 -2.778538319833849
-3.044783916987586 -2.775121639639213
-3.041729442406929 -2.771705438297380
-3.038674967826272 -2.768289717897532
-3.035620493245615 -2.764874480536599
-3.032566018664958 -2.761459728319286
-3.029511544084301 -2.758045463358090
-3.026457069503643 -2.754631687773319
-3.023402594922986 -2.751218403693115
-3.020348120342329 -2.747805613253469
-3.017293645761673 -2.744393318598244
-3.014239171181016 -2.740981521879193
-3.011184696600359 -2.737570225255979
-3.008130222019702 -2.734159430896196
-3.005075747439045 -2.730749140975386
-3.002021272858387 -2.727339357677061
-2.998966798277730 -2.723930083192723
-2.995912323697073 -2.720521319721877
-2.992857849116416 -2.717113069472061
-2.989803374535759 -2.713705334658858
-2.986748899955102 -2.710298117505917
-2.983694425374445 -2.706891420244973
-2.980639950793788 -2.703485245115868
-2.977585476213131 -2.700079594366566
-2.974531001632474 -2.696674470253178
-2.971476527051816 -2.693269875039976
-2.968422052471159 -2.689865810999418
-2.965367577890502 -2.686462280412160
-2.962313103309845 -2.683059285567084
-2.959258628729188 -2.679656828761309
-2.956204154148531 -2.676254912300216
-2.953149679567874 -2.672853538497464
-2.950095204987217 -2.669452709675010
-2.947040730406560 -2.666052428163130
-2.943986255825902 -2.662652696300436
-2.940931781245245 -2.659253516433894
-2.937877306664588 -2.655854890918846
-2.934822832083931 -2.652456822119027
-2.931768357503274 -2.649059312406585
-2.928713882922617 -2.645662364162100
-2.925659408341960 -2.642265979774601
-2.922604933761303 -2.638870161641587
-2.919550459180646 -2.635474912169046
-2.916495984599988 -2.632080233771473
-2.913441510019331 -2.628686128871887
-2.910387035438674 -2.625292599901851
-2.907332560858017 -2.621899649301495
-2.904278086277360 -2.618507279519526
-2.901223611696703 -2.615115493013255
-2.898169137116046 -2.611724292248610
-2.895114662535389 -2.608333679700157
-2.892060187954732 -2.604943657851117
-2.889005713374075 -2.601554229193388
-2.885951238793417 -2.598165396227557
-2.882896764212760 -2.594777161462926
-2.879842289632103 -2.591389527417522
-2.876787815051446 -2.588002496618126
-2.873733340470790 -2.584616071600278
-2.870678865890133 -2.581230254908305
-2.867624391309476 -2.577845049095337
-2.864569916728819 -2.574460456723322
-2.861515442148161 -2.571076480363050
-2.858460967567504 -2.567693122594163
-2.855406492986847 -2.564310386005181
-2.852352018406190 -2.560928273193510
-2.849297543825533 -2.557546786765474
-2.846243069244876 -2.554165929336316
-2.843188594664219 -2.550785703530230
-2.840134120083562 -2.547406111980372
-2.837079645502905 -2.544027157328876
-2.834025170922247 -2.540648842226875
-2.830970696341590 -2.537271169334520
-2.827916221760933 -2.533894141320991
-2.824861747180276 -2.530517760864520
-2.821807272599619 -2.527142030652406
-2.818752798018962 -2.523766953381034
-2.815698323438305 -2.520392531755888
-2.812643848857648 -2.517018768491575
-2.809589374276991 -2.513645666311832
-2.806534899696334 -2.510273227949556
-2.803480425115676 -2.506901456146808
-2.800425950535019 -2.503530353654840
-2.797371475954362 -2.500159923234104
-2.794317001373705 -2.496790167654274
-2.791262526793048 -2.493421089694261
-2.788208052212391 -2.490052692142227
-2.785153577631734 -2.486684977795607
-2.782099103051077 -2.483317949461120
-2.779044628470420 -2.479951609954788
-2.775990153889762 -2.476585962101953
-2.772935679309105 -2.473221008737291
-2.769881204728448 -2.469856752704828
-2.766826730147791 -2.466493196857960
-2.763772255567134 -2.463130344059465
-2.760717780986477 -2.459768197181518
-2.757663306405820 -2.456406759105711
-2.754608831825163 -2.453046032723067
-2.751554357244506 -2.449686020934053
-2.748499882663848 -2.446326726648599
-2.745445408083191 -2.442968152786114
-2.742390933502534 -2.439610302275496
-2.739336458921877 -2.436253178055154
-2.736281984341220 -2.432896783073019
-2.733227509760563 -2.429541120286560
-2.730173035179906 -2.426186192662799
-2.727118560599250 -2.422832003178329
-2.724064086018593 -2.419478554819322
-2.721009611437935 -2.416125850581550
-2.717955136857278 -2.412773893470399
-2.714900662276621 -2.409422686500880
-2.711846187695964 -2.406072232697648
-2.708791713115307 -2.402722535095010
-2.705737238534650 -2.399373596736949
-2.702682763953993 -2.396025420677128
-2.699628289373336 -2.392678009978910
-2.696573814792679 -2.389331367715373
-2.693519340212021 -2.385985496969318
-2.690464865631364 -2.382640400833290
-2.687410391050707 -2.379296082409585
-2.684355916470050 -2.375952544810268
-2.681301441889393 -2.372609791157186
-2.678246967308736 -2.369267824581981
-2.675192492728079 -2.365926648226100
-2.672138018147422 -2.362586265240814
-2.669083543566765 -2.359246678787228
-2.666029068986107 -2.355907892036292
-2.662974594405450 -2.352569908168819
-2.659920119824793 -2.349232730375491
-2.656865645244136 -2.345896361856879
-2.653811170663479 -2.342560805823451
-2.650756696082822 -2.339226065495582
-2.647702221502165 -2.335892144103574
-2.644647746921508 -2.332559044887662
-2.641593272340851 -2.329226771098026
-2.638538797760194 -2.325895325994807
-2.635484323179536 -2.322564712848116
-2.632429848598879 -2.319234934938046
-2.629375374018222 -2.315905995554683
-2.626320899437565 -2.312577897998118
-2.623266424856908 -2.309250645578460
-2.620211950276251 -2.305924241615844
-2.617157475695594 -2.302598689440445
-2.614103001114937 -2.299273992392488
-2.611048526534280 -2.295950153822256
-2.607994051953622 -2.292627177090105
-2.604939577372965 -2.289305065566474
-2.601885102792308 -2.285983822631889
-2.598830628211651 -2.282663451676984
-2.595776153630994 -2.279343956102503
-2.592721679050337 -2.276025339319312
-2.589667204469680 -2.272707604748410
-2.586612729889023 -2.269390755820938
-2.583558255308366 -2.266074795978188
-2.580503780727709 -2.262759728671616
-2.577449306147052 -2.259445557362843
-2.574394831566395 -2.256132285523674
-2.571340356985738 -2.252819916636100
-2.568285882405081 -2.249508454192311
-2.565231407824424 -2.246197901694704
-2.562176933243767 -2.242888262655888
-2.559122458663110 -2.239579540598697
-2.556067984082453 -2.236271739056195
-2.553013509501795 -2.232964861571689
-2.549959034921138 -2.229658911698728
-2.546904560340481 -2.226353893001122
-2.543850085759824 -2.223049809052938
-2.540795611179167 -2.219746663438520
-2.537741136598510 -2.216444459752485
-2.534686662017853 -2.213143201599738
-2.531632187437196 -2.209842892595473
-2.528577712856539 -2.206543536365187
-2.525523238275881 -2.203245136544678
-2.522468763695224 -2.199947696780059
-2.519414289114567 -2.196651220727763
-2.516359814533910 -2.193355712054544
-2.513305339953253 -2.190061174437490
-2.510250865372596 -2.186767611564023
-2.507196390791939 -2.183475027131910
-2.504141916211282 -2.180183424849264
-2.501087441630625 -2.176892808434552
-2.498032967049967 -2.173603181616601
-2.494978492469310 -2.170314548134598
-2.491924017888653 -2.167026911738102
-2.488869543307996 -2.163740276187043
-2.485815068727339 -2.160454645251729
-2.482760594146682 -2.157170022712849
-2.479706119566025 -2.153886412361479
-2.476651644985368 -2.150603817999086
-2.473597170404711 -2.147322243437527
-2.470542695824054 -2.144041692499059
-2.467488221243396 -2.140762169016339
-2.464433746662739 -2.137483676832429
-2.461379272082082 -2.134206219800795
-2.458324797501425 -2.130929801785314
-2.455270322920768 -2.127654426660277
-2.452215848340111 -2.124380098310386
-2.449161373759454 -2.121106820630763
-2.446106899178797 -2.117834597526948
-2.443052424598140 -2.114563432914902
-2.439997950017482 -2.111293330721007
-2.436943475436826 -2.108024294882072
-2.433889000856169 -2.104756329345329
-2.430834526275512 -2.101489438068435
-2.427780051694855 -2.098223625019478
-2.424725577114198 -2.094958894176969
-2.421671102533541 -2.091695249529852
-2.418616627952884 -2.088432695077495
-2.415562153372226 -2.085171234829700
-2.412507678791569 -2.081910872806690
-2.409453204210912 -2.078651613039121
-2.406398729630255 -2.075393459568077
-2.403344255049598 -2.072136416445064
-2.400289780468941 -2.068880487732017
-2.397235305888284 -2.065625677501294
-2.394180831307627 -2.062371989835675
-2.391126356726970 -2.059119428828364
-2.388071882146312 -2.055867998582980
-2.385017407565655 -2.052617703213562
-2.381962932984998 -2.049368546844561
-2.378908458404341 -2.046120533610845
-2.375853983823684 -2.042873667657686
-2.372799509243027 -2.039627953140764
-2.369745034662370 -2.036383394226164
-2.366690560081713 -2.033139995090369
-2.363636085501056 -2.029897759920256
-2.360581610920399 -2.026656692913098
-2.357527136339741 -2.023416798276551
-2.354472661759084 -2.020178080228660
-2.351418187178427 -2.016940542997844
-2.348363712597770 -2.013704190822897
-2.345309238017113 -2.010469027952984
-2.342254763436456 -2.007235058647630
-2.339200288855799 -2.004002287176719
-2.336145814275142 -2.000770717820488
-2.333091339694485 -1.997540354869520
-2.330036865113827 -1.994311202624735
-2.326982390533170 -1.991083265397389
-2.323927915952513 -1.987856547509062
-2.320873441371856 -1.984631053291654
-2.317818966791199 -1.981406787087375
-2.314764492210542 -1.978183753248744
-2.311710017629885 -1.974961956138571
-2.308655543049228 -1.971741400129956
-2.305601068468571 -1.968522089606279
-2.302546593887913 -1.965304028961194
-2.299492119307256 -1.962087222598614
-2.296437644726599 -1.958871674932706
-2.293383170145942 -1.955657390387882
-2.290328695565286 -1.952444373398790
-2.287274220984629 -1.949232628410297
-2.284219746403972 -1.946022159877491
-2.281165271823315 -1.942812972265660
-2.278110797242658 -1.939605070050286
-2.275056322662000 -1.936398457717035
-2.272001848081343 -1.933193139761741
-2.268947373500686 -1.929989120690401
-2.265892898920029 -1.926786405019157
-2.262838424339372 -1.923584997274288
-2.259783949758715 -1.920384901992197
-2.256729475178058 -1.917186123719397
-2.253675000597401 -1.913988667012500
-2.250620526016744 -1.910792536438202
-2.247566051436086 -1.907597736573269
-2.244511576855429 -1.904404272004530
-2.241457102274772 -1.901212147328851
-2.238402627694115 -1.898021367153131
-2.235348153113458 -1.894831936094285
-2.232293678532801 -1.891643858779226
-2.229239203952144 -1.888457139844851
-2.226184729371487 -1.885271783938030
-2.223130254790830 -1.882087795715584
-2.220075780210172 -1.878905179844273
-2.217021305629515 -1.875723941000777
-2.213966831048858 -1.872544083871682
-2.210912356468201 -1.869365613153462
-2.207857881887544 -1.866188533552463
-2.204803407306887 -1.863012849784881
-2.201748932726230 -1.859838566576750
-2.198694458145573 -1.856665688663922
-2.195639983564916 -1.853494220792046
-2.192585508984259 -1.850324167716553
-2.189531034403601 -1.847155534202634
-2.186476559822944 -1.843988325025224
-2.183422085242287 -1.840822544968979
-2.180367610661630 -1.837658198828259
-2.177313136080973 -1.834495291407102
-2.174258661500316 -1.831333827519215
-2.171204186919659 -1.828173811987940
-2.168149712339002 -1.825015249646241
-2.165095237758345 -1.821858145336682
-2.162040763177687 -1.818702503911400
-2.158986288597030 -1.815548330232089
-2.155931814016373 -1.812395629169975
-2.152877339435716 -1.809244405605792
-2.149822864855059 -1.806094664429763
-2.146768390274402 -1.802946410541569
-2.143713915693746 -1.799799648850337
-2.140659441113089 -1.796654384274602
-2.137604966532431 -1.793510621742294
-2.134550491951774 -1.790368366190709
-2.131496017371117 -1.787227622566483
-2.128441542790460 -1.784088395825569
-2.125387068209803 -1.780950690933210
-2.122332593629146 -1.777814512863911
-2.119278119048489 -1.774679866601418
-2.116223644467832 -1.771546757138687
-2.113169169887175 -1.768415189477857
-2.110114695306518 -1.765285168630227
-2.107060220725860 -1.762156699616221
-2.104005746145203 -1.759029787465369
-2.100951271564546 -1.755904437216269
-2.097896796983889 -1.752780653916568
-2.094842322403232 -1.749658442622925
-2.091787847822575 -1.746537808400987
-2.088733373241918 -1.743418756325356
-2.085678898661261 -1.740301291479560
-2.082624424080604 -1.737185418956025
-2.079569949499946 -1.734071143856039
-2.076515474919289 -1.730958471289726
-2.073461000338632 -1.727847406376013
-2.070406525757975 -1.724737954242595
-2.067352051177318 -1.721630120025911
-2.064297576596661 -1.718523908871100
-2.061243102016004 -1.715419325931979
-2.058188627435347 -1.712316376371004
-2.055134152854690 -1.709215065359237
-2.052079678274032 -1.706115398076314
-2.049025203693375 -1.703017379710409
-2.045970729112718 -1.699921015458200
-2.042916254532061 -1.696826310524835
-2.039861779951404 -1.693733270123894
-2.036807305370747 -1.690641899477358
-2.033752830790090 -1.687552203815566
-2.030698356209433 -1.684464188377188
-2.027643881628776 -1.681377858409178
-2.024589407048119 -1.678293219166745
-2.021534932467461 -1.675210275913311
-2.018480457886804 -1.672129033920476
-2.015425983306147 -1.669049498467976
-2.012371508725490 -1.665971674843648
-2.009317034144833 -1.662895568343392
-2.006262559564176 -1.659821184271126
-2.003208084983519 -1.656748527938751
-2.000153610402863 -1.653677604666112
-1.997099135822205 -1.650608419780952
-1.994044661241548 -1.647540978618877
-1.990990186660891 -1.644475286523312
-1.987935712080234 -1.641411348845458
-1.984881237499577 -1.638349170944256
-1.981826762918920 -1.635288758186338
-1.978772288338263 -1.632230115945986
-1.975717813757606 -1.629173249605093
-1.972663339176949 -1.626118164553114
-1.969608864596291 -1.623064866187028
-1.966554390015634 -1.620013359911287
-1.963499915434977 -1.616963651137778
-1.960445440854320 -1.613915745285774
-1.957390966273663 -1.610869647781890
-1.954336491693006 -1.607825364060037
-1.951282017112349 -1.604782899561378
-1.948227542531692 -1.601742259734277
-1.945173067951035 -1.598703450034257
-1.942118593370378 -1.595666475923949
-1.939064118789720 -1.592631342873049
-1.936009644209063 -1.589598056358263
-1.932955169628406 -1.586566621863267
-1.929900695047749 -1.583537044878651
-1.926846220467092 -1.580509330901874
-1.923791745886435 -1.577483485437213
-1.920737271305778 -1.574459513995714
-1.917682796725121 -1.571437422095141
-1.914628322144464 -1.568417215259926
-1.911573847563806 -1.565398899021115
-1.908519372983149 -1.562382478916323
-1.905464898402492 -1.559367960489673
-1.902410423821835 -1.556355349291753
-1.899355949241178 -1.553344650879558
-1.896301474660521 -1.550335870816437
-1.893247000079864 -1.547329014672042
-1.890192525499207 -1.544324088022273
-1.887138050918550 -1.541321096449223
-1.884083576337892 -1.538320045541124
-1.881029101757235 -1.535320940892293
-1.877974627176578 -1.532323788103076
-1.874920152595921 -1.529328592779791
-1.871865678015264 -1.526335360534672
-1.868811203434607 -1.523344096985817
-1.865756728853950 -1.520354807757123
-1.862702254273293 -1.517367498478235
-1.859647779692636 -1.514382174784487
-1.856593305111979 -1.511398842316842
-1.853538830531322 -1.508417506721835
-1.850484355950665 -1.505438173651512
-1.847429881370008 -1.502460848763374
-1.844375406789351 -1.499485537720316
-1.841320932208694 -1.496512246190566
-1.838266457628037 -1.493540979847624
-1.835211983047380 -1.490571744370204
-1.832157508466723 -1.487604545442168
-1.829103033886065 -1.484639388752468
-1.826048559305408 -1.481676279995087
-1.822994084724751 -1.478715224868965
-1.819939610144094 -1.475756229077951
-1.816885135563437 -1.472799298330726
-1.813830660982780 -1.469844438340750
-1.810776186402123 -1.466891654826192
-1.807721711821466 -1.463940953509866
-1.804667237240809 -1.460992340119169
-1.801612762660151 -1.458045820386013
-1.798558288079494 -1.455101400046761
-1.795503813498837 -1.452159084842158
-1.792449338918180 -1.449218880517269
-1.789394864337523 -1.446280792821410
-1.786340389756866 -1.443344827508078
-1.783285915176209 -1.440410990334889
-1.780231440595552 -1.437479287063506
-1.777176966014895 -1.434549723459571
-1.774122491434238 -1.431622305292635
-1.771068016853580 -1.428697038336094
-1.768013542272923 -1.425773928367115
-1.764959067692266 -1.422852981166565
-1.761904593111609 -1.419934202518943
-1.758850118530952 -1.417017598212309
-1.755795643950295 -1.414103174038215
-1.752741169369638 -1.411190935791625
-1.749686694788981 -1.408280889270854
-1.746632220208324 -1.405373040277490
-1.743577745627666 -1.402467394616318
-1.740523271047009 -1.399563958095255
-1.737468796466352 -1.396662736525270
-1.734414321885695 -1.393763735720312
-1.731359847305038 -1.390866961497236
-1.728305372724381 -1.387972419675729
-1.725250898143724 -1.385080116078234
-1.722196423563067 -1.382190056529872
-1.719141948982410 -1.379302246858372
-1.716087474401752 -1.376416692893990
-1.713032999821095 -1.373533400469434
-1.709978525240439 -1.370652375419787
-1.706924050659782 -1.367773623582426
-1.703869576079125 -1.364897150796953
-1.700815101498468 -1.362022962905109
-1.697760626917811 -1.359151065750695
-1.694706152337154 -1.356281465179501
-1.691651677756496 -1.353414167039217
-1.688597203175839 -1.350549177179361
-1.685542728595182 -1.347686501451194
-1.682488254014525 -1.344826145707641
-1.679433779433868 -1.341968115803212
-1.676379304853211 -1.339112417593918
-1.673324830272554 -1.336259056937191
-1.670270355691897 -1.333408039691801
-1.667215881111240 -1.330559371717775
-1.664161406530583 -1.327713058876315
-1.661106931949925 -1.324869107029709
-1.658052457369268 -1.322027522041257
-1.654997982788611 -1.319188309775180
-1.651943508207954 -1.316351476096537
-1.648889033627297 -1.313517026871143
-1.645834559046640 -1.310684967965483
-1.642780084465983 -1.307855305246624
-1.639725609885326 -1.305028044582134
-1.636671135304669 -1.302203191839991
-1.633616660724011 -1.299380752888502
-1.630562186143354 -1.296560733596211
-1.627507711562697 -1.293743139831815
-1.624453236982040 -1.290927977464076
-1.621398762401383 -1.288115252361733
-1.618344287820726 -1.285304970393414
-1.615289813240069 -1.282497137427546
-1.612235338659412 -1.279691759332270
-1.609180864078755 -1.276888841975346
-1.606126389498097 -1.274088391224069
-1.603071914917440 -1.271290412945176
-1.600017440336783 -1.268494913004754
-1.596962965756126 -1.265701897268156
-1.593908491175469 -1.262911371599902
-1.590854016594812 -1.260123341863593
-1.587799542014155 -1.257337813921818
-1.584745067433498 -1.254554793636061
-1.581690592852841 -1.251774286866611
-1.578636118272184 -1.248996299472464
-1.575581643691526 -1.246220837311237
-1.572527169110869 -1.243447906239072
-1.569472694530212 -1.240677512110538
-1.566418219949555 -1.237909660778545
-1.563363745368899 -1.235144358094243
-1.560309270788242 -1.232381609906928
-1.557254796207585 -1.229621422063953
-1.554200321626928 -1.226863800410624
-1.551145847046270 -1.224108750790112
-1.548091372465613 -1.221356279043353
-1.545036897884956 -1.218606391008952
-1.541982423304299 -1.215859092523088
-1.538927948723642 -1.213114389419414
-1.535873474142985 -1.210372287528964
-1.532818999562328 -1.207632792680053
-1.529764524981671 -1.204895910698179
-1.526710050401014 -1.202161647405925
-1.523655575820356 -1.199430008622863
-1.520601101239699 -1.196701000165451
-1.517546626659042 -1.193974627846937
-1.514492152078385 -1.191250897477260
-1.511437677497728 -1.188529814862948
-1.508383202917071 -1.185811385807019
-1.505328728336414 -1.183095616108884
-1.502274253755757 -1.180382511564239
-1.499219779175100 -1.177672077964973
-1.496165304594443 -1.174964321099062
-1.493110830013785 -1.172259246750466
-1.490056355433128 -1.169556860699033
-1.487001880852471 -1.166857168720393
-1.483947406271814 -1.164160176585855
-1.480892931691157 -1.161465890062309
-1.477838457110500 -1.158774314912119
-1.474783982529843 -1.156085456893021
-1.471729507949186 -1.153399321758023
-1.468675033368529 -1.150715915255297
-1.465620558787871 -1.148035243128077
-1.462566084207214 -1.145357311114555
-1.459511609626557 -1.142682124947779
-1.456457135045900 -1.140009690355541
-1.453402660465243 -1.137340013060285
-1.450348185884586 -1.134673098778988
-1.447293711303929 -1.132008953223064
-1.444239236723272 -1.129347582098256
-1.441184762142615 -1.126688991104528
-1.438130287561957 -1.124033185935963
-1.435075812981300 -1.121380172280652
-1.432021338400643 -1.118729955820594
-1.428966863819986 -1.116082542231583
-1.425912389239329 -1.113437937183102
-1.422857914658672 -1.110796146338222
-1.419803440078015 -1.108157175353486
-1.416748965497359 -1.105521029878810
-1.413694490916702 -1.102887715557365
-1.410640016336044 -1.100257238025479
-1.407585541755387 -1.097629602912524
-1.404531067174730 -1.095004815840807
-1.401476592594073 -1.092382882425464
-1.398422118013416 -1.089763808274350
-1.395367643432759 -1.087147598987928
-1.392313168852102 -1.084534260159164
-1.389258694271445 -1.081923797373413
-1.386204219690788 -1.079316216208313
-1.383149745110130 -1.076711522233675
-1.380095270529473 -1.074109721011369
-1.377040795948816 -1.071510818095220
-1.373986321368159 -1.068914819030893
-1.370931846787502 -1.066321729355787
-1.367877372206845 -1.063731554598916
-1.364822897626188 -1.061144300280811
-1.361768423045531 -1.058559971913396
-1.358713948464874 -1.055978574999886
-1.355659473884216 -1.053400115034672
-1.352604999303559 -1.050824597503211
-1.349550524722902 -1.048252027881912
-1.346496050142245 -1.045682411638028
-1.343441575561588 -1.043115754229540
-1.340387100980931 -1.040552061105050
-1.337332626400274 -1.037991337703665
-1.334278151819617 -1.035433589454885
-1.331223677238960 -1.032878821778493
-1.328169202658303 -1.030327040084441
-1.325114728077645 -1.027778249772738
-1.322060253496988 -1.025232456233336
-1.319005778916331 -1.022689664846019
-1.315951304335674 -1.020149880980288
-1.312896829755017 -1.017613109995253
-1.309842355174360 -1.015079357239511
-1.306787880593703 -1.012548628051042
-1.303733406013046 -1.010020927757089
-1.300678931432389 -1.007496261674050
-1.297624456851731 -1.004974635107359
-1.294569982271074 -1.002456053351378
-1.291515507690417 -0.999940521689279
-1.288461033109760 -0.997428045392933
-1.285406558529103 -0.994918629722794
-1.282352083948446 -0.992412279927786
-1.279297609367789 -0.989909001245193
-1.276243134787132 -0.987408798900538
-1.273188660206475 -0.984911678107474
-1.270134185625818 -0.982417644067669
-1.267079711045161 -0.979926701970689
-1.264025236464504 -0.977438856993889
-1.260970761883847 -0.974954114302297
-1.257916287303190 -0.972472479048495
-1.254861812722533 -0.969993956372511
-1.251807338141876 -0.967518551401705
-1.248752863561219 -0.965046269250647
-1.245698388980562 -0.962577115021011
-1.242643914399904 -0.960111093801459
-1.239589439819247 -0.957648210667522
-1.236534965238590 -0.955188470681489
-1.233480490657933 -0.952731878892297
-1.230426016077276 -0.950278440335408
-1.227371541496619 -0.947828160032700
-1.224317066915962 -0.945381042992353
-1.221262592335305 -0.942937094208733
-1.218208117754648 -0.940496318662277
-1.215153643173990 -0.938058721319381
-1.212099168593333 -0.935624307132285
-1.209044694012676 -0.933193081038959
-1.205990219432019 -0.930765047962988
-1.202935744851362 -0.928340212813457
-1.199881270270705 -0.925918580484842
-1.196826795690048 -0.923500155856888
-1.193772321109391 -0.921084943794503
-1.190717846528734 -0.918672949147640
-1.187663371948076 -0.916264176751183
-1.184608897367419 -0.913858631424833
-1.181554422786762 -0.911456317973000
-1.178499948206105 -0.909057241184680
-1.175445473625448 -0.906661405833348
-1.172390999044791 -0.904268816676845
-1.169336524464134 -0.901879478457261
-1.166282049883477 -0.899493395900822
-1.163227575302820 -0.897110573717782
-1.160173100722163 -0.894731016602304
-1.157118626141505 -0.892354729232351
-1.154064151560848 -0.889981716269569
-1.151009676980191 -0.887611982359179
-1.147955202399534 -0.885245532129864
-1.144900727818877 -0.882882370193653
-1.141846253238220 -0.880522501145812
-1.138791778657563 -0.878165929564729
-1.135737304076906 -0.875812660011806
-1.132682829496249 -0.873462697031344
-1.129628354915591 -0.871116045150431
-1.126573880334935 -0.868772708878836
-1.123519405754278 -0.866432692708886
-1.120464931173621 -0.864096001115369
-1.117410456592964 -0.861762638555413
-1.114355982012307 -0.859432609468379
-1.111301507431650 -0.857105918275749
-1.108247032850993 -0.854782569381016
-1.105192558270335 -0.852462567169574
-1.102138083689678 -0.850145916008609
-1.099083609109021 -0.847832620246986
-1.096029134528364 -0.845522684215142
-1.092974659947707 -0.843216112224975
-1.089920185367050 -0.840912908569735
-1.086865710786393 -0.838613077523917
-1.083811236205736 -0.836316623343149
-1.080756761625079 -0.834023550264085
-1.077702287044422 -0.831733862504296
-1.074647812463764 -0.829447564262163
-1.071593337883107 -0.827164659716770
-1.068538863302450 -0.824885153027791
-1.065484388721793 -0.822609048335389
-1.062429914141136 -0.820336349760106
-1.059375439560479 -0.818067061402756
-1.056320964979822 -0.815801187344321
-1.053266490399165 -0.813538731645837
-1.050212015818508 -0.811279698348298
-1.047157541237850 -0.809024091472545
-1.044103066657193 -0.806771915019160
-1.041048592076536 -0.804523172968363
-1.037994117495879 -0.802277869279905
-1.034939642915222 -0.800036007892966
-1.031885168334565 -0.797797592726048
-1.028830693753908 -0.795562627676871
-1.025776219173251 -0.793331116622274
-1.022721744592594 -0.791103063418104
-1.019667270011936 -0.788878471899121
-1.016612795431279 -0.786657345878889
-1.013558320850622 -0.784439689149678
-1.010503846269965 -0.782225505482357
-1.007449371689308 -0.780014798626299
-1.004394897108651 -0.777807572309275
-1.001340422527994 -0.775603830237352
-0.998285947947337 -0.773403576094798
-0.995231473366680 -0.771206813543975
-0.992176998786023 -0.769013546225246
-0.989122524205365 -0.766823777756869
-0.986068049624708 -0.764637511734903
-0.983013575044051 -0.762454751733105
-0.979959100463395 -0.760275501302835
-0.976904625882738 -0.758099763972957
-0.973850151302081 -0.755927543249741
-0.970795676721424 -0.753758842616765
-0.967741202140767 -0.751593665534822
-0.964686727560109 -0.749432015441818
-0.961632252979452 -0.747273895752682
-0.958577778398795 -0.745119309859265
-0.955523303818138 -0.742968261130249
-0.952468829237481 -0.740820752911052
-0.949414354656824 -0.738676788523730
-0.946359880076167 -0.736536371266889
-0.943305405495510 -0.734399504415586
-0.940250930914853 -0.732266191221240
-0.937196456334195 -0.730136434911539
-0.934141981753538 -0.728010238690347
-0.931087507172881 -0.725887605737612
-0.928033032592224 -0.723768539209279
-0.924978558011567 -0.721653042237193
-0.921924083430910 -0.719541117929013
-0.918869608850253 -0.717432769368125
-0.915815134269596 -0.715327999613545
-0.912760659688939 -0.713226811699839
-0.909706185108281 -0.711129208637030
-0.906651710527624 -0.709035193410511
-0.903597235946967 -0.706944768980958
-0.900542761366310 -0.704857938284244
-0.897488286785653 -0.702774704231355
-0.894433812204996 -0.700695069708298
-0.891379337624339 -0.698619037576025
-0.888324863043682 -0.696546610670339
-0.885270388463025 -0.694477791801820
-0.882215913882368 -0.692412583755731
-0.879161439301710 -0.690350989291944
-0.876106964721053 -0.688293011144854
-0.873052490140396 -0.686238652023295
-0.869998015559739 -0.684187914610465
-0.866943540979082 -0.682140801563837
-0.863889066398425 -0.680097315515089
-0.860834591817768 -0.678057459070013
-0.857780117237111 -0.676021234808446
-0.854725642656454 -0.673988645284187
-0.851671168075796 -0.671959693024919
-0.848616693495139 -0.669934380532133
-0.845562218914482 -0.667912710281051
-0.842507744333825 -0.665894684720550
-0.839453269753168 -0.663880306273088
-0.836398795172512 -0.661869577334626
-0.833344320591855 -0.659862500274556
-0.830289846011198 -0.657859077435628
-0.827235371430540 -0.655859311133874
-0.824180896849883 -0.653863203658541
-0.821126422269226 -0.651870757272013
-0.818071947688569 -0.649881974209745
-0.815017473107912 -0.647896856680189
-0.811962998527255 -0.645915406864725
-0.808908523946598 -0.643937626917596
-0.805854049365941 -0.641963518965831
-0.802799574785284 -0.639993085109186
-0.799745100204627 -0.638026327420070
-0.796690625623969 -0.636063247943483
-0.793636151043312 -0.634103848696947
-0.790581676462655 -0.632148131670444
-0.787527201881998 -0.630196098826346
-0.784472727301341 -0.628247752099357
-0.781418252720684 -0.626303093396446
-0.778363778140027 -0.624362124596787
-0.775309303559370 -0.622424847551695
-0.772254828978713 -0.620491264084564
-0.769200354398055 -0.618561375990810
-0.766145879817398 -0.616635185037810
-0.763091405236741 -0.614712692964839
-0.760036930656084 -0.612793901483018
-0.756982456075427 -0.610878812275249
-0.753927981494770 -0.608967426996168
-0.750873506914113 -0.607059747272076
-0.747819032333456 -0.605155774700895
-0.744764557752799 -0.603255510852106
-0.741710083172141 -0.601358957266697
-0.738655608591484 -0.599466115457110
-0.735601134010827 -0.597576986907190
-0.732546659430170 -0.595691573072128
-0.729492184849513 -0.593809875378415
-0.726437710268856 -0.591931895223789
-0.723383235688199 -0.590057633977183
-0.720328761107542 -0.588187092978683
-0.717274286526885 -0.586320273539472
-0.714219811946228 -0.584457176941788
-0.711165337365570 -0.582597804438874
-0.708110862784913 -0.580742157254934
-0.705056388204256 -0.578890236585087
-0.702001913623599 -0.577042043595320
-0.698947439042942 -0.575197579422451
-0.695892964462285 -0.573356845174078
-0.692838489881628 -0.571519841928544
-0.689784015300972 -0.569686570734891
-0.686729540720314 -0.567857032612819
-0.683675066139657 -0.566031228552650
-0.680620591559000 -0.564209159515286
-0.677566116978343 -0.562390826432174
-0.674511642397686 -0.560576230205262
-0.671457167817029 -0.558765371706969
-0.668402693236372 -0.556958251780149
-0.665348218655715 -0.555154871238048
-0.662293744075058 -0.553355230864278
-0.659239269494400 -0.551559331412782
-0.656184794913743 -0.549767173607798
-0.653130320333086 -0.547978758143832
-0.650075845752429 -0.546194085685619
-0.647021371171772 -0.544413156868103
-0.643966896591115 -0.542635972296400
-0.640912422010458 -0.540862532545771
-0.637857947429801 -0.539092838161598
-0.634803472849144 -0.537326889659349
-0.631748998268487 -0.535564687524562
-0.628694523687829 -0.533806232212811
-0.625640049107172 -0.532051524149685
-0.622585574526515 -0.530300563730765
-0.619531099945858 -0.528553351321601
-0.616476625365201 -0.526809887257686
-0.613422150784544 -0.525070171844442
-0.610367676203887 -0.523334205357193
-0.607313201623230 -0.521601988041149
-0.604258727042573 -0.519873520111383
-0.601204252461915 -0.518148801752823
-0.598149777881258 -0.516427833120221
-0.595095303300601 -0.514710614338150
-0.592040828719944 -0.512997145500980
-0.588986354139287 -0.511287426672865
-0.585931879558630 -0.509581457887734
-0.582877404977973 -0.507879239149272
-0.579822930397316 -0.506180770430912
-0.576768455816659 -0.504486051675822
-0.573713981236001 -0.502795082796900
-0.570659506655344 -0.501107863676745
-0.567605032074687 -0.499424394167684
-0.564550557494030 -0.497744674091732
-0.561496082913373 -0.496068703240598
-0.558441608332716 -0.494396481375679
-0.555387133752059 -0.492728008228052
-0.552332659171402 -0.491063283498475
-0.549278184590745 -0.489402306857499
-0.546223710010088 -0.487745077944860
-0.543169235429431 -0.486091596370693
-0.540114760848774 -0.484441861714318
-0.537060286268117 -0.482795873524842
-0.534005811687460 -0.481153631321046
-0.530951337106803 -0.479515134591379
-0.527896862526146 -0.477880382793966
-0.524842387945489 -0.476249375356609
-0.521787913364832 -0.474622111676792
-0.518733438784174 -0.472998591121686
-0.515678964203517 -0.471378813028157
-0.512624489622860 -0.469762776702768
-0.509570015042203 -0.468150481421793
-0.506515540461546 -0.466541926431222
-0.503461065880889 -0.464937110946769
-0.500406591300232 -0.463336034153888
-0.497352116719575 -0.461738695207779
-0.494297642138918 -0.460145093233402
-0.491243167558260 -0.458555227325491
-0.488188692977603 -0.456969096548565
-0.485134218396946 -0.455386699936947
-0.482079743816289 -0.453808036494777
-0.479025269235632 -0.452233105196026
-0.475970794654975 -0.450661904984519
-0.472916320074318 -0.449094434773949
-0.469861845493661 -0.447530693447899
-0.466807370913004 -0.445970679859856
-0.463752896332347 -0.444414392833242
-0.460698421751689 -0.442861831161424
-0.457643947171032 -0.441312993607746
-0.454589472590375 -0.439767878905548
-0.451534998009718 -0.438226485758189
-0.448480523429061 -0.436688812839077
-0.445426048848404 -0.435154858791688
-0.442371574267747 -0.433624622229600
-0.439317099687090 -0.432098101736517
-0.436262625106433 -0.430575295866297
-0.433208150525775 -0.429056203142982
-0.430153675945118 -0.427540822060830
-0.427099201364461 -0.426029151084344
-0.424044726783804 -0.424521188648305
-0.420990252203147 -0.423016933157806
-0.417935777622490 -0.421516382988280
-0.414881303041833 -0.420019536485542
-0.411826828461176 -0.418526391965821
-0.408772353880519 -0.417036947715796
-0.405717879299861 -0.415551201992632
-0.402663404719204 -0.414069153024021
-0.399608930138548 -0.412590799008219
-0.396554455557891 -0.411116138114085
-0.393499980977234 -0.409645168481118
-0.390445506396577 -0.408177888219512
-0.387391031815920 -0.406714295410179
-0.384336557235263 -0.405254388104807
-0.381282082654606 -0.403798164325894
-0.378227608073948 -0.402345622066801
-0.375173133493291 -0.400896759291790
-0.372118658912634 -0.399451573936075
-0.369064184331977 -0.398010063905865
-0.366009709751320 -0.396572227078419
-0.362955235170663 -0.395138061302086
-0.359900760590006 -0.393707564396360
-0.356846286009349 -0.392280734151930
-0.353791811428692 -0.390857568330729
-0.350737336848034 -0.389438064665988
-0.347682862267377 -0.388022220862286
-0.344628387686720 -0.386610034595611
-0.341573913106063 -0.385201503513402
-0.338519438525406 -0.383796625234617
-0.335464963944749 -0.382395397349781
-0.332410489364092 -0.380997817421044
-0.329356014783435 -0.379603882982243
-0.326301540202778 -0.378213591538954
-0.323247065622120 -0.376826940568557
-0.320192591041463 -0.375443927520291
-0.317138116460806 -0.374064549815319
-0.314083641880149 -0.372688804846787
-0.311029167299492 -0.371316689979888
-0.307974692718835 -0.369948202551923
-0.304920218138178 -0.368583339872366
-0.301865743557521 -0.367222099222931
-0.298811268976864 -0.365864477857631
-0.295756794396207 -0.364510473002854
-0.292702319815549 -0.363160081857420
-0.289647845234892 -0.361813301592654
-0.286593370654235 -0.360470129352456
-0.283538896073578 -0.359130562253363
-0.280484421492921 -0.357794597384629
-0.277429946912264 -0.356462231808288
-0.274375472331607 -0.355133462559227
-0.271320997750950 -0.353808286645262
-0.268266523170293 -0.352486701047204
-0.265212048589635 -0.351168702718941
-0.262157574008978 -0.349854288587507
-0.259103099428321 -0.348543455553156
-0.256048624847664 -0.347236200489443
-0.252994150267008 -0.345932520243298
-0.249939675686351 -0.344632411635099
-0.246885201105694 -0.343335871458759
-0.243830726525037 -0.342042896481796
-0.240776251944379 -0.340753483445419
-0.237721777363722 -0.339467629064603
-0.234667302783065 -0.338185330028174
-0.231612828202408 -0.336906582998887
-0.228558353621751 -0.335631384613511
-0.225503879041094 -0.334359731482909
-0.222449404460437 -0.333091620192124
-0.219394929879780 -0.331827047300470
-0.216340455299123 -0.330566009341583
-0.213285980718465 -0.329308502823569
-0.210231506137808 -0.328054524229032
-0.207177031557151 -0.326804070015187
-0.204122556976494 -0.325557136613945
-0.201068082395837 -0.324313720431998
-0.198013607815180 -0.323073817850911
-0.194959133234523 -0.321837425227210
-0.191904658653866 -0.320604538892471
-0.188850184073209 -0.319375155153414
-0.185795709492552 -0.318149270291990
-0.182741234911894 -0.316926880565478
-0.179686760331237 -0.315707982206573
-0.176632285750580 -0.314492571423481
-0.173577811169923 -0.313280644400014
-0.170523336589266 -0.312072197295684
-0.167468862008609 -0.310867226245798
-0.164414387427952 -0.309665727361551
-0.161359912847295 -0.308467696730127
-0.158305438266638 -0.307273130414794
-0.155250963685980 -0.306082024454997
-0.152196489105323 -0.304894374866466
-0.149142014524666 -0.303710177641303
-0.146087539944009 -0.302529428748089
-0.143033065363352 -0.301352124131983
-0.139978590782695 -0.300178259714818
-0.136924116202038 -0.299007831395207
-0.133869641621381 -0.297840835048640
-0.130815167040724 -0.296677266527589
-0.127760692460067 -0.295517121661610
-0.124706217879409 -0.294360396257447
-0.121651743298752 -0.293207086099127
-0.118597268718095 -0.292057186948080
-0.115542794137438 -0.290910694543230
-0.112488319556781 -0.289767604601107
-0.109433844976125 -0.288627912815949
-0.106379370395468 -0.287491614859810
-0.103324895814810 -0.286358706382665
-0.100270421234153 -0.285229183012522
-0.097215946653496 -0.284103040355523
-0.094161472072839 -0.282980273996057
-0.091106997492182 -0.281860879496865
-0.088052522911525 -0.280744852399152
-0.084998048330868 -0.279632188222696
-0.081943573750211 -0.278522882465957
-0.078889099169554 -0.277416930606186
-0.075834624588897 -0.276314328099540
-0.072780150008239 -0.275215070381191
-0.069725675427582 -0.274119152865436
-0.066671200846925 -0.273026570945816
-0.063616726266268 -0.271937319995218
-0.060562251685611 -0.270851395365997
-0.057507777104954 -0.269768792390086
-0.054453302524297 -0.268689506379111
-0.051398827943640 -0.267613532624504
-0.048344353362983 -0.266540866397620
-0.045289878782325 -0.265471502949849
-0.042235404201668 -0.264405437512734
-0.039180929621011 -0.263342665298087
-0.036126455040354 -0.262283181498104
-0.033071980459697 -0.261226981285483
-0.030017505879040 -0.260174059813538
-0.026963031298383 -0.259124412216322
-0.023908556717726 -0.258078033608739
-0.020854082137069 -0.257034919086668
-0.017799607556412 -0.255995063727074
-0.014745132975754 -0.254958462588136
-0.011690658395097 -0.253925110709357
-0.008636183814440 -0.252895003111692
-0.005581709233783 -0.251868134797660
-0.002527234653126 -0.250844500751470
0.000527239927531 -0.249824095939140
0.003581714508188 -0.248806915308615
0.006636189088845 -0.247792953789894
0.009690663669502 -0.246782206295145
0.012745138250160 -0.245774667718831
0.015799612830817 -0.244770332937828
0.018854087411474 -0.243769196811554
0.021908561992131 -0.242771254182084
0.024963036572788 -0.241776499874277
0.028017511153445 -0.240784928695901
0.031071985734102 -0.239796535437750
0.034126460314759 -0.238811314873772
0.037180934895415 -0.237829261761196
0.040235409476073 -0.236850370840646
0.043289884056730 -0.235874636836278
0.046344358637387 -0.234902054455894
0.049398833218044 -0.233932618391072
0.052453307798701 -0.232966323317291
0.055507782379358 -0.232003163894054
0.058562256960015 -0.231043134765017
0.061616731540672 -0.230086230558110
0.064671206121329 -0.229132445885666
0.067725680701987 -0.228181775344547
0.070780155282644 -0.227234213516268
0.073834629863301 -0.226289754967128
0.076889104443958 -0.225348394248330
0.079943579024615 -0.224410125896114
0.082998053605272 -0.223474944431879
0.086052528185929 -0.222542844362313
0.089107002766586 -0.221613820179522
0.092161477347243 -0.220687866361152
0.095215951927901 -0.219764977370519
0.098270426508558 -0.218845147656739
0.101324901089215 -0.217928371654854
0.104379375669872 -0.217014643785959
0.107433850250529 -0.216103958457330
0.110488324831186 -0.215196310062554
0.113542799411843 -0.214291692981656
0.116597273992500 -0.213390101581227
0.119651748573157 -0.212491530214555
0.122706223153815 -0.211595973221748
0.125760697734472 -0.210703424929870
0.128815172315129 -0.209813879653063
0.131869646895786 -0.208927331692680
0.134924121476443 -0.208043775337412
0.137978596057100 -0.207163204863417
0.141033070637757 -0.206285614534451
0.144087545218414 -0.205410998601993
0.147142019799071 -0.204539351305378
0.150196494379728 -0.203670666871924
0.153250968960386 -0.202804939517062
0.156305443541043 -0.201942163444465
0.159359918121700 -0.201082332846176
0.162414392702357 -0.200225441902739
0.165468867283014 -0.199371484783327
0.168523341863671 -0.198520455645872
0.171577816444328 -0.197672348637195
0.174632291024985 -0.196827157893132
0.177686765605642 -0.195984877538666
0.180741240186300 -0.195145501688057
0.183795714766956 -0.194309024444969
0.186850189347613 -0.193475439902599
0.189904663928270 -0.192644742143807
0.192959138508927 -0.191816925241248
0.196013613089584 -0.190991983257494
0.199068087670241 -0.190169910245172
0.202122562250898 -0.189350700247084
0.205177036831555 -0.188534347296342
0.208231511412213 -0.187720845416496
0.211285985992870 -0.186910188621660
0.214340460573527 -0.186102370916644
0.217394935154184 -0.185297386297079
0.220449409734841 -0.184495228749550
0.223503884315498 -0.183695892251721
0.226558358896155 -0.182899370772464
0.229612833476812 -0.182105658271991
0.232667308057469 -0.181314748701974
0.235721782638127 -0.180526636005682
0.238776257218784 -0.179741314118104
0.241830731799441 -0.178958776966078
0.244885206380098 -0.178179018468417
0.247939680960755 -0.177402032536039
0.250994155541412 -0.176627813072097
0.254048630122069 -0.175856353972098
0.257103104702726 -0.175087649124037
0.260157579283383 -0.174321692408524
0.263212053864041 -0.173558477698908
0.266266528444698 -0.172797998861403
0.269321003025355 -0.172040249755219
0.272375477606012 -0.171285224232684
0.275429952186669 -0.170532916139375
0.278484426767326 -0.169783319314237
0.281538901347983 -0.169036427589717
0.284593375928640 -0.168292234791882
0.287647850509297 -0.167550734740551
0.290702325089955 -0.166811921249417
0.293756799670612 -0.166075788126172
0.296811274251269 -0.165342329172633
0.299865748831926 -0.164611538184867
0.302920223412583 -0.163883408953314
0.305974697993240 -0.163157935262911
0.309029172573897 -0.162435110893220
0.312083647154554 -0.161714929618547
0.315138121735211 -0.160997385208068
0.318192596315868 -0.160282471425953
0.321247070896526 -0.159570182031486
0.324301545477183 -0.158860510779191
0.327356020057839 -0.158153451418957
0.330410494638496 -0.157448997696151
0.333464969219153 -0.156747143351751
0.336519443799810 -0.156047882122461
0.339573918380467 -0.155351207740836
0.342628392961124 -0.154657113935402
0.345682867541782 -0.153965594430776
0.348737342122439 -0.153276642947790
0.351791816703096 -0.152590253203607
0.354846291283753 -0.151906418911847
0.357900765864410 -0.151225133782702
0.360955240445067 -0.150546391523056
0.364009715025724 -0.149870185836610
0.367064189606381 -0.149196510423993
0.370118664187038 -0.148525358982887
0.373173138767696 -0.147856725208143
0.376227613348353 -0.147190602791898
0.379282087929010 -0.146526985423696
0.382336562509667 -0.145865866790602
0.385391037090324 -0.145207240577324
0.388445511670981 -0.144551100466323
0.391499986251638 -0.143897440137937
0.394554460832295 -0.143246253270490
0.397608935412952 -0.142597533540415
0.400663409993609 -0.141951274622365
0.403717884574267 -0.141307470189329
0.406772359154923 -0.140666113912746
0.409826833735581 -0.140027199462623
0.412881308316237 -0.139390720507646
0.415935782896895 -0.138756670715294
0.418990257477551 -0.138125043751954
0.422044732058209 -0.137495833283033
0.425099206638865 -0.136869032973071
0.428153681219523 -0.136244636485852
0.431208155800180 -0.135622637484521
0.434262630380838 -0.135003029631687
0.437317104961494 -0.134385806589542
0.440371579542152 -0.133770962019969
0.443426054122808 -0.133158489584652
0.446480528703466 -0.132548382945185
0.449535003284122 -0.131940635763186
0.452589477864780 -0.131335241700401
0.455643952445437 -0.130732194418817
0.458698427026095 -0.130131487580767
0.461752901606751 -0.129533114849042
0.464807376187409 -0.128937069886995
0.467861850768065 -0.128343346358652
0.470916325348723 -0.127751937928813
0.473970799929379 -0.127162838263166
0.477025274510037 -0.126576041028388
0.480079749090693 -0.125991539892251
0.483134223671351 -0.125409328523728
0.486188698252008 -0.124829400593100
0.489243172832666 -0.124251749772056
0.492297647413322 -0.123676369733800
0.495352121993980 -0.123103254153153
0.498406596574636 -0.122532396706659
0.501461071155294 -0.121963791072680
0.504515545735950 -0.121397430931510
0.507570020316608 -0.120833309965465
0.510624494897264 -0.120271421858993
0.513678969477922 -0.119711760298769
0.516733444058579 -0.119154318973799
0.519787918639237 -0.118599091575518
0.522842393219893 -0.118046071797891
0.525896867800551 -0.117495253337510
0.528951342381207 -0.116946629893697
0.532005816961865 -0.116400195168594
0.535060291542521 -0.115855942867269
0.538114766123179 -0.115313866697811
0.541169240703836 -0.114773960371422
0.544223715284494 -0.114236217602519
0.547278189865150 -0.113700632108829
0.550332664445806 -0.113167197611481
0.553387139026464 -0.112635907835103
0.556441613607120 -0.112106756507918
0.559496088187778 -0.111579737361834
0.562550562768434 -0.111054844132543
0.565605037349092 -0.110532070559608
0.568659511929749 -0.110011410386559
0.571713986510407 -0.109492857360983
0.574768461091063 -0.108976405234621
0.577822935671721 -0.108462047763449
0.580877410252377 -0.107949778707780
0.583931884833035 -0.107439591832343
0.586986359413691 -0.106931480906383
0.590040833994349 -0.106425439703742
0.593095308575005 -0.105921462002952
0.596149783155663 -0.105419541587321
0.599204257736320 -0.104919672245022
0.602258732316978 -0.104421847769180
0.605313206897634 -0.103926061957958
0.608367681478292 -0.103432308614642
0.611422156058948 -0.102940581547729
0.614476630639606 -0.102450874571013
0.617531105220262 -0.101963181503664
0.620585579800920 -0.101477496170317
0.623640054381577 -0.100993812401158
0.626694528962235 -0.100512124031997
0.629749003542891 -0.100032424904363
0.632803478123549 -0.099554708865578
0.635857952704205 -0.099078969768840
0.638912427284863 -0.098605201473306
0.641966901865519 -0.098133397844171
0.645021376446177 -0.097663552752750
0.648075851026833 -0.097195660076554
0.651130325607491 -0.096729713699373
0.654184800188148 -0.096265707511351
0.657239274768806 -0.095803635409067
0.660293749349462 -0.095343491295612
0.663348223930120 -0.094885269080663
0.666402698510776 -0.094428962680563
0.669457173091434 -0.093974566018395
0.672511647672090 -0.093522073024060
0.675566122252748 -0.093071477634348
0.678620596833404 -0.092622773793015
0.681675071414062 -0.092175955450857
0.684729545994719 -0.091731016565782
0.687784020575377 -0.091287951102884
0.690838495156033 -0.090846753034515
0.693892969736689 -0.090407416340356
0.696947444317347 -0.089969935007491
0.700001918898003 -0.089534303030473
0.703056393478661 -0.089100514411399
0.706110868059318 -0.088668563159978
0.709165342639976 -0.088238443293599
0.712219817220632 -0.087810148837402
0.715274291801290 -0.087383673824345
0.718328766381946 -0.086959012295270
0.721383240962604 -0.086536158298974
0.724437715543260 -0.086115105892271
0.727492190123918 -0.085695849140062
0.730546664704574 -0.085278382115400
0.733601139285232 -0.084862698899553
0.736655613865889 -0.084448793582070
0.739710088446547 -0.084036660260843
0.742764563027203 -0.083626293042176
0.745819037607861 -0.083217686040841
0.748873512188517 -0.082810833380146
0.751927986769175 -0.082405729191992
0.754982461349831 -0.082002367616940
0.758036935930489 -0.081600742804266
0.761091410511145 -0.081200848912028
0.764145885091803 -0.080802680107119
0.767200359672460 -0.080406230565331
0.770254834253118 -0.080011494471412
0.773309308833774 -0.079618466019126
0.776363783414432 -0.079227139411307
0.779418257995088 -0.078837508859922
0.782472732575746 -0.078449568586122
0.785527207156402 -0.078063312820303
0.788581681737060 -0.077678735802158
0.791636156317717 -0.077295831780734
0.794690630898375 -0.076914595014486
0.797745105479031 -0.076535019771335
0.800799580059689 -0.076157100328714
0.803854054640345 -0.075780830973628
0.806908529221003 -0.075406206002705
0.809963003801659 -0.075033219722245
0.813017478382317 -0.074661866448275
0.816071952962973 -0.074292140506601
0.819126427543631 -0.073924036232854
0.822180902124288 -0.073557547972544
0.825235376704946 -0.073192670081110
0.828289851285602 -0.072829396923965
0.831344325866260 -0.072467722876549
0.834398800446916 -0.072107642324375
0.837453275027572 -0.071749149663076
0.840507749608230 -0.071392239298454
0.843562224188886 -0.071036905646526
0.846616698769544 -0.070683143133567
0.849671173350201 -0.070330946196162
0.852725647930859 -0.069980309281244
0.855780122511515 -0.069631226846145
0.858834597092173 -0.069283693358633
0.861889071672829 -0.068937703296963
0.864943546253487 -0.068593251149916
0.867998020834143 -0.068250331416841
0.871052495414801 -0.067908938607699
0.874106969995458 -0.067569067243105
0.877161444576116 -0.067230711854366
0.880215919156772 -0.066893866983527
0.883270393737430 -0.066558527183404
0.886324868318086 -0.066224687017631
0.889379342898744 -0.065892341060693
0.892433817479400 -0.065561483897970
0.895488292060058 -0.065232110125771
0.898542766640714 -0.064904214351374
0.901597241221372 -0.064577791193063
0.904651715802029 -0.064252835280163
0.907706190382687 -0.063929341253080
0.910760664963343 -0.063607303763332
0.913815139544001 -0.063286717473589
0.916869614124657 -0.062967577057704
0.919924088705315 -0.062649877200750
0.922978563285971 -0.062333612599054
0.926033037866629 -0.062018777960228
0.929087512447285 -0.061705368003204
0.932141987027943 -0.061393377458265
0.935196461608600 -0.061082801067081
0.938250936189258 -0.060773633582734
0.941305410769914 -0.060465869769755
0.944359885350572 -0.060159504404152
0.947414359931228 -0.059854532273441
0.950468834511886 -0.059550948176673
0.953523309092542 -0.059248746924469
0.956577783673200 -0.058947923339043
0.959632258253857 -0.058648472254234
0.962686732834515 -0.058350388515533
0.965741207415171 -0.058053666980110
0.968795681995829 -0.057758302516840
0.971850156576485 -0.057464290006333
0.974904631157143 -0.057171624340957
0.977959105737799 -0.056880300424864
0.981013580318457 -0.056590313174016
0.984068054899113 -0.056301657516211
0.987122529479770 -0.056014328391106
0.990177004060428 -0.055728320750240
0.993231478641084 -0.055443629557059
0.996285953221742 -0.055160249786938
0.999340427802398 -0.054878176427205
1.002394902383056 -0.054597404477163
1.005449376963712 -0.054317928948110
1.008503851544370 -0.054039744863361
1.011558326125026 -0.053762847258272
1.014612800705684 -0.053487231180255
1.017667275286341 -0.053212891688804
1.020721749866999 -0.052939823855508
1.023776224447655 -0.052668022764077
1.026830699028313 -0.052397483510357
1.029885173608969 -0.052128201202348
1.032939648189627 -0.051860170960224
1.035994122770283 -0.051593387916350
1.039048597350941 -0.051327847215299
1.042103071931598 -0.051063544013867
1.045157546512256 -0.050800473481092
1.048212021092912 -0.050538630798270
1.051266495673570 -0.050278011158967
1.054320970254226 -0.050018609769040
1.057375444834884 -0.049760421846646
1.060429919415540 -0.049503442622259
1.063484393996198 -0.049247667338684
1.066538868576854 -0.048993091251070
1.069593343157512 -0.048739709626925
1.072647817738169 -0.048487517746126
1.075702292318827 -0.048236510900932
1.078756766899483 -0.047986684395998
1.081811241480141 -0.047738033548385
1.084865716060797 -0.047490553687571
1.087920190641455 -0.047244240155464
1.090974665222111 -0.046999088306410
1.094029139802769 -0.046755093507203
1.097083614383425 -0.046512251137098
1.100138088964083 -0.046270556587818
1.103192563544740 -0.046030005263561
1.106247038125398 -0.045790592581014
1.109301512706054 -0.045552313969356
1.112355987286712 -0.045315164870270
1.115410461867368 -0.045079140737947
1.118464936448026 -0.044844237039096
1.121519411028682 -0.044610449252950
1.124573885609340 -0.044377772871271
1.127628360189997 -0.044146203398358
1.130682834770653 -0.043915736351053
1.133737309351311 -0.043686367258744
1.136791783931967 -0.043458091663374
1.139846258512625 -0.043230905119442
1.142900733093281 -0.043004803194009
1.145955207673939 -0.042779781466702
1.149009682254595 -0.042555835529717
1.152064156835253 -0.042332960987825
1.155118631415910 -0.042111153458371
1.158173105996568 -0.041890408571281
1.161227580577224 -0.041670721969059
1.164282055157882 -0.041452089306796
1.167336529738538 -0.041234506252166
1.170391004319196 -0.041017968485430
1.173445478899852 -0.040802471699435
1.176499953480510 -0.040588011599619
1.179554428061167 -0.040374583904006
1.182608902641824 -0.040162184343211
1.185663377222481 -0.039950808660438
1.188717851803139 -0.039740452611476
1.191772326383795 -0.039531111964705
1.194826800964453 -0.039322782501089
1.197881275545109 -0.039115460014178
1.200935750125767 -0.038909140310105
1.203990224706423 -0.038703819207583
1.207044699287081 -0.038499492537906
1.210099173867738 -0.038296156144943
1.213153648448396 -0.038093805885134
1.216208123029052 -0.037892437627494
1.219262597609710 -0.037692047253600
1.222317072190366 -0.037492630657594
1.225371546771024 -0.037294183746176
1.228426021351680 -0.037096702438600
1.231480495932338 -0.036900182666671
1.234534970512994 -0.036704620374738
1.237589445093652 -0.036510011519688
1.240643919674309 -0.036316352070944
1.243698394254967 -0.036123638010457
1.246752868835623 -0.035931865332699
1.249807343416281 -0.035741030044658
1.252861817996937 -0.035551128165834
1.255916292577595 -0.035362155728226
1.258970767158251 -0.035174108776330
1.262025241738909 -0.034986983367130
1.265079716319566 -0.034800775570089
1.268134190900224 -0.034615481467145
1.271188665480880 -0.034431097152698
1.274243140061536 -0.034247618733605
1.277297614642194 -0.034065042329169
1.280352089222850 -0.033883364071132
1.283406563803508 -0.033702580103667
1.286461038384164 -0.033522686583363
1.289515512964822 -0.033343679679222
1.292569987545479 -0.033165555572646
1.295624462126137 -0.032988310457424
1.298678936706793 -0.032811940539729
1.301733411287451 -0.032636442038099
1.304787885868107 -0.032461811183434
1.307842360448765 -0.032288044218977
1.310896835029421 -0.032115137400310
1.313951309610079 -0.031943086995338
1.317005784190735 -0.031771889284278
1.320060258771393 -0.031601540559648
1.323114733352050 -0.031432037126255
1.326169207932708 -0.031263375301179
1.329223682513364 -0.031095551413766
1.332278157094022 -0.030928561805611
1.335332631674678 -0.030762402830546
1.338387106255336 -0.030597070854627
1.341441580835992 -0.030432562256121
1.344496055416650 -0.030268873425490
1.347550529997307 -0.030106000765379
1.350605004577965 -0.029943940690602
1.353659479158621 -0.029782689628128
1.356713953739279 -0.029622244017062
1.359768428319935 -0.029462600308639
1.362822902900593 -0.029303754966198
1.365877377481249 -0.029145704465177
1.368931852061907 -0.028988445293092
1.371986326642563 -0.028831973949522
1.375040801223221 -0.028676286946095
1.378095275803878 -0.028521380806470
1.381149750384536 -0.028367252066323
1.384204224965192 -0.028213897273330
1.387258699545850 -0.028061312987148
1.390313174126506 -0.027909495779404
1.393367648707164 -0.027758442233671
1.396422123287820 -0.027608148945458
1.399476597868478 -0.027458612522187
1.402531072449134 -0.027309829583180
1.405585547029792 -0.027161796759637
1.408640021610449 -0.027014510694625
1.411694496191107 -0.026867968043051
1.414748970771763 -0.026722165471654
1.417803445352419 -0.026577099658977
1.420857919933077 -0.026432767295357
1.423912394513733 -0.026289165082900
1.426966869094391 -0.026146289735468
1.430021343675048 -0.026004137978655
1.433075818255706 -0.025862706549770
1.436130292836362 -0.025721992197820
1.439184767417020 -0.025581991683488
1.442239241997676 -0.025442701779113
1.445293716578334 -0.025304119268672
1.448348191158990 -0.025166240947762
1.451402665739648 -0.025029063623575
1.454457140320304 -0.024892584114883
1.457511614900962 -0.024756799252014
1.460566089481619 -0.024621705876834
1.463620564062277 -0.024487300842727
1.466675038642933 -0.024353581014572
1.469729513223591 -0.024220543268722
1.472783987804247 -0.024088184492988
1.475838462384905 -0.023956501586612
1.478892936965561 -0.023825491460248
1.481947411546219 -0.023695151035942
1.485001886126875 -0.023565477247111
1.488056360707533 -0.023436467038518
1.491110835288190 -0.023308117366252
1.494165309868848 -0.023180425197709
1.497219784449504 -0.023053387511566
1.500274259030162 -0.022927001297761
1.503328733610818 -0.022801263557471
1.506383208191476 -0.022676171303088
1.509437682772132 -0.022551721558199
1.512492157352790 -0.022427911357563
1.515546631933447 -0.022304737747086
1.518601106514105 -0.022182197783801
1.521655581094761 -0.022060288535845
1.524710055675419 -0.021939007082433
1.527764530256075 -0.021818350513840
1.530819004836733 -0.021698315931373
1.533873479417389 -0.021578900447351
1.536927953998047 -0.021460101185080
1.539982428578703 -0.021341915278831
1.543036903159361 -0.021224339873813
1.546091377740018 -0.021107372126154
1.549145852320676 -0.020991009202876
1.552200326901332 -0.020875248281868
1.555254801481990 -0.020760086551866
1.558309276062646 -0.020645521212426
1.561363750643304 -0.020531549473902
1.564418225223960 -0.020418168557421
1.567472699804616 -0.020305375694860
1.570527174385274 -0.020193168128818
1.573581648965931 -0.020081543112595
1.576636123546589 -0.019970497910168
1.579690598127245 -0.019860029796163
1.582745072707903 -0.019750136055832
1.585799547288559 -0.019640813985029
1.588854021869217 -0.019532060890186
1.591908496449873 -0.019423874088283
1.594962971030531 -0.019316250906831
1.598017445611188 -0.019209188683839
1.601071920191846 -0.019102684767794
1.604126394772502 -0.018996736517633
1.607180869353160 -0.018891341302722
1.610235343933816 -0.018786496502824
1.613289818514474 -0.018682199508079
1.616344293095130 -0.018578447718977
1.619398767675788 -0.018475238546331
1.622453242256444 -0.018372569411252
1.625507716837102 -0.018270437745127
1.628562191417759 -0.018168840989588
1.631616665998417 -0.018067776596487
1.634671140579073 -0.017967242027876
1.637725615159731 -0.017867234755971
1.640780089740387 -0.017767752263137
1.643834564321045 -0.017668792041853
1.646889038901701 -0.017570351594693
1.649943513482359 -0.017472428434293
1.652997988063015 -0.017375020083331
1.656052462643673 -0.017278124074498
1.659106937224330 -0.017181737950471
1.662161411804988 -0.017085859263889
1.665215886385644 -0.016990485577324
1.668270360966302 -0.016895614463257
1.671324835546958 -0.016801243504051
1.674379310127616 -0.016707370291923
1.677433784708272 -0.016613992428919
1.680488259288930 -0.016521107526888
1.683542733869587 -0.016428713207453
1.686597208450245 -0.016336807101987
1.689651683030901 -0.016245386851585
1.692706157611559 -0.016154450107038
1.695760632192215 -0.016063994528805
1.698815106772873 -0.015974017786988
1.701869581353529 -0.015884517561303
1.704924055934187 -0.015795491541056
1.707978530514843 -0.015706937425114
1.711033005095500 -0.015618852921879
1.714087479676158 -0.015531235749261
1.717141954256814 -0.015444083634649
1.720196428837472 -0.015357394314891
1.723250903418128 -0.015271165536256
1.726305377998786 -0.015185395054417
1.729359852579442 -0.015100080634420
1.732414327160100 -0.015015220050655
1.735468801740756 -0.014930811086833
1.738523276321414 -0.014846851535955
1.741577750902071 -0.014763339200289
1.744632225482729 -0.014680271891339
1.747686700063385 -0.014597647429820
1.750741174644043 -0.014515463645630
1.753795649224699 -0.014433718377826
1.756850123805357 -0.014352409474590
1.759904598386013 -0.014271534793209
1.762959072966671 -0.014191092200044
1.766013547547328 -0.014111079570503
1.769068022127986 -0.014031494789015
1.772122496708642 -0.013952335749002
1.775176971289300 -0.013873600352852
1.778231445869956 -0.013795286511892
1.781285920450614 -0.013717392146359
1.784340395031270 -0.013639915185376
1.787394869611928 -0.013562853566923
1.790449344192584 -0.013486205237808
1.793503818773242 -0.013409968153643
1.796558293353899 -0.013334140278816
1.799612767934557 -0.013258719586460
1.802667242515213 -0.013183704058433
1.805721717095871 -0.013109091685282
1.808776191676527 -0.013034880466224
1.811830666257185 -0.012961068409113
1.814885140837841 -0.012887653530415
1.817939615418499 -0.012814633855182
1.820994089999155 -0.012742007417022
1.824048564579813 -0.012669772258072
1.827103039160470 -0.012597926428975
1.830157513741128 -0.012526467988848
1.833211988321784 -0.012455395005255
1.836266462902442 -0.012384705554185
1.839320937483098 -0.012314397720017
1.842375412063756 -0.012244469595500
1.845429886644412 -0.012174919281721
1.848484361225070 -0.012105744888081
1.851538835805727 -0.012036944532267
1.854593310386383 -0.011968516340222
1.857647784967041 -0.011900458446122
1.860702259547697 -0.011832768992348
1.863756734128355 -0.011765446129456
1.866811208709011 -0.011698488016154
1.869865683289669 -0.011631892819272
1.872920157870325 -0.011565658713737
1.875974632450983 -0.011499783882543
1.879029107031640 -0.011434266516730
1.882083581612298 -0.011369104815348
1.885138056192954 -0.011304296985440
1.888192530773612 -0.011239841242007
1.891247005354268 -0.011175735807986
1.894301479934926 -0.011111978914221
1.897355954515582 -0.011048568799436
1.900410429096240 -0.010985503710210
1.903464903676896 -0.010922781900948
1.906519378257554 -0.010860401633856
1.909573852838211 -0.010798361178912
1.912628327418869 -0.010736658813843
1.915682801999525 -0.010675292824095
1.918737276580183 -0.010614261502806
1.921791751160839 -0.010553563150784
1.924846225741497 -0.010493196076472
1.927900700322153 -0.010433158595933
1.930955174902811 -0.010373449032811
1.934009649483468 -0.010314065718314
1.937064124064126 -0.010255006991183
1.940118598644782 -0.010196271197666
1.943173073225440 -0.010137856691492
1.946227547806096 -0.010079761833846
1.949282022386754 -0.010021984993341
1.952336496967410 -0.009964524545989
1.955390971548068 -0.009907378875182
1.958445446128724 -0.009850546371659
1.961499920709382 -0.009794025433481
1.964554395290039 -0.009737814466009
1.967608869870697 -0.009681911881872
1.970663344451353 -0.009626316100946
1.973717819032011 -0.009571025550323
1.976772293612667 -0.009516038664290
1.979826768193325 -0.009461353884299
1.982881242773981 -0.009406969658943
1.985935717354639 -0.009352884443930
1.988990191935295 -0.009299096702056
1.992044666515953 -0.009245604903180
1.995099141096610 -0.009192407524198
1.998153615677268 -0.009139503049018
2.001208090257924 -0.009086889968533
2.004262564838580 -0.009034566780595
2.007317039419238 -0.008982531989992
2.010371513999894 -0.008930784108420
2.013425988580552 -0.008879321654456
2.016480463161209 -0.008828143153538
2.019534937741867 -0.008777247137933
2.022589412322523 -0.008726632146716
2.025643886903181 -0.008676296725744
2.028698361483837 -0.008626239427626
2.031752836064495 -0.008576458811708
2.034807310645151 -0.008526953444035
2.037861785225809 -0.008477721897335
2.040916259806465 -0.008428762750991
2.043970734387123 -0.008380074591016
2.047025208967780 -0.008331656010027
2.050079683548438 -0.008283505607220
2.053134158129094 -0.008235621988348
2.056188632709752 -0.008188003765691
2.059243107290408 -0.008140649558035
2.062297581871066 -0.008093557990648
2.065352056451722 -0.008046727695251
2.068406531032380 -0.008000157309996
2.071461005613036 -0.007953845479441
2.074515480193694 -0.007907790854526
2.077569954774351 -0.007861992092546
2.080624429355009 -0.007816447857131
2.083678903935665 -0.007771156818215
2.086733378516323 -0.007726117652018
2.089787853096979 -0.007681329041018
2.092842327677637 -0.007636789673927
2.095896802258293 -0.007592498245668
2.098951276838951 -0.007548453457349
2.102005751419608 -0.007504654016242
2.105060226000266 -0.007461098635753
2.108114700580922 -0.007417786035406
2.111169175161580 -0.007374714940811
2.114223649742236 -0.007331884083645
2.117278124322894 -0.007289292201628
2.120332598903550 -0.007246938038496
2.123387073484208 -0.007204820343980
2.126441548064864 -0.007162937873781
2.129496022645522 -0.007121289389548
2.132550497226179 -0.007079873658850
2.135604971806837 -0.007038689455159
2.138659446387493 -0.006997735557821
2.141713920968151 -0.006957010752034
2.144768395548807 -0.006916513828826
2.147822870129463 -0.006876243585032
2.150877344710121 -0.006836198823265
2.153931819290777 -0.006796378351903
2.156986293871435 -0.006756780985054
2.160040768452092 -0.006717405542544
2.163095243032750 -0.006678250849885
2.166149717613406 -0.006639315738259
2.169204192194064 -0.006600599044487
2.172258666774720 -0.006562099611016
2.175313141355378 -0.006523816285888
2.178367615936034 -0.006485747922721
2.181422090516692 -0.006447893380685
2.184476565097349 -0.006410251524480
2.187531039678007 -0.006372821224315
2.190585514258663 -0.006335601355880
2.193639988839321 -0.006298590800330
2.196694463419977 -0.006261788444259
2.199748938000635 -0.006225193179678
2.202803412581291 -0.006188803903993
2.205857887161949 -0.006152619519982
2.208912361742605 -0.006116638935775
2.211966836323263 -0.006080861064830
2.215021310903920 -0.006045284825911
2.218075785484578 -0.006009909143065
2.221130260065234 -0.005974732945604
2.224184734645892 -0.005939755168077
2.227239209226548 -0.005904974750256
2.230293683807206 -0.005870390637105
2.233348158387862 -0.005836001778766
2.236402632968520 -0.005801807130534
2.239457107549176 -0.005767805652835
2.242511582129834 -0.005733996311205
2.245566056710491 -0.005700378076270
2.248620531291149 -0.005666949923722
2.251675005871805 -0.005633710834300
2.254729480452463 -0.005600659793766
2.257783955033119 -0.005567795792888
2.260838429613777 -0.005535117827414
2.263892904194433 -0.005502624898054
2.266947378775091 -0.005470316010458
2.270001853355748 -0.005438190175194
2.273056327936406 -0.005406246407731
2.276110802517062 -0.005374483728411
2.279165277097720 -0.005342901162436
2.282219751678376 -0.005311497739842
2.285274226259034 -0.005280272495480
2.288328700839690 -0.005249224468996
2.291383175420346 -0.005218352704809
2.294437650001004 -0.005187656252093
2.297492124581661 -0.005157134164752
2.300546599162319 -0.005126785501405
2.303601073742975 -0.005096609325362
2.306655548323633 -0.005066604704604
2.309710022904289 -0.005036770711766
2.312764497484947 -0.005007106424113
2.315818972065603 -0.004977610923522
2.318873446646261 -0.004948283296460
2.321927921226917 -0.004919122633967
2.324982395807575 -0.004890128031635
2.328036870388232 -0.004861298589587
2.331091344968890 -0.004832633412457
2.334145819549546 -0.004804131609375
2.337200294130204 -0.004775792293938
2.340254768710860 -0.004747614584202
2.343309243291518 -0.004719597602653
2.346363717872174 -0.004691740476192
2.349418192452832 -0.004664042336115
2.352472667033489 -0.004636502318094
2.355527141614147 -0.004609119562156
2.358581616194803 -0.004581893212664
2.361636090775461 -0.004554822418303
2.364690565356117 -0.004527906332053
2.367745039936775 -0.004501144111175
2.370799514517431 -0.004474534917190
2.373853989098089 -0.004448077915862
2.376908463678745 -0.004421772277178
2.379962938259403 -0.004395617175329
2.383017412840060 -0.004369611788691
2.386071887420718 -0.004343755299807
2.389126362001374 -0.004318046895371
2.392180836582032 -0.004292485766202
2.395235311162688 -0.004267071107235
2.398289785743346 -0.004241802117495
2.401344260324002 -0.004216678000084
2.404398734904660 -0.004191697962158
2.407453209485316 -0.004166861214912
2.410507684065974 -0.004142166973563
2.413562158646631 -0.004117614457327
2.416616633227289 -0.004093202889406
2.419671107807945 -0.004068931496966
2.422725582388603 -0.004044799511123
2.425780056969259 -0.004020806166923
2.428834531549917 -0.003996950703323
2.431889006130573 -0.003973232363177
2.434943480711231 -0.003949650393212
2.437997955291888 -0.003926204044019
2.441052429872544 -0.003902892570030
2.444106904453202 -0.003879715229498
2.447161379033858 -0.003856671284487
2.450215853614516 -0.003833760000849
2.453270328195172 -0.003810980648209
2.456324802775830 -0.003788332499947
2.459379277356486 -0.003765814833180
2.462433751937144 -0.003743426928747
2.465488226517801 -0.003721168071191
2.468542701098459 -0.003699037548742
2.471597175679115 -0.003677034653299
2.474651650259773 -0.003655158680415
2.477706124840429 -0.003633408929278
2.480760599421087 -0.003611784702698
2.483815074001743 -0.003590285307085
2.486869548582401 -0.003568910052436
2.489924023163057 -0.003547658252321
2.492978497743715 -0.003526529223858
2.496032972324372 -0.003505522287705
2.499087446905030 -0.003484636768041
2.502141921485686 -0.003463871992546
2.505196396066344 -0.003443227292389
2.508250870647000 -0.003422702002213
2.511305345227658 -0.003402295460114
2.514359819808314 -0.003382007007628
2.517414294388972 -0.003361835989713
2.520468768969629 -0.003341781754737
2.523523243550287 -0.003321843654458
2.526577718130943 -0.003302021044010
2.529632192711601 -0.003282313281886
2.532686667292257 -0.003262719729925
2.535741141872915 -0.003243239753292
2.538795616453571 -0.003223872720467
2.541850091034229 -0.003204618003227
2.544904565614885 -0.003185474976629
2.547959040195543 -0.003166443018998
2.551013514776200 -0.003147521511911
2.554067989356858 -0.003128709840179
2.557122463937514 -0.003110007391833
2.560176938518172 -0.003091413558111
2.563231413098828 -0.003072927733441
2.566285887679486 -0.003054549315424
2.569340362260142 -0.003036277704824
2.572394836840800 -0.003018112305546
2.575449311421456 -0.003000052524630
2.578503786002114 -0.002982097772229
2.581558260582771 -0.002964247461594
2.584612735163427 -0.002946501009066
2.587667209744085 -0.002928857834055
2.590721684324741 -0.002911317359028
2.593776158905399 -0.002893879009493
2.596830633486055 -0.002876542213986
2.599885108066713 -0.002859306404056
2.602939582647370 -0.002842171014251
2.605994057228028 -0.002825135482102
2.609048531808684 -0.002808199248111
2.612103006389342 -0.002791361755736
2.615157480969998 -0.002774622451375
2.618211955550656 -0.002757980784354
2.621266430131312 -0.002741436206914
2.624320904711970 -0.002724988174193
2.627375379292626 -0.002708636144216
2.630429853873284 -0.002692379577879
2.633484328453941 -0.002676217938935
2.636538803034599 -0.002660150693983
2.639593277615255 -0.002644177312449
2.642647752195913 -0.002628297266579
2.645702226776569 -0.002612510031419
2.648756701357227 -0.002596815084806
2.651811175937883 -0.002581211907353
2.654865650518541 -0.002565699982434
2.657920125099198 -0.002550278796174
2.660974599679856 -0.002534947837431
2.664029074260512 -0.002519706597788
2.667083548841170 -0.002504554571536
2.670138023421826 -0.002489491255662
2.673192498002484 -0.002474516149835
2.676246972583140 -0.002459628756396
2.679301447163798 -0.002444828580341
2.682355921744454 -0.002430115129309
2.685410396325112 -0.002415487913572
2.688464870905769 -0.002400946446019
2.691519345486427 -0.002386490242144
2.694573820067083 -0.002372118820035
2.697628294647741 -0.002357831700356
2.700682769228397 -0.002343628406343
2.703737243809055 -0.002329508463783
2.706791718389711 -0.002315471401007
2.709846192970369 -0.002301516748873
2.712900667551025 -0.002287644040760
2.715955142131683 -0.002273852812547
2.719009616712340 -0.002260142602609
2.722064091292998 -0.002246512951799
2.725118565873654 -0.002232963403439
2.728173040454310 -0.002219493503306
2.731227515034968 -0.002206102799621
2.734281989615624 -0.002192790843036
2.737336464196282 -0.002179557186622
2.740390938776939 -0.002166401385859
2.743445413357597 -0.002153322998620
2.746499887938253 -0.002140321585165
2.749554362518911 -0.002127396708122
2.752608837099567 -0.002114547932482
2.755663311680225 -0.002101774825583
2.758717786260881 -0.002089076957099
2.761772260841539 -0.002076453899031
2.764826735422195 -0.002063905225693
2.767881210002853 -0.002051430513698
2.770935684583510 -0.002039029341954
2.773990159164168 -0.002026701291644
2.777044633744824 -0.002014445946221
2.780099108325482 -0.002002262891394
2.783153582906138 -0.001990151715115
2.786208057486796 -0.001978112007574
2.789262532067452 -0.001966143361179
2.792317006648110 -0.001954245370552
2.795371481228766 -0.001942417632515
2.798425955809424 -0.001930659746079
2.801480430390081 -0.001918971312435
2.804534904970739 -0.001907351934938
2.807589379551395 -0.001895801219103
2.810643854132053 -0.001884318772589
2.813698328712709 -0.001872904205189
2.816752803293367 -0.001861557128823
2.819807277874023 -0.001850277157522
2.822861752454681 -0.001839063907420
2.825916227035338 -0.001827916996744
2.828970701615996 -0.001816836045802
2.832025176196652 -0.001805820676974
2.835079650777310 -0.001794870514698
2.838134125357966 -0.001783985185466
2.841188599938624 -0.001773164317807
2.844243074519280 -0.001762407542281
2.847297549099938 -0.001751714491465
2.850352023680594 -0.001741084799948
2.853406498261252 -0.001730518104314
2.856460972841909 -0.001720014043140
2.859515447422567 -0.001709572256978
2.862569922003223 -0.001699192388349
2.865624396583881 -0.001688874081734
2.868678871164537 -0.001678616983561
2.871733345745195 -0.001668420742197
2.874787820325851 -0.001658285007937
2.877842294906507 -0.001648209432995
2.880896769487165 -0.001638193671496
2.883951244067822 -0.001628237379460
2.887005718648480 -0.001618340214800
2.890060193229136 -0.001608501837308
2.893114667809794 -0.001598721908647
2.896169142390450 -0.001589000092337
2.899223616971108 -0.001579336053754
2.902278091551764 -0.001569729460113
2.905332566132422 -0.001560179980462
2.908387040713079 -0.001550687285670
2.911441515293737 -0.001541251048422
2.914495989874393 -0.001531870943205
2.917550464455051 -0.001522546646303
2.920604939035707 -0.001513277835783
2.923659413616365 -0.001504064191491
2.926713888197021 -0.001494905395038
2.929768362777679 -0.001485801129795
2.932822837358335 -0.001476751080880
2.935877311938993 -0.001467754935154
2.938931786519650 -0.001458812381205
2.941986261100308 -0.001449923109348
2.945040735680964 -0.001441086811606
2.948095210261622 -0.001432303181711
2.951149684842278 -0.001423571915088
2.954204159422936 -0.001414892708849
2.957258634003592 -0.001406265261784
2.960313108584250 -0.001397689274353
2.963367583164906 -0.001389164448676
2.966422057745564 -0.001380690488526
2.969476532326221 -0.001372267099318
2.972531006906879 -0.001363893988103
2.975585481487535 -0.001355570863558
2.978639956068193 -0.001347297435978
2.981694430648849 -0.001339073417268
2.984748905229507 -0.001330898520934
2.987803379810163 -0.001322772462074
2.990857854390821 -0.001314694957371
2.993912328971478 -0.001306665725084
2.996966803552136 -0.001298684485042
3.000021278132792 -0.001290750958631
3.003075752713450 -0.001282864868789
3.006130227294106 -0.001275025940001
3.009184701874764 -0.001267233898283
3.012239176455420 -0.001259488471181
3.015293651036078 -0.001251789387760
3.018348125616734 -0.001244136378597
3.021402600197391 -0.001236529175770
3.024457074778049 -0.001228967512858
3.027511549358705 -0.001221451124921
3.030566023939363 -0.001213979748506
3.033620498520019 -0.001206553121626
3.036674973100677 -0.001199170983763
3.039729447681333 -0.001191833075855
3.042783922261991 -0.001184539140286
3.045838396842647 -0.001177288920887
3.048892871423305 -0.001170082162917
3.051947346003962 -0.001162918613067
3.055001820584620 -0.001155798019442
3.058056295165276 -0.001148720131562
3.061110769745934 -0.001141684700349
3.064165244326590 -0.001134691478122
3.067219718907248 -0.001127740218590
3.070274193487904 -0.001120830676842
3.073328668068562 -0.001113962609344
3.076383142649219 -0.001107135773926
3.079437617229877 -0.001100349929782
3.082492091810533 -0.001093604837454
3.085546566391191 -0.001086900258835
3.088601040971847 -0.001080235957151
3.091655515552505 -0.001073611696965
3.094709990133161 -0.001067027244159
3.097764464713819 -0.001060482365936
3.100818939294475 -0.001053976830808
3.103873413875133 -0.001047510408591
3.106927888455790 -0.001041082870396
3.109982363036448 -0.001034693988624
3.113036837617104 -0.001028343536960
3.116091312197762 -0.001022031290364
3.119145786778418 -0.001015757025064
3.122200261359076 -0.001009520518552
3.125254735939732 -0.001003321549574
3.128309210520390 -0.000997159898126
3.131363685101046 -0.000991035345446
3.134418159681704 -0.000984947674007
3.137472634262361 -0.000978896667511
3.140527108843019 -0.000972882110883
3.143581583423675 -0.000966903790263
3.146636058004333 -0.000960961493001
3.149690532584989 -0.000955055007649
3.152745007165647 -0.000949184123958
3.155799481746303 -0.000943348632865
3.158853956326961 -0.000937548326494
3.161908430907618 -0.000931782998144
3.164962905488274 -0.000926052442287
3.168017380068932 -0.000920356454558
3.171071854649588 -0.000914694831751
3.174126329230246 -0.000909067371813
3.177180803810902 -0.000903473873836
3.180235278391560 -0.000897914138052
3.183289752972216 -0.000892387965827
3.186344227552874 -0.000886895159655
3.189398702133531 -0.000881435523150
3.192453176714189 -0.000876008861044
3.195507651294845 -0.000870614979176
3.198562125875503 -0.000865253684491
3.201616600456159 -0.000859924785028
3.204671075036817 -0.000854628089922
3.207725549617473 -0.000849363409391
3.210780024198131 -0.000844130554732
3.213834498778787 -0.000838929338320
3.216888973359445 -0.000833759573594
3.219943447940102 -0.000828621075058
3.222997922520760 -0.000823513658272
3.226052397101416 -0.000818437139847
3.229106871682074 -0.000813391337439
3.232161346262730 -0.000808376069744
3.235215820843388 -0.000803391156492
3.238270295424044 -0.000798436418442
3.241324770004702 -0.000793511677375
3.244379244585359 -0.000788616756088
3.247433719166017 -0.000783751478394
3.250488193746673 -0.000778915669107
3.253542668327331 -0.000774109154046
3.256597142907987 -0.000769331760022
3.259651617488645 -0.000764583314840
3.262706092069301 -0.000759863647285
3.265760566649959 -0.000755172587124
3.268815041230615 -0.000750509965098
3.271869515811273 -0.000745875612915
3.274923990391930 -0.000741269363248
3.277978464972588 -0.000736691049726
3.281032939553244 -0.000732140506933
3.284087414133902 -0.000727617570398
3.287141888714558 -0.000723122076596
3.290196363295216 -0.000718653862936
3.293250837875872 -0.000714212767761
3.296305312456530 -0.000709798630340
3.299359787037186 -0.000705411290865
3.302414261617844 -0.000701050590445
3.305468736198501 -0.000696716371099
3.308523210779159 -0.000692408475756
3.311577685359815 -0.000688126748245
3.314632159940471 -0.000683871033292
3.317686634521129 -0.000679641176516
3.320741109101785 -0.000675437024422
3.323795583682443 -0.000671258424400
3.326850058263100 -0.000667105224714
3.329904532843758 -0.000662977274503
3.332959007424414 -0.000658874423775
3.336013482005072 -0.000654796523397
3.339067956585728 -0.000650743425099
3.342122431166386 -0.000646714981462
3.345176905747042 -0.000642711045917
3.348231380327700 -0.000638731472739
3.351285854908356 -0.000634776117042
3.354340329489014 -0.000630844834776
3.357394804069671 -0.000626937482722
3.360449278650329 -0.000623053918486
3.363503753230985 -0.000619194000495
3.366558227811643 -0.000615357587994
3.369612702392299 -0.000611544541039
3.372667176972957 -0.000607754720495
3.375721651553613 -0.000603987988028
3.378776126134271 -0.000600244206108
3.381830600714927 -0.000596523237993
3.384885075295585 -0.000592824947736
3.387939549876242 -0.000589149200174
3.390994024456900 -0.000585495860925
3.394048499037556 -0.000581864796384
3.397102973618214 -0.000578255873721
3.400157448198870 -0.000574668960872
3.403211922779528 -0.000571103926538
3.406266397360184 -0.000567560640181
3.409320871940842 -0.000564038972016
3.412375346521499 -0.000560538793013
3.415429821102157 -0.000557059974887
3.418484295682813 -0.000553602390099
3.421538770263471 -0.000550165911845
3.424593244844127 -0.000546750414061
3.427647719424785 -0.000543355771409
3.430702194005441 -0.000539981859282
3.433756668586099 -0.000536628553794
3.436811143166755 -0.000533295731777
3.439865617747413 -0.000529983270781
3.442920092328070 -0.000526691049063
3.445974566908728 -0.000523418945589
3.449029041489384 -0.000520166840028
3.452083516070042 -0.000516934612748
3.455137990650698 -0.000513722144812
3.458192465231354 -0.000510529317974
3.461246939812012 -0.000507356014676
3.464301414392668 -0.000504202118043
3.467355888973326 -0.000501067511880
3.470410363553983 -0.000497952080669
3.473464838134641 -0.000494855709562
3.476519312715297 -0.000491778284381
3.479573787295955 -0.000488719691614
3.482628261876611 -0.000485679818407
3.485682736457269 -0.000482658552565
3.488737211037925 -0.000479655782548
3.491791685618583 -0.000476671397462
3.494846160199240 -0.000473705287064
3.497900634779898 -0.000470757341751
3.500955109360554 -0.000467827452559
3.504009583941212 -0.000464915511161
3.507064058521868 -0.000462021409861
3.510118533102526 -0.000459145041592
3.513173007683182 -0.000456286299911
3.516227482263840 -0.000453445078997
3.519281956844496 -0.000450621273648
3.522336431425154 -0.000447814779274
3.525390906005811 -0.000445025491898
3.528445380586469 -0.000442253308150
3.531499855167125 -0.000439498125263
3.534554329747783 -0.000436759841074
3.537608804328439 -0.000434038354015
3.540663278909097 -0.000431333563110
3.543717753489753 -0.000428645367978
3.546772228070411 -0.000425973668823
3.549826702651067 -0.000423318366433
3.552881177231725 -0.000420679362177
3.555935651812382 -0.000418056558003
3.558990126393040 -0.000415449856430
3.562044600973696 -0.000412859160550
3.565099075554354 -0.000410284374024
3.568153550135010 -0.000407725401075
3.571208024715668 -0.000405182146488
3.574262499296324 -0.000402654515609
3.577316973876982 -0.000400142414335
3.580371448457639 -0.000397645749118
3.583425923038297 -0.000395164426956
3.586480397618953 -0.000392698355395
3.589534872199611 -0.000390247442524
3.592589346780267 -0.000387811596969
3.595643821360925 -0.000385390727895
3.598698295941581 -0.000382984744999
3.601752770522237 -0.000380593558508
3.604807245102895 -0.000378217079179
3.607861719683552 -0.000375855218291
3.610916194264210 -0.000373507887645
3.613970668844866 -0.000371174999561
3.617025143425524 -0.000368856466875
3.620079618006180 -0.000366552202934
3.623134092586838 -0.000364262121596
3.626188567167494 -0.000361986137226
3.629243041748152 -0.000359724164693
3.632297516328808 -0.000357476119366
3.635351990909466 -0.000355241917113
3.638406465490123 -0.000353021474299
3.641460940070781 -0.000350814707778
3.644515414651437 -0.000348621534897
3.647569889232095 -0.000346441873490
3.650624363812751 -0.000344275641872
3.653678838393409 -0.000342122758844
3.656733312974065 -0.000339983143683
3.659787787554723 -0.000337856716142
3.662842262135380 -0.000335743396448
3.665896736716038 -0.000333643105299
3.668951211296694 -0.000331555763861
3.672005685877352 -0.000329481293764
3.675060160458008 -0.000327419617103
3.678114635038666 -0.000325370656429
3.681169109619322 -0.000323334334756
3.684223584199980 -0.000321310575548
3.687278058780636 -0.000319299302723
3.690332533361294 -0.000317300440648
3.693387007941951 -0.000315313914139
3.696441482522609 -0.000313339648453
3.699495957103265 -0.000311377569293
3.702550431683923 -0.000309427602799
3.705604906264579 -0.000307489675547
3.708659380845237 -0.000305563714549
3.711713855425893 -0.000303649647249
3.714768330006551 -0.000301747401520
3.717822804587207 -0.000299856905662
3.720877279167865 -0.000297978088399
3.723931753748522 -0.000296110878878
3.726986228329180 -0.000294255206665
3.730040702909836 -0.000292411001744
3.733095177490494 -0.000290578194513
3.736149652071150 -0.000288756715784
3.739204126651808 -0.000286946496777
3.742258601232464 -0.000285147469122
3.745313075813121 -0.000283359564853
3.748367550393779 -0.000281582716407
3.751422024974435 -0.000279816856622
3.754476499555093 -0.000278061918737
3.757530974135749 -0.000276317836383
3.760585448716407 -0.000274584543588
3.763639923297063 -0.000272861974770
3.766694397877721 -0.000271150064738
3.769748872458377 -0.000269448748687
3.772803347039035 -0.000267757962197
3.775857821619692 -0.000266077641231
3.778912296200350 -0.000264407722134
3.781966770781006 -0.000262748141626
3.785021245361664 -0.000261098836807
3.788075719942320 -0.000259459745147
3.791130194522978 -0.000257830804492
3.794184669103634 -0.000256211953055
3.797239143684292 -0.000254603129417
3.800293618264948 -0.000253004272525
3.803348092845606 -0.000251415321690
3.806402567426263 -0.000249836216582
3.809457042006921 -0.000248266897232
3.812511516587577 -0.000246707304028
3.815565991168235 -0.000245157377713
3.818620465748891 -0.000243617059382
3.821674940329549 -0.000242086290481
3.824729414910205 -0.000240565012808
3.827783889490863 -0.000239053168503
3.830838364071520 -0.000237550700055
3.833892838652178 -0.000236057550294
3.836947313232834 -0.000234573662390
3.840001787813492 -0.000233098979855
3.843056262394148 -0.000231633446535
3.846110736974806 -0.000230177006613
3.849165211555462 -0.000228729604604
3.852219686136120 -0.000227291185354
3.855274160716776 -0.000225861694040
3.858328635297434 -0.000224441076164
3.861383109878091 -0.000223029277555
3.864437584458749 -0.000221626244365
3.867492059039405 -0.000220231923067
3.870546533620063 -0.000218846260457
3.873601008200719 -0.000217469203644
3.876655482781377 -0.000216100700058
3.879709957362033 -0.000214740697439
3.882764431942691 -0.000213389143843
3.885818906523347 -0.000212045987635
3.888873381104005 -0.000210711177488
3.891927855684662 -0.000209384662384
3.894982330265318 -0.000208066391609
3.898036804845976 -0.000206756314753
3.901091279426632 -0.000205454381707
3.904145754007290 -0.000204160542664
3.907200228587946 -0.000202874748112
3.910254703168604 -0.000201596948837
3.913309177749261 -0.000200327095922
3.916363652329919 -0.000199065140740
3.919418126910575 -0.000197811034957
3.922472601491233 -0.000196564730527
3.925527076071889 -0.000195326179694
3.928581550652547 -0.000194095334987
3.931636025233203 -0.000192872149221
3.934690499813861 -0.000191656575491
3.937744974394517 -0.000190448567176
3.940799448975175 -0.000189248077935
3.943853923555832 -0.000188055061703
3.946908398136490 -0.000186869472692
3.949962872717146 -0.000185691265390
3.953017347297804 -0.000184520394557
3.956071821878460 -0.000183356815226
3.959126296459118 -0.000182200482697
3.962180771039774 -0.000181051352543
3.965235245620432 -0.000179909380599
3.968289720201088 -0.000178774522969
3.971344194781746 -0.000177646736019
3.974398669362403 -0.000176525976378
3.977453143943061 -0.000175412200936
3.980507618523717 -0.000174305366840
3.983562093104375 -0.000173205431497
3.986616567685031 -0.000172112352569
3.989671042265689 -0.000171026087973
3.992725516846345 -0.000169946595880
3.995779991427003 -0.000168873834711
3.998834466007660 -0.000167807763138
4.001888940588318 -0.000166748340082
4.004943415168974 -0.000165695524711
4.007997889749632 -0.000164649276438
4.011052364330288 -0.000163609554923
4.014106838910946 -0.000162576320065
4.017161313491602 -0.000161549532009
4.020215788072260 -0.000160529151136
4.023270262652916 -0.000159515138068
4.026324737233574 -0.000158507453665
4.029379211814231 -0.000157506059020
4.032433686394889 -0.000156510915463
4.035488160975545 -0.000155521984557
4.038542635556201 -0.000154539228095
4.041597110136859 -0.000153562608103
4.044651584717515 -0.000152592086833
4.047706059298173 -0.000151627626768
4.050760533878830 -0.000150669190615
4.053815008459488 -0.000149716741307
4.056869483040144 -0.000148770242000
4.059923957620802 -0.000147829656074
4.062978432201458 -0.000146894947128
4.066032906782116 -0.000145966078982
4.069087381362772 -0.000145043015676
4.072141855943430 -0.000144125721464
4.075196330524086 -0.000143214160817
4.078250805104744 -0.000142308298423
4.081305279685401 -0.000141408099180
4.084359754266059 -0.000140513528201
4.087414228846715 -0.000139624550808
4.090468703427373 -0.000138741132533
4.093523178008029 -0.000137863239117
4.096577652588687 -0.000136990836509
4.099632127169343 -0.000136123890861
4.102686601750001 -0.000135262368533
4.105741076330657 -0.000134406236087
4.108795550911315 -0.000133555460287
4.111850025491972 -0.000132710008099
4.114904500072630 -0.000131869846689
4.117958974653286 -0.000131034943421
4.121013449233944 -0.000130205265857
4.124067923814600 -0.000129380781755
4.127122398395258 -0.000128561459070
4.130176872975914 -0.000127747265949
4.133231347556572 -0.000126938170734
4.136285822137229 -0.000126134141956
4.139340296717887 -0.000125335148339
4.142394771298543 -0.000124541158797
4.145449245879201 -0.000123752142430
4.148503720459857 -0.000122968068528
4.151558195040515 -0.000122188906565
4.154612669621171 -0.000121414626202
4.157667144201829 -0.000120645197282
4.160721618782485 -0.000119880589833
4.163776093363143 -0.000119120774065
4.166830567943800 -0.000118365720365
4.169885042524458 -0.000117615399305
4.172939517105114 -0.000116869781632
4.175993991685772 -0.000116128838272
4.179048466266428 -0.000115392540327
4.182102940847084 -0.000114660859075
4.185157415427742 -0.000113933765968
4.188211890008398 -0.000113211232631
4.191266364589056 -0.000112493230863
4.194320839169713 -0.000111779732633
4.197375313750371 -0.000111070710080
4.200429788331027 -0.000110366135514
4.203484262911685 -0.000109665981411
4.206538737492341 -0.000108970220418
4.209593212072999 -0.000108278825344
4.212647686653655 -0.000107591769165
4.215702161234313 -0.000106909025023
4.218756635814970 -0.000106230566222
4.221811110395628 -0.000105556366228
4.224865584976284 -0.000104886398669
4.227920059556942 -0.000104220637334
4.230974534137598 -0.000103559056170
4.234029008718256 -0.000102901629284
4.237083483298912 -0.000102248330940
4.240137957879570 -0.000101599135560
4.243192432460226 -0.000100954017720
4.246246907040884 -0.000100312952150
4.249301381621541 -0.000099675913738
4.252355856202199 -0.000099042877521
4.255410330782855 -0.000098413818690
4.258464805363513 -0.000097788712586
4.261519279944169 -0.000097167534702
4.264573754524827 -0.000096550260679
4.267628229105483 -0.000095936866307
4.270682703686141 -0.000095327327524
4.273737178266797 -0.000094721620413
4.276791652847455 -0.000094119721205
4.279846127428112 -0.000093521606275
4.282900602008770 -0.000092927252142
4.285955076589426 -0.000092336635469
4.289009551170084 -0.000091749733061
4.292064025750740 -0.000091166521864
4.295118500331398 -0.000090586978965
4.298172974912054 -0.000090011081591
4.301227449492712 -0.000089438807110
4.304281924073369 -0.000088870133024
4.307336398654027 -0.000088305036976
4.310390873234683 -0.000087743496743
4.313445347815341 -0.000087185490241
4.316499822395997 -0.000086630995517
4.319554296976655 -0.000086079990755
4.322608771557311 -0.000085532454272
4.325663246137969 -0.000084988364516
4.328717720718625 -0.000084447700068
4.331772195299282 -0.000083910439639
4.334826669879940 -0.000083376562072
4.337881144460596 -0.000082846046338
4.340935619041254 -0.000082318871536
4.343990093621910 -0.000081795016893
4.347044568202568 -0.000081274461766
4.350099042783224 -0.000080757185634
4.353153517363882 -0.000080243168104
4.356207991944538 -0.000079732388908
4.359262466525196 -0.000079224827901
4.362316941105853 -0.000078720465062
4.365371415686511 -0.000078219280493
4.368425890267167 -0.000077721254415
4.371480364847825 -0.000077226367174
4.374534839428481 -0.000076734599235
4.377589314009139 -0.000076245931181
4.380643788589795 -0.000075760343715
4.383698263170453 -0.000075277817661
4.386752737751110 -0.000074798333955
4.389807212331768 -0.000074321873655
4.392861686912424 -0.000073848417932
4.395916161493082 -0.000073377948073
4.398970636073738 -0.000072910445481
4.402025110654396 -0.000072445891672
4.405079585235052 -0.000071984268275
4.408134059815710 -0.000071525557032
4.411188534396366 -0.000071069739798
4.414243008977024 -0.000070616798538
4.417297483557681 -0.000070166715327
4.420351958138339 -0.000069719472353
4.423406432718995 -0.000069275051910
4.426460907299653 -0.000068833436402
4.429515381880309 -0.000068394608342
4.432569856460967 -0.000067958550349
4.435624331041623 -0.000067525245150
4.438678805622281 -0.000067094675575
4.441733280202937 -0.000066666824564
4.444787754783595 -0.000066241675158
4.447842229364252 -0.000065819210505
4.450896703944910 -0.000065399413853
4.453951178525566 -0.000064982268557
4.457005653106224 -0.000064567758072
4.460060127686880 -0.000064155865955
4.463114602267538 -0.000063746575863
4.466169076848194 -0.000063339871557
4.469223551428852 -0.000062935736893
4.472278026009509 -0.000062534155830
4.475332500590165 -0.000062135112424
4.478386975170823 -0.000061738590829
4.481441449751479 -0.000061344575298
4.484495924332137 -0.000060953050179
4.487550398912793 -0.000060563999917
4.490604873493451 -0.000060177409053
4.493659348074107 -0.000059793262223
4.496713822654765 -0.000059411544157
4.499768297235422 -0.000059032239680
4.502822771816080 -0.000058655333709
4.505877246396736 -0.000058280811256
4.508931720977394 -0.000057908657423
4.511986195558050 -0.000057538857406
4.515040670138708 -0.000057171396490
4.518095144719364 -0.000056806260051
4.521149619300022 -0.000056443433557
4.524204093880678 -0.000056082902564
4.527258568461336 -0.000055724652716
4.530313043041993 -0.000055368669748
4.533367517622651 -0.000055014939481
4.536421992203307 -0.000054663447825
4.539476466783965 -0.000054314180775
4.542530941364621 -0.000053967124413
4.545585415945279 -0.000053622264908
4.548639890525935 -0.000053279588512
4.551694365106593 -0.000052939081564
4.554748839687250 -0.000052600730487
4.557803314267908 -0.000052264521786
4.560857788848564 -0.000051930442051
4.563912263429222 -0.000051598477954
4.566966738009878 -0.000051268616250
4.570021212590536 -0.000050940843775
4.573075687171192 -0.000050615147445
4.576130161751850 -0.000050291514260
4.579184636332506 -0.000049969931298
4.582239110913164 -0.000049650385716
4.585293585493821 -0.000049332864754
4.588348060074479 -0.000049017355726
4.591402534655135 -0.000048703846028
4.594457009235793 -0.000048392323132
4.597511483816449 -0.000048082774588
4.600565958397107 -0.000047775188023
4.603620432977763 -0.000047469551141
4.606674907558421 -0.000047165851721
4.609729382139077 -0.000046864077618
4.612783856719735 -0.000046564216761
